REGIAO:;N
UF:;AM
ESTACAO:;MANAUS
CODIGO (WMO):;A101
LATITUDE:;-3,10333333
LONGITUDE:;-60,01638888
ALTITUDE:;61,25
DATA DE FUNDACAO:;09/05/00
Data;Hora UTC;PRECIPITAÇÃO TOTAL, HORÁRIO (mm);PRESSAO ATMOSFERICA AO NIVEL DA ESTACAO, HORARIA (mB);PRESSÃO ATMOSFERICA MAX.NA HORA ANT. (AUT) (mB);PRESSÃO ATMOSFERICA MIN. NA HORA ANT. (AUT) (mB);RADIACAO GLOBAL (Kj/m²);TEMPERATURA DO AR - BULBO SECO, HORARIA (°C);TEMPERATURA DO PONTO DE ORVALHO (°C);TEMPERATURA MÁXIMA NA HORA ANT. (AUT) (°C);TEMPERATURA MÍNIMA NA HORA ANT. (AUT) (°C);TEMPERATURA ORVALHO MAX. NA HORA ANT. (AUT) (°C);TEMPERATURA ORVALHO MIN. NA HORA ANT. (AUT) (°C);UMIDADE REL. MAX. NA HORA ANT. (AUT) (%);UMIDADE REL. MIN. NA HORA ANT. (AUT) (%);UMIDADE RELATIVA DO AR, HORARIA (%);VENTO, DIREÇÃO HORARIA (gr) (° (gr));VENTO, RAJADA MAXIMA (m/s);VENTO, VELOCIDADE HORARIA (m/s);
2026/01/01;0000 UTC;0;1005,2;1005,2;1004,8;0;26,6;22,9;27,2;26,6;23,3;22,9;80;78;80;59;5;1,9;
2026/01/01;0100 UTC;0;1006,1;1006,1;1005,1;0;26;22,8;26,6;26;23;22,8;82;80;82;65;3,8;1,2;
2026/01/01;0200 UTC;0;1006,6;1006,6;1006,1;0;26;22,5;26,1;25,9;22,8;22,5;82;81;81;61;3,8;1,6;
2026/01/01;0300 UTC;0;1006,4;1006,7;1006,4;0;25,9;22,5;26;25,8;22,5;22,4;82;81;81;58;3,8;1,7;
2026/01/01;0400 UTC;0;1006,2;1006,5;1006,2;0;25,6;22,7;25,9;25,4;22,7;22,5;85;81;84;78;3,3;,8;
2026/01/01;0500 UTC;0;1005,1;1006,2;1005,1;0;25,1;22,8;25,6;24,7;22,9;22,5;89;84;87;60;1,7;1;
2026/01/01;0600 UTC;0;1004,6;1005,1;1004,6;0;25,2;22,8;25,4;25,1;22,9;22,7;87;85;87;48;2,7;1,4;
2026/01/01;0700 UTC;0;1004,4;1004,6;1004,4;0;25,1;22,8;25,2;25;22,8;22,8;87;86;87;53;2,3;1;
2026/01/01;0800 UTC;0;1004,3;1004,4;1004,1;0;24,7;22,7;25,2;24,7;22,8;22,6;89;86;89;53;2,1;1;
2026/01/01;0900 UTC;0;1004,4;1004,4;1004,2;0;24,1;22,5;24,7;24,1;22,8;22,5;91;89;91;70;1,9;,7;
2026/01/01;1000 UTC;0;1005;1005;1004,4;1,7;23,9;22,5;24,4;23,9;22,7;22,4;92;90;92;78;1,6;,6;
2026/01/01;1100 UTC;0;1005,9;1005,9;1005;196,7;26,2;22,5;26,2;23,9;22,9;22,4;92;80;80;52;1,6;1;
2026/01/01;1200 UTC;0;1006,4;1006,5;1005,9;1102,9;29;23,5;29,3;26,2;24;22,7;82;70;72;38;2,9;1;
2026/01/01;1300 UTC;0;1006,8;1006,8;1006,4;1910;30,2;23,2;30,6;28,7;24,4;22,8;74;65;66;38;5;2,4;
2026/01/01;1400 UTC;0;1006,9;1007;1006,8;2607,7;31,4;23,5;31,8;30,1;24,4;23;68;62;63;68;5,6;2,8;
2026/01/01;1500 UTC;0;1006,5;1006,9;1006,5;2086,7;30,6;23,1;32,1;30,2;24,8;22,8;67;60;64;53;6,3;2,7;
2026/01/01;1600 UTC;0;1005,8;1006,5;1005,8;1794,9;30,7;23,1;32,8;30,1;25;23;68;59;64;56;6;1,8;
2026/01/01;1700 UTC;0;1004,6;1005,9;1004,6;2275,1;31,9;22,8;33,1;29,8;24,6;22,3;70;54;59;60;6,1;2,9;
2026/01/01;1800 UTC;0;1003,1;1004,6;1003,1;2046,1;33,2;23,5;33,6;30,8;24,9;22,4;65;55;57;33;6,1;1,1;
2026/01/01;1900 UTC;0;1002,6;1003,1;1002,4;1597,7;30,8;23,9;33,5;30,6;24,9;22,2;67;55;67;11;6,3;2,1;
2026/01/01;2000 UTC;0;1002,1;1002,6;1002,1;779,9;28,9;24,3;32,1;28,9;24,7;23,3;76;62;76;35;7,4;3,1;
2026/01/01;2100 UTC;0;1002,2;1002,3;1001,9;365,1;27,1;23,3;28,9;27,1;24,2;22,7;80;73;80;44;8;2,5;
2026/01/01;2200 UTC;0;1002,6;1002,7;1002;196,2;27,5;23;28;27,1;23,6;22,9;80;74;77;41;5,7;1,7;
2026/01/01;2300 UTC;0;1002,8;1003;1002,6;2,4;27,1;23,1;27,6;27;23,2;22,8;79;75;79;31;4,2;,7;
2026/01/02;0000 UTC;0;1003,7;1003,7;1002,8;0;27,4;22,9;27,5;27,1;23,1;22,9;79;76;77;52;3,5;1,7;
2026/01/02;0100 UTC;0;1004,2;1004,2;1003,7;0;27,1;23;27,5;27;23;22,8;78;76;78;50;3,9;,9;
2026/01/02;0200 UTC;0;1005,3;1005,3;1004,2;0;26,8;22,7;27,1;26,8;23;22,7;79;77;78;47;4,4;1,3;
2026/01/02;0300 UTC;0;1005,2;1005,5;1005,2;0;26,5;23;26,8;26,1;23,1;22,7;84;78;81;52;2,3;1,3;
2026/01/02;0400 UTC;0;1004,9;1005,4;1004,9;0;26,2;23,1;26,5;25,8;23,2;23;85;81;83;65;2,2;,9;
2026/01/02;0500 UTC;0;1003,7;1004,9;1003,7;0;25,5;23;26,4;25,4;23,2;22,9;87;82;86;57;2,4;,6;
2026/01/02;0600 UTC;0;1003,4;1003,7;1003,4;0;24,9;23;25,5;24,9;23,1;23;89;86;89;78;1,9;,7;
2026/01/02;0700 UTC;0;1003,1;1003,5;1003,1;0;24,4;22,9;24,9;24,4;22,9;22,6;91;89;91;121;1,9;,2;
2026/01/02;0800 UTC;0;1003,2;1003,2;1002,9;0;24,1;22,9;24,4;24,1;22,9;22,6;93;91;93;353;1;,1;
2026/01/02;0900 UTC;0;1003,5;1003,5;1003,1;0;23,8;22,9;24,1;23,8;23;22,7;94;93;94;313;,8;,1;
2026/01/02;1000 UTC;0;1004,1;1004,1;1003,5;2,2;23,7;22,8;23,8;23,6;22,9;22,7;95;94;95;331;,6;,3;
2026/01/02;1100 UTC;0;1004,9;1004,9;1004,1;169,7;26,1;23,5;26,1;23,6;24,1;22,7;95;86;86;24;,7;,2;
2026/01/02;1200 UTC;0;1005,6;1005,6;1004,9;929,4;28,8;23,8;29,8;26,1;24,6;23,1;88;70;74;46;1,7;1,1;
2026/01/02;1300 UTC;0;1005,9;1006;1005,6;1871;31,1;24,1;31,8;28,8;25,3;23,4;74;64;67;65;2,9;1,8;
2026/01/02;1400 UTC;0;1005,7;1006;1005,7;2427,6;31,9;23,3;32,6;30,3;25,5;23;70;58;60;29;4,8;1,6;
2026/01/02;1500 UTC;0;1005,3;1005,7;1005,3;2197,8;31,9;23,1;32,6;31;24,4;22;65;55;60;45;5,1;2,4;
2026/01/02;1600 UTC;0;1004,7;1005,3;1004,7;2970,6;33,1;22,4;33,6;31,9;23,7;21,9;60;52;53;63;5,1;1,7;
2026/01/02;1700 UTC;0;1003,4;1004,8;1003,4;2330,3;34,1;24,3;34,1;31,7;25,4;21,9;63;51;57;245;4,3;,8;
2026/01/02;1800 UTC;0;1002,1;1003,4;1002,1;1799,8;34,3;23,9;34,3;31,7;24,9;22,5;65;52;55;299;4;,7;
2026/01/02;1900 UTC;0;1000,8;1002,1;1000,8;1973,2;33,1;23,1;34,3;32,7;24,5;21,7;59;50;56;100;4,6;,9;
2026/01/02;2000 UTC;0;1000,3;1000,8;1000,2;433,6;31,2;23,2;33,8;31,2;23,9;21,3;63;50;63;324;3,1;,9;
2026/01/02;2100 UTC;0;1000;1000,4;1000;255,4;31,9;23,6;32,4;31,2;23,8;22,6;63;57;61;286;2,7;,7;
2026/01/02;2200 UTC;0;1000,2;1000,3;999,9;236,2;30,4;23,5;32,3;30,3;24;22,8;69;57;67;81;5,9;1,7;
2026/01/02;2300 UTC;0;1001,1;1001,1;1000,1;5,5;29,4;23,8;30,4;29,4;23,9;23,4;72;67;72;276;3,6;,4;
2026/01/03;0000 UTC;0;1002,4;1002,4;1001,1;0;29,4;23,5;30,2;29,4;24,5;23,5;73;69;71;267;2,8;,6;
2026/01/03;0100 UTC;0;1003,3;1003,3;1002,4;0;27,7;23,3;29,4;27,7;23,7;23;79;70;77;19;1,5;,4;
2026/01/03;0200 UTC;0;1003,6;1003,6;1003,3;0;27,3;23,4;27,8;27,3;23,7;23,1;80;76;79;47;1,3;,7;
2026/01/03;0300 UTC;0;1003,9;1003,9;1003,6;0;26,7;23,8;27,3;26,7;23,9;23,3;84;79;84;10;1,2;,3;
2026/01/03;0400 UTC;0;1004,2;1004,3;1003,9;0;26,8;23,7;27,5;26,7;24,1;23,5;85;80;83;77;1,5;,3;
2026/01/03;0500 UTC;0;1003,8;1004,2;1003,8;0;27,5;24,2;27,5;26,7;24,2;23,4;85;80;82;120;1,8;,9;
2026/01/03;0600 UTC;0;1003,3;1003,8;1003,2;0;26,5;24,7;27,8;26,5;24,9;24,3;90;81;90;109;1,9;,3;
2026/01/03;0700 UTC;0;1002,7;1003,3;1002,7;0;26,4;24,3;26,7;26,4;24,7;23,8;90;84;88;52;1,5;,4;
2026/01/03;0800 UTC;0;1002,9;1002,9;1002,7;0;25,8;24,4;26,4;25,7;24,5;24,1;92;88;92;46;1,1;,8;
2026/01/03;0900 UTC;0;1003,6;1003,6;1002,9;0;25,5;24,3;25,8;25,4;24,4;24,2;93;91;93;175;1,1;,1;
2026/01/03;1000 UTC;0;1004,2;1004,2;1003,6;1,2;25,4;24,1;25,7;25,3;24,3;24;93;92;93;52;1,1;,5;
2026/01/03;1100 UTC;0;1005,3;1005,3;1004,2;151,5;27,1;24,5;27,1;25,4;24,5;24;93;86;86;44;1,7;1,1;
2026/01/03;1200 UTC;0;1006,1;1006,1;1005,3;658,7;29,5;23,7;29,6;27,1;25,3;23,5;86;70;71;37;2,4;,9;
2026/01/03;1300 UTC;0;1006,6;1006,6;1006,1;1620;31,4;23,9;32,2;29,5;25,2;22,9;74;60;65;81;3;1,1;
2026/01/03;1400 UTC;0;1006,5;1006,7;1006,5;2155;33;23,7;33,8;31;25,2;23,1;68;56;58;17;3,4;1;
2026/01/03;1500 UTC;0;1005,8;1006,5;1005,8;2070,8;31,8;24,7;33,9;31,6;25,1;22,4;67;54;66;266;4,2;1,2;
2026/01/03;1600 UTC;5,8;1005,7;1006,2;1005,5;893,9;26;23,1;32,5;25,7;25,1;22,8;88;61;84;119;4,8;,8;
2026/01/03;1700 UTC;,6;1004;1005,7;1004;1763,7;31,5;23,3;31,5;26;25,7;22,5;91;62;62;106;3,2;,6;
2026/01/03;1800 UTC;0;1002,9;1003,9;1002,8;2856,4;33,6;24,1;33,7;30,6;26,3;23;74;56;58;264;4,1;1,4;
2026/01/03;1900 UTC;,4;1002,9;1003,3;1002,7;506,4;25,7;23,1;33,6;25,6;24,3;22,7;87;56;85;333;9,6;,7;
2026/01/03;2000 UTC;0;1002;1002,9;1001,9;252,6;27;23,8;27;25,5;24;22,9;89;82;83;64;4,5;1,8;
2026/01/03;2100 UTC;0;1001,9;1002,4;1001,9;385,2;27,6;23,1;27,7;27;24,3;23,1;83;76;76;50;4,1;1,7;
2026/01/03;2200 UTC;0;1001,4;1002;1001,4;183,6;27;23,5;27,6;27;24;23,1;82;76;81;30;3,1;,7;
2026/01/03;2300 UTC;0;1001,8;1001,8;1001,1;5,7;26,7;23,3;27,2;26,5;23,6;23;84;78;82;70;2,8;,6;
2026/01/04;0000 UTC;0;1002,9;1002,9;1001,7;0;27;22,9;27,2;26,3;23,6;22,7;85;77;78;45;2,5;1,1;
2026/01/04;0100 UTC;0;1004;1004;1002,9;0;27,2;23,1;27,3;26,7;23,2;22,9;81;77;78;90;2,3;,7;
2026/01/04;0200 UTC;0;1004,8;1004,8;1004;0;27,2;23,4;27,4;26,9;23,4;23;80;78;80;137;2,7;1;
2026/01/04;0300 UTC;0;1005;1005,1;1004,8;0;26,3;23,8;27,3;26,1;24;23,4;88;79;86;92;2,2;,6;
2026/01/04;0400 UTC;0;1004,5;1005;1004,5;0;26;24;26,8;25,9;24,1;23,7;89;85;89;42;1,6;,5;
2026/01/04;0500 UTC;0;1003,9;1004,5;1003,9;0;26,6;24,4;26,8;25,6;24,4;23,8;91;86;88;91;1,7;,7;
2026/01/04;0600 UTC;0;1003,3;1003,9;1003,3;0;26,6;24,4;26,7;26,5;24,7;24,3;89;88;88;87;2,7;1;
2026/01/04;0700 UTC;0;1002,5;1003,3;1002,5;0;26,5;24,8;26,6;26,3;24,8;24,4;91;88;91;77;2,3;1,3;
2026/01/04;0800 UTC;0;1002,4;1002,5;1002,3;0;26,1;24,8;26,5;26,1;24,9;24,8;93;91;93;77;3,2;1;
2026/01/04;0900 UTC;0;1002,8;1002,8;1002,4;0;26,2;25,1;26,2;26;25,1;24,8;94;93;94;67;2,8;1,7;
2026/01/04;1000 UTC;0;1003,9;1003,9;1002,8;,9;26,1;25;26,2;25,9;25,2;25;95;93;93;105;3;1,2;
2026/01/04;1100 UTC;0;1004,9;1004,9;1003,9;240,4;27,1;24,5;27,2;26;24,9;24,3;93;85;86;93;3,2;1;
2026/01/04;1200 UTC;0;1005,5;1005,6;1004,9;573,2;27,5;25;27,8;27;25;24,4;87;82;87;53;3,5;1,1;
2026/01/04;1300 UTC;0;1006,2;1006,2;1005,5;611;28,3;24,8;28,6;27,5;25,6;24,5;87;80;81;44;2,9;1,6;
2026/01/04;1400 UTC;0;1006,3;1006,4;1006,2;1266,9;30,4;24,9;30,4;28,3;25,2;24,1;82;70;73;36;3,7;,8;
2026/01/04;1500 UTC;0;1005,6;1006,3;1005,6;1528,2;30,3;23,9;30,9;29,8;25,3;23,6;75;66;69;31;4,5;1,7;
2026/01/04;1600 UTC;0;1004,7;1005,6;1004,7;1527,6;30,6;24,4;31,2;30,3;25,2;23,6;73;64;70;48;5,4;1,3;
2026/01/04;1700 UTC;0;1003,1;1004,7;1003,1;1204,5;31,2;24,4;31,2;30,1;25,1;23,3;73;66;67;40;5,1;1,9;
2026/01/04;1800 UTC;0;1001,5;1003,1;1001,5;2548,4;32,7;24;33,5;31,2;25,7;23,3;71;58;60;17;4,8;1,7;
2026/01/04;1900 UTC;0;1000,7;1001,5;1000,7;2383,7;34;24,3;34,1;32,3;24,5;22,2;61;52;57;13;5,8;,9;
2026/01/04;2000 UTC;0;1001,4;1001,4;1000,7;553;31,5;23,7;34,1;31,3;24,2;22,2;66;52;63;219;3,7;1,2;
2026/01/04;2100 UTC;0;1002;1002;1001,4;214,3;30,2;24,8;31,6;29,9;24,8;23,4;73;63;73;198;4,9;1,4;
2026/01/04;2200 UTC;0;1002,5;1002,5;1002;119,9;30,2;24,3;30,3;30;24,8;23,9;73;69;71;215;3,8;1;
2026/01/04;2300 UTC;;;;;;;;;;;;;;;;;;
2026/01/05;0000 UTC;;;;;;;;;;;;;;;;;;
2026/01/05;0100 UTC;0;1005,1;1005,1;1004,7;,4;24,3;22,6;24,6;24;23;22,5;92;89;90;112;5,7;,9;
2026/01/05;0200 UTC;0;1005,2;1005,2;1004,9;3,6;24,2;22,6;24,7;24,1;22,6;21,1;91;82;91;105;5,5;1,7;
2026/01/05;0300 UTC;;;;;;;;;;;;;;;;;;
2026/01/05;0400 UTC;0;1004,6;1005,3;1004,6;0;24,3;22,6;24,6;24,3;22,9;22,6;91;90;90;148;4,2;,9;
2026/01/05;0500 UTC;0;1004,4;1004,6;1004,3;0;24,2;22,7;24,4;24,2;22,8;22,6;92;90;92;106;2,4;,5;
2026/01/05;0600 UTC;0;1004,2;1004,4;1004,2;0;24,1;22,8;24,3;24;22,8;22,7;93;91;92;183;1,6;,2;
2026/01/05;0700 UTC;0;1003,8;1004,2;1003,8;0;24,2;23,2;24,3;23,9;23,3;22,8;95;92;94;123;1,8;,5;
2026/01/05;0800 UTC;0;1003,5;1003,8;1003,4;0;24,4;23;24,6;24,1;23,3;22,9;95;91;92;97;2,5;,3;
2026/01/05;0900 UTC;0;1003,7;1003,7;1003,5;0;24,4;22,7;24,7;24,3;23;22,7;92;90;91;130;3,2;1;
2026/01/05;1000 UTC;0;1004,4;1004,4;1003,7;,4;24,1;22,6;24,4;24,1;22,8;22,6;92;91;91;95;3,5;,8;
2026/01/05;1100 UTC;0;1005,3;1005,3;1004,4;113;24,4;22,7;24,4;24,1;22,8;22,5;91;90;90;119;3,3;1,3;
2026/01/05;1200 UTC;0;1006,1;1006,1;1005,3;380,1;25;22,7;25,1;24,4;22,9;22,4;91;86;87;125;3,9;1,5;
2026/01/05;1300 UTC;0;1006,5;1006,5;1006,1;748,3;25,8;23;25,8;25;23,2;22,5;87;84;84;94;4,7;2;
2026/01/05;1400 UTC;0;1006,7;1006,8;1006,5;2286,2;28;23,5;28,5;25,8;24,1;22,7;85;75;76;77;4,9;1,9;
2026/01/05;1500 UTC;0;1006,1;1006,7;1006,1;3108,3;30,2;24,2;30,2;27,7;24,8;23;78;69;71;104;3,8;1,9;
2026/01/05;1600 UTC;0;1005,4;1006,1;1005,4;3060;30,2;24;31;29,2;25,3;23,3;78;67;69;55;5,4;2,2;
2026/01/05;1700 UTC;0;1003,9;1005,4;1003,9;2812,2;31,1;25,2;31,9;30,2;25,4;23,6;72;65;71;62;5;2,1;
2026/01/05;1800 UTC;0;1002,3;1003,9;1002,3;1688,9;31;23,5;32,3;30,7;25,3;23,5;70;63;65;62;5,4;2;
2026/01/05;1900 UTC;0;1001,3;1002,3;1001,2;857,3;29,5;22,6;31,7;29,5;24,5;22,5;71;64;67;69;7,8;3,2;
2026/01/05;2000 UTC;0;1001;1001,3;1000,9;324,2;29,4;21,9;29,7;28,5;22,5;21,4;69;63;64;64;7,8;1,9;
2026/01/05;2100 UTC;0;1000,6;1001;1000,5;282;29,3;22;30,3;29,2;22,9;21,7;66;62;65;72;4,8;2,5;
2026/01/05;2200 UTC;0;1001,2;1001,2;1000,5;77,4;28,7;23,5;29,3;28,7;23,6;22;74;65;74;76;4,8;1,9;
2026/01/05;2300 UTC;0;1002;1002;1001,2;5,1;28,2;23,1;28,7;28,2;23,5;22,9;74;72;74;81;3,3;1,4;
2026/01/06;0000 UTC;0;1003,1;1003,1;1002;0;27,4;23,3;28,3;27,3;23,6;23,2;80;74;79;112;3,3;,8;
2026/01/06;0100 UTC;0;1004;1004;1003,1;0;27,2;23,6;27,7;27,1;23,7;23,2;82;77;81;94;2;,7;
2026/01/06;0200 UTC;;;;;;26;;27,3;26;;;;;;;;;
2026/01/06;0300 UTC;0;1005,1;1005,1;1004,8;0;25,8;24;26,2;25,8;24,2;23,6;90;87;90;169;,7;,1;
2026/01/06;0400 UTC;0;1004,9;1005,1;1004,8;,2;27,1;24;27,1;25,8;24,3;23,8;90;83;83;88;1,5;,8;
2026/01/06;0500 UTC;0;1004,3;1004,9;1004,3;0;26,9;24;27,2;26,9;24,3;23,9;85;83;84;78;1,7;,7;
2026/01/06;0600 UTC;0;1003,8;1004,3;1003,7;0;26,7;24,3;26,9;26,5;24,3;23,9;87;84;86;101;1,5;,5;
2026/01/06;0700 UTC;0;1003,4;1003,7;1003,3;0;27,1;24,7;27,2;26,7;24,7;24,2;87;84;87;131;2,1;1;
2026/01/06;0800 UTC;0;1002,9;1003,4;1002,9;0;26,6;24,8;27,2;26,5;25;24,7;91;86;90;112;2;,9;
2026/01/06;0900 UTC;0;1003;1003;1002,8;0;26,2;24,4;26,7;26,2;24,8;24,4;90;89;90;121;2,4;,8;
2026/01/06;1000 UTC;0;1003,9;1003,9;1003;1,1;25,8;24,5;26,3;25,8;24,5;24,2;92;89;92;209;2;,5;
2026/01/06;1100 UTC;0;1005;1005;1003,9;107,8;26,5;24,8;26,5;25,7;24,8;24,5;93;89;91;182;2,1;,5;
2026/01/06;1200 UTC;0;1006,1;1006,1;1005;392,8;27,2;24,5;27,2;26,5;25;24,4;91;85;85;127;2,5;1,1;
2026/01/06;1300 UTC;0;1006,4;1006,4;1006,1;1200,8;28,9;24,8;29,4;27,1;25,2;24,1;87;75;78;94;3,6;1,3;
2026/01/06;1400 UTC;0;1006,2;1006,5;1006,2;2034,4;31;25,3;31,1;28,4;25,8;23,9;79;69;72;124;3,7;1;
2026/01/06;1500 UTC;0;1005,1;1006,2;1005,1;2727,9;31,1;24,1;32;30,2;25,5;23,4;73;63;66;81;5,5;2,6;
2026/01/06;1600 UTC;0;1004,6;1005,1;1004,6;2330;30,8;24;32;30,4;25,7;23,6;71;64;67;84;5,6;2,4;
2026/01/06;1700 UTC;,4;1003,8;1005;1003,8;931;26,9;23,3;30,8;25,3;24;22,4;89;66;81;48;9,7;2,5;
2026/01/06;1800 UTC;0;1002,6;1003,8;1002,6;1229,6;27,3;23,3;28,2;26,9;23,4;22,3;81;73;79;78;7,2;2,6;
2026/01/06;1900 UTC;0;1002;1002,6;1002;688,5;27,1;23,6;27,5;27;23,7;23,2;82;79;81;84;5,8;2,1;
2026/01/06;2000 UTC;0;1001,7;1002;1001,4;752,3;27,7;23,5;28,1;27,1;24;23,3;81;76;78;49;4,7;2,4;
2026/01/06;2100 UTC;0;1001,6;1001,8;1001,5;452,7;27,9;23,1;28,3;27,7;24;22,8;79;74;75;46;5,5;1,9;
2026/01/06;2200 UTC;0;1002,4;1002,5;1001,5;136,8;27,1;23;27,9;27,1;23,2;22,7;78;74;78;38;3,6;,7;
2026/01/06;2300 UTC;0;1003,4;1003,4;1002,4;3,6;27,2;22,9;27,4;27;23,1;22,8;79;76;78;48;3,5;1,9;
2026/01/07;0000 UTC;;1004;1004;;;26,9;23,2;27,2;26,4;23,3;22,9;83;78;80;;;;
2026/01/07;0100 UTC;0;1005;1005;1004;0;26,3;23,5;26,9;26,3;23,5;23,2;84;80;84;324;3,3;,4;
2026/01/07;0200 UTC;0;1005,6;1005,6;1005;0;25,8;23,7;26,3;25,8;23,7;23,4;88;84;88;276;2,1;,4;
2026/01/07;0300 UTC;;;;;;25,4;;26;;;;;;;;;;
2026/01/07;0400 UTC;0;1005,2;1005,8;1005,2;0;25,2;23,8;25,4;25,1;24;23,7;93;91;92;342;1,1;,3;
2026/01/07;0500 UTC;0;1004,4;1005,2;1004,4;0;25,3;23,5;25,4;25,1;23,7;23,3;92;89;90;53;1,2;,5;
2026/01/07;0600 UTC;0;1003,8;1004,4;1003,8;0;24,9;23,6;25,3;24,9;23,6;23,4;93;90;93;30;1,1;,3;
2026/01/07;0700 UTC;0;1003,8;1003,8;1003,6;0;24,6;23,5;24,9;24,6;23,7;23,5;93;93;93;9;1;,3;
2026/01/07;0800 UTC;0;1003,9;1003,9;1003,8;0;24,7;23,5;24,7;24,5;23,7;23,4;95;93;93;28;,8;,3;
2026/01/07;0900 UTC;0;1004,1;1004,1;1003,9;0;24,4;23,5;24,7;24,4;23,6;23,4;95;93;95;360;,9;,3;
2026/01/07;1000 UTC;0;1004,5;1004,5;1004,1;,7;24,5;23,4;24,6;24,4;23,6;23,4;95;93;94;42;1,2;,4;
2026/01/07;1100 UTC;0;1005,2;1005,2;1004,5;153,6;25,8;23,5;25,8;24,5;23,6;23,3;94;87;87;48;1,9;1,1;
2026/01/07;1200 UTC;0;1005,9;1005,9;1005,2;964,2;28,2;23,1;28,5;25,8;24,2;23;87;74;74;37;3,3;1,7;
2026/01/07;1300 UTC;0;1006,4;1006,4;1005,9;1861,9;30,8;23,5;30,8;28,1;24,3;22,7;76;65;65;352;5,2;1;
2026/01/07;1400 UTC;0;1006,2;1006,5;1006,2;2524,1;31,1;24,3;31,3;29,8;24,3;22,6;70;63;67;36;5,4;2,2;
2026/01/07;1500 UTC;0;1005,6;1006,2;1005,6;1967;30,8;24,2;31,8;30,1;24,3;22,4;68;61;68;46;6,4;2,6;
2026/01/07;1600 UTC;0;1005,1;1005,6;1005,1;1869,8;31,1;24,1;32,1;30,3;25,2;22,7;71;60;67;46;6,4;2,4;
2026/01/07;1700 UTC;0;1003,9;1005,1;1003,9;1972,5;29,3;22,9;32,5;29,2;25;22,6;71;57;69;96;6;2;
2026/01/07;1800 UTC;1,6;1003,8;1004,2;1003,6;429,2;25,2;23,2;30,6;25,1;24,2;22,8;90;65;89;89;11,3;3,6;
2026/01/07;1900 UTC;,2;1002,1;1003,8;1002,1;182,6;25,5;23,4;25,5;24,8;23,5;22,9;92;87;88;67;9,2;1,7;
2026/01/07;2000 UTC;0;1001,6;1002,1;1001,6;320,5;26,1;23,4;26,2;25,5;23,7;23,1;88;84;85;65;4,2;1,5;
2026/01/07;2100 UTC;0;1001,5;1001,6;1001,4;347,7;26,5;23,3;26,7;26,1;24;23,3;86;82;83;60;3,7;1,6;
2026/01/07;2200 UTC;0;1002,3;1002,3;1001,5;136,7;26,6;23,4;26,7;26,3;24,1;23,3;87;82;83;78;3,3;1,8;
2026/01/07;2300 UTC;0;1002,9;1002,9;1002,2;3;26,2;24,2;26,7;26,2;24,2;23,4;89;82;89;109;3,4;1,2;
2026/01/08;0000 UTC;;;;;;;;;;;;;;;;;;
2026/01/08;0100 UTC;;;;;;;;;;;;;;;;;;
2026/01/08;0200 UTC;;;;;;26,3;24,3;26,6;26,3;24,6;;90;88;89;;;;
2026/01/08;0300 UTC;0;1005,3;1005,4;1005,2;0;26,1;24,2;26,3;26;24,3;24,1;90;87;90;168;2;,7;
2026/01/08;0400 UTC;0;1005;1005,4;1005;0;25,6;24,2;26,1;25,6;24,3;24,2;92;90;92;99;2,6;,2;
2026/01/08;0500 UTC;0;1004,3;1005;1004,3;0;25,8;24,1;25,9;25,4;24,3;24,1;93;90;91;99;2,6;1,1;
2026/01/08;0600 UTC;0;1003,5;1004,3;1003,5;0;25,6;24,1;25,8;25,6;24,2;24,1;92;91;92;99;3,7;1,6;
2026/01/08;0700 UTC;0;1002,8;1003,5;1002,8;0;25,3;24;25,6;25,3;24,1;24;93;92;93;104;3,5;,9;
2026/01/08;0800 UTC;0;1003;1003;1002,8;0;25,3;24;25,3;25,2;24,1;24;93;92;92;83;3,2;1,9;
2026/01/08;0900 UTC;0;1003,6;1003,6;1003;0;25,4;24,1;25,5;25,3;24,1;24;93;92;92;79;3,7;1,2;
2026/01/08;1000 UTC;0;1004,1;1004,1;1003,6;,2;25,5;24,1;25,5;25,4;24,2;24,1;93;92;92;99;3;,8;
2026/01/08;1100 UTC;0;1005,2;1005,2;1004,1;185,3;26,2;23,8;26,2;25,5;24,2;23,7;92;86;87;105;3,6;1,6;
2026/01/08;1200 UTC;0;1006;1006;1005,2;871,3;27,7;24,1;28,3;26,2;24,8;23,7;87;80;81;76;3,9;1,6;
2026/01/08;1300 UTC;0;1006,6;1006,7;1006;1488,3;29,1;24,1;29,1;27,6;24,9;23,8;82;75;75;91;4,6;2,3;
2026/01/08;1400 UTC;0;1006,6;1006,8;1006,6;1524,9;29,4;23,4;29,6;28,2;24,6;23,1;76;69;70;80;5,5;2;
2026/01/08;1500 UTC;0;1005,8;1006,6;1005,8;1747,6;29,5;24;29,7;28,2;24,4;22,9;76;70;72;90;6;2,6;
2026/01/08;1600 UTC;0;1004,9;1005,8;1004,9;3139,1;30,2;23,6;30,9;29,1;25,2;23,1;74;66;68;85;6,7;3;
2026/01/08;1700 UTC;0;1003,8;1004,9;1003,7;2799,3;30,2;23,6;31,2;30,1;24,7;23,4;71;65;68;99;7,6;2,8;
2026/01/08;1800 UTC;0;1002,9;1003,8;1002,8;1316,2;28,8;22,2;30,4;28,1;24,1;21,8;71;67;68;70;9;2,7;
2026/01/08;1900 UTC;0;1003,2;1003,2;1002,8;1283,5;27,5;22,7;30;27,5;22,9;21,4;75;64;75;69;10,5;4,1;
2026/01/08;2000 UTC;,4;1003,1;1003,3;1002,8;90,2;24,8;22,9;27,5;24,8;23;22,2;89;75;89;1;9,8;,9;
2026/01/08;2100 UTC;2,4;1003,5;1003,7;1003,1;24,5;24,1;23,1;24,9;24,1;23,2;22,9;94;89;94;23;4,1;1,1;
2026/01/08;2200 UTC;,8;1002,9;1003,5;1002,7;16,8;24;22,7;24,2;23,9;23,1;22,7;94;92;92;46;4,2;1,4;
2026/01/08;2300 UTC;,8;1003,7;1003,7;1002,9;,2;24,1;22,7;24,1;23,8;22,9;22,6;94;91;92;47;4,1;1,3;
2026/01/09;0000 UTC;,4;1004,2;1004,2;1003,7;0;24,1;22,8;24,2;23,8;22,8;22,6;94;91;92;49;3,2;1,5;
2026/01/09;0100 UTC;0;1004,8;1004,8;1004,2;0;24,5;22,8;24,5;24,1;22,8;22,6;92;90;90;71;3,1;1;
2026/01/09;0200 UTC;0;1005,3;1005,4;1004,8;0;25;22,7;25;24,5;22,9;22,5;90;87;87;78;2,6;1,2;
2026/01/09;0300 UTC;0;1004,9;1005,4;1004,9;,1;24,8;23,1;25;24,7;23,2;22,6;91;86;90;88;2,3;1;
2026/01/09;0400 UTC;0;1004,7;1004,9;1004,6;0;24,5;23,3;24,9;24,3;23,3;23,1;93;90;93;118;2,7;1,2;
2026/01/09;0500 UTC;0;1004,7;1004,7;1004,6;0;24,6;23,5;24,6;24,5;23,5;23,3;94;93;94;96;3;1;
2026/01/09;0600 UTC;0;1004;1004,6;1004;0;24,7;23,5;24,7;24,6;23,5;23,5;94;93;93;81;3,1;1,2;
2026/01/09;0700 UTC;,8;1004,3;1004,4;1003,9;0;23,8;22,5;24,8;23,8;23,7;22,3;94;90;92;76;13,3;3,4;
2026/01/09;0800 UTC;0;1004,1;1004,4;1004,1;0;23,6;22;23,9;23,4;22,5;21,8;92;90;91;85;7,1;2,9;
2026/01/09;0900 UTC;1;1004,4;1004,4;1004,1;0;23,5;22,3;23,7;23,5;22,3;22;93;90;93;78;5,9;2;
2026/01/09;1000 UTC;1;1004,6;1004,6;1004,3;0;23,4;22,5;23,6;23,3;22,5;22,3;95;93;94;58;3,8;1,2;
2026/01/09;1100 UTC;,4;1005,2;1005,2;1004,6;24,1;23,6;22,9;23,6;23,3;22,9;22,5;96;94;96;58;2,5;,8;
2026/01/09;1200 UTC;,4;1005,7;1005,7;1005,2;199,1;24,1;23;24,1;23,6;23,3;22,9;96;94;94;40;2,8;1,6;
2026/01/09;1300 UTC;0;1005,9;1006;1005,7;528,8;25,4;23,9;25,4;24,1;23,9;23;94;90;91;40;3,5;1,8;
2026/01/09;1400 UTC;0;1006;1006;1005,9;1056,4;26,2;23,9;26,5;25,3;24,2;23,5;91;85;87;65;4,9;2,5;
2026/01/09;1500 UTC;0;1005,6;1006;1005,5;1691,4;27,9;23,8;28,2;26,2;24,7;23,6;88;77;78;74;5,2;2,6;
2026/01/09;1600 UTC;0;1004,7;1005,6;1004,7;2376,4;28,9;23,9;29,2;27,9;24,7;23,6;81;73;74;71;5,7;2,8;
2026/01/09;1700 UTC;0;1003,6;1004,7;1003,6;2079;30,3;24,5;30,3;28,5;24,9;23,6;76;70;71;82;6,3;1,7;
2026/01/09;1800 UTC;0;1002,6;1003,6;1002,6;1366,7;30,1;25,1;30,3;28,9;25,6;23,5;78;69;75;97;5,4;1,3;
2026/01/09;1900 UTC;2,6;1001,9;1002,6;1001,9;885,5;26;24;30,7;25,3;25,1;22,4;92;70;89;68;6,7;1,7;
2026/01/09;2000 UTC;,2;1001,1;1001,9;1001,1;445,3;27,5;24,1;27,5;25,9;24,5;23;89;82;82;79;4;1,7;
2026/01/09;2100 UTC;0;1000,9;1001,2;1000,8;510,8;28,4;24,5;28,4;27,4;25,3;24;86;78;80;117;3,2;1,1;
2026/01/09;2200 UTC;0;1001,1;1001,3;1000,9;261,7;27,6;24,3;28,5;27,6;25,1;24,1;83;78;82;111;3,1;1,2;
2026/01/09;2300 UTC;0;1001,4;1001,4;1001,1;4,1;26,7;24,2;27,7;26,5;24,4;24,1;87;81;86;134;2,9;,8;
2026/01/10;0000 UTC;0;1002,4;1002,4;1001,4;0;26,5;24,2;27,1;26,4;24,3;24,1;88;85;87;96;2;,6;
2026/01/10;0100 UTC;0;1003,4;1003,4;1002,4;0;26,6;24,4;27,1;26,5;24,4;24,2;88;85;88;61;2,7;,4;
2026/01/10;0200 UTC;0;1004,1;1004,1;1003,4;0;26,6;24,7;26,9;26;24,8;24,4;92;88;89;114;2,2;,5;
2026/01/10;0300 UTC;,4;1004,7;1005;1004,1;0;24,9;23,1;26,7;24,9;25;22,9;93;86;90;47;7,1;3;
2026/01/10;0400 UTC;,2;1004,1;1004,7;1004,1;0;24,4;23,3;25;24,3;23,4;22,9;94;88;93;61;5,5;,8;
2026/01/10;0500 UTC;0;1003,8;1004,2;1003,8;0;25;23,7;25,3;24,4;23,8;23,3;94;90;93;80;1,6;,8;
2026/01/10;0600 UTC;0;1003,5;1003,8;1003,5;0;25;24;25,6;25;24;23,7;94;90;94;315;1,6;,3;
2026/01/10;0700 UTC;0;1003,1;1003,5;1003,1;0;25,1;23,7;25,2;24,6;24;23,7;95;92;92;49;1,5;,9;
2026/01/10;0800 UTC;0;1003;1003,1;1003;0;24,9;23,7;25,1;24,5;23,8;23,6;96;92;93;93;1,8;,9;
2026/01/10;0900 UTC;0;1003,2;1003,2;1002,9;0;24,6;23,8;25,3;24,6;23,9;23,6;95;91;95;59;1,8;,7;
2026/01/10;1000 UTC;0;1003,7;1003,7;1003,2;,4;24,9;24,3;24,9;24,4;24,3;23,7;97;95;97;78;1,5;,6;
2026/01/10;1100 UTC;0;1004,3;1004,3;1003,7;207,4;26,3;24,8;26,3;24,9;24,9;24,3;97;92;92;76;2,5;1,2;
2026/01/10;1200 UTC;0;1004,8;1004,8;1004,3;1116,5;28,8;24,9;28,9;26,3;25,4;24,3;92;78;79;83;4,1;1,5;
2026/01/10;1300 UTC;0;1005;1005;1004,8;1859;30,1;24,5;30,3;28,6;25,1;23,9;79;71;72;74;4,9;2,4;
2026/01/10;1400 UTC;0;1004,8;1005;1004,8;2531,7;30,6;23,7;31,3;30;24,9;23,6;73;66;67;68;5,6;3;
2026/01/10;1500 UTC;0;1004,6;1004,9;1004,5;3059,1;31,7;23,7;31,8;30,5;24,9;23,2;68;62;62;86;6,6;2,5;
2026/01/10;1600 UTC;0;1003,9;1004,6;1003,9;3137,1;32;23,6;32,8;31,3;24,6;22,5;65;57;61;107;7;2,6;
2026/01/10;1700 UTC;0;1003,3;1004;1003,3;2739,4;31,4;23,5;33,1;29,9;24,1;22,4;68;57;63;35;7;2,6;
2026/01/10;1800 UTC;0;1001,6;1003,3;1001,6;2974,2;31,4;22,5;33,5;31;24,9;21,4;66;55;59;60;6,7;2,5;
2026/01/10;1900 UTC;0;1000,4;1001,6;1000,4;1676,5;31,8;23,8;33,5;31,4;24,7;21,9;65;54;62;334;7,2;2,1;
2026/01/10;2000 UTC;0;1000;1000,4;1000;813,2;30,9;23,5;32;30,9;24,7;23,4;68;62;65;29;7,2;1,3;
2026/01/10;2100 UTC;0;1000,1;1000,1;999,9;375,1;30,5;23,8;31;30,5;23,8;22,6;68;61;68;45;4,3;1;
2026/01/10;2200 UTC;0;1000,1;1000,3;1000,1;142,7;29,9;23;30,7;29,8;23,9;21,7;68;59;67;57;3,9;1;
2026/01/10;2300 UTC;0;1000,8;1000,8;1000,1;2,5;28,9;23,1;29,9;28,9;23,1;22,6;71;65;71;5;2;,6;
2026/01/11;0000 UTC;0;1001,9;1001,9;1000,8;0;27,6;23,3;28,9;27,6;23,7;23,1;78;71;78;355;2,9;,4;
2026/01/11;0100 UTC;0;1002,7;1002,8;1001,9;0;27,5;23,2;27,9;27,3;23,7;23,1;79;76;77;356;3;,8;
2026/01/11;0200 UTC;0;1003,5;1003,5;1002,7;0;27,5;22,6;27,7;27,2;23,2;22,5;78;74;75;52;3;1;
2026/01/11;0300 UTC;0;1003,7;1003,8;1003,5;0;26,9;22,6;27,6;26,9;23,1;22,5;80;74;77;25;2,4;,6;
2026/01/11;0400 UTC;0;1003,5;1003,8;1003,5;0;26,6;22,7;27;26,4;23;22,4;82;76;79;65;1,6;,5;
2026/01/11;0500 UTC;0;1003,3;1003,8;1003;,1;26,8;22,5;27,3;26,6;23,3;22,3;81;75;77;136;1,8;,5;
2026/01/11;0600 UTC;0;1002,8;1003,4;1002,8;0;26,6;24,3;27,6;26,6;24,3;22,5;87;77;87;234;3;1,2;
2026/01/11;0700 UTC;0;1002,5;1002,9;1002,5;0;25,4;23,4;26,6;25,4;24,3;23,4;89;87;89;219;3,1;1,4;
2026/01/11;0800 UTC;0;1002,7;1002,7;1002,4;0;25,4;23,6;25,5;25,3;23,6;23,3;90;88;90;232;3,1;1,3;
2026/01/11;0900 UTC;0;1002,9;1003;1002,7;0;24,6;22,9;25,4;24,6;23,6;22,9;91;88;90;148;2,6;,4;
2026/01/11;1000 UTC;0;1003,2;1003,2;1002,8;1,1;25,1;23,1;25,2;24,5;23,2;22,9;91;88;89;186;2,5;,7;
2026/01/11;1100 UTC;0;1004,2;1004,2;1003,2;186,3;25,9;23,7;26;25,1;24;23,2;91;88;88;232;2,1;,9;
2026/01/11;1200 UTC;0;1005,1;1005,1;1004,2;490,5;26,5;23,6;26,6;25,9;24,3;23,4;89;83;84;127;3,6;1;
2026/01/11;1300 UTC;0;1005,4;1005,5;1005,1;1280,7;27,7;23,4;29;26,5;25;23,4;85;75;77;173;3,6;1,4;
2026/01/11;1400 UTC;0;1005,7;1005,7;1005,4;1539,4;28;24,2;30,1;27,7;25;23,4;80;72;80;159;5,4;2;
2026/01/11;1500 UTC;0;1005,4;1005,7;1005,1;1093,3;28;24,5;29,6;27,9;25,3;24;82;75;81;176;6,4;1,9;
2026/01/11;1600 UTC;20;1005,7;1006,3;1005,4;333,3;23,3;22,7;28,1;22,7;24,5;21,7;97;75;96;49;10,4;3;
2026/01/11;1700 UTC;1;1005,2;1005,7;1005;356,2;23,8;22,9;23,9;23,3;23,1;22,6;96;94;95;29;5,4;1;
2026/01/11;1800 UTC;1;1004,7;1005,2;1004,6;322,5;23,8;22,7;24;23,7;23,2;22,6;96;93;93;18;3,7;1;
2026/01/11;1900 UTC;1,4;1004;1004,8;1004;287,9;23,7;22,9;24,1;23,7;23,1;22,5;95;91;95;21;3,4;,7;
2026/01/11;2000 UTC;3,4;1004,4;1004,5;1004;177,2;23,3;21,6;24,1;23,3;23,2;21,6;96;90;90;83;8,5;3,5;
2026/01/11;2100 UTC;1;1002,6;1004,4;1002,6;439,2;23,4;21,2;23,4;22,9;21,7;20,9;91;86;87;72;7,6;1,3;
2026/01/11;2200 UTC;0;1001,7;1002,6;1001,7;125,8;22,6;21,2;23,5;22,5;21,6;20,9;92;86;92;39;2,8;,3;
2026/01/11;2300 UTC;0;1001,8;1001,8;1001,4;4,3;22,4;21,5;22,6;22,2;21,5;21,2;95;92;95;95;1,2;,2;
2026/01/12;0000 UTC;0;1002,6;1002,6;1001,8;0;22,4;21,6;22,5;22,3;21,6;21,1;95;93;95;51;1,4;,8;
2026/01/12;0100 UTC;0;1003,4;1003,4;1002,6;0;23,5;21,6;23,5;22,4;21,7;21,4;95;89;89;111;2,6;1;
2026/01/12;0200 UTC;0;1004,6;1004,6;1003,4;0;23,6;22,2;23,7;23,4;22,2;21,7;92;89;92;107;2,7;1,3;
2026/01/12;0300 UTC;0;1005;1005;1004,6;0;23,3;22,3;23,6;23,3;22,3;22,2;94;92;94;74;3;,6;
2026/01/12;0400 UTC;0;1005;1005,1;1004,9;0;23,3;22,1;23,4;23,3;22,3;22;94;93;93;105;3,6;1,4;
2026/01/12;0500 UTC;0;1004,4;1005;1004,4;0;23,3;22,3;23,3;23,2;22,3;22,1;94;93;94;75;3,6;,9;
2026/01/12;0600 UTC;0;1004,4;1004,6;1004,4;,1;23,4;22,4;23,5;23,3;22,4;22,2;94;93;94;119;3,3;1;
2026/01/12;0700 UTC;0;1004,1;1004,4;1004;0;23,3;22,2;23,4;23,3;22,4;22,1;94;93;94;69;2,6;,8;
2026/01/12;0800 UTC;0;1003,9;1004,1;1003,7;0;23,3;22,2;23,3;23,3;22,3;22,2;94;93;94;144;2,4;,7;
2026/01/12;0900 UTC;0;1004,5;1004,5;1003,8;0;23,5;22,3;23,5;23,3;22,3;22,2;94;93;93;125;2,3;,9;
2026/01/12;1000 UTC;0;1005;1005;1004,4;,9;23,4;22,4;23,5;23,4;22,4;22,3;94;93;94;111;3;1,1;
2026/01/12;1100 UTC;0;1005,8;1005,9;1005;107,9;24;22,6;24;23,4;22,6;22,4;94;92;92;94;4,5;2;
2026/01/12;1200 UTC;0;1006,4;1006,4;1005,9;493;25,2;22,9;25,2;24;23,1;22,6;92;87;87;75;4,9;2;
2026/01/12;1300 UTC;0;1006,5;1006,6;1006,4;1301,9;27,1;22,8;27,7;25,2;23,3;22,4;88;75;77;73;5,5;2,8;
2026/01/12;1400 UTC;0;1006,5;1006,6;1006,5;1737,1;27,7;23,3;28,3;26,8;23,9;22,7;80;74;77;82;5;1,8;
2026/01/12;1500 UTC;0;1006,2;1006,5;1006,2;1503,8;28,1;23,1;28,1;27,4;23,7;22,4;80;72;75;70;6,6;3,1;
2026/01/12;1600 UTC;0;1005,5;1006,2;1005,5;2244,7;29,8;24;29,8;27,9;24;22,6;76;69;71;49;6,6;2,2;
2026/01/12;1700 UTC;0;1004,6;1005,5;1004,6;2379,6;30;22,7;30,4;29,3;24,6;22,1;71;64;65;54;7,6;3;
2026/01/12;1800 UTC;0;1003,2;1004,6;1003,2;2500,9;30,5;22,3;30,8;29,5;23,2;22,1;67;61;62;49;7;2,7;
2026/01/12;1900 UTC;0;1001,9;1003,2;1001,9;2236,5;31,3;22,7;31,6;30,4;23,4;22,2;64;59;60;66;6,7;2,5;
2026/01/12;2000 UTC;26,4;1002,3;1002,6;1001,7;287;23,5;22,7;31,3;23,4;23,7;22;97;58;96;69;11,6;4,3;
2026/01/12;2100 UTC;4;1001,8;1002,3;1001,7;78,1;24,1;22,8;24,1;23,1;23;22,4;96;93;93;45;11,6;2,4;
2026/01/12;2200 UTC;,4;1002,4;1002,4;1001,8;59,4;24,5;23,3;24,6;23,9;23,5;22,8;96;92;93;46;4,2;1,3;
2026/01/12;2300 UTC;0;1002,9;1002,9;1002,3;5,4;24,6;23,8;24,9;24,4;23,8;23,3;96;92;95;47;2,3;,8;
2026/01/13;0000 UTC;0;1003,3;1003,3;1002,8;0;25,1;23,7;25,1;24,3;23,9;23,6;96;92;92;47;2,3;1,3;
2026/01/13;0100 UTC;0;1003,9;1003,9;1003,3;0;24,5;23,6;25,2;24,5;23,7;23,5;95;91;95;65;2,3;,6;
2026/01/13;0200 UTC;0;1004,3;1004,3;1003,9;0;24,6;23,4;25;24,3;23,7;23,4;95;92;93;48;1,8;,8;
2026/01/13;0300 UTC;0;1004,6;1004,6;1004,3;0;24,1;23,5;24,6;24,1;23,6;23,3;96;93;96;41;1,6;,2;
2026/01/13;0400 UTC;0;1004,8;1004,8;1004,5;0;24;23,5;24,2;23,9;23,6;23,4;97;96;97;39;,9;,2;
2026/01/13;0500 UTC;0;1004,1;1004,8;1004,1;0;23,7;23,2;24,1;23,6;23,6;23,1;97;97;97;321;,9;,2;
2026/01/13;0600 UTC;0;1003,7;1004,1;1003,6;0;23,6;23,2;23,7;23,4;23,2;23;98;97;98;39;,6;,2;
2026/01/13;0700 UTC;0;1003,7;1003,8;1003,6;0;23,7;23,2;23,8;23,6;23,4;23,2;98;97;97;15;,9;,2;
2026/01/13;0800 UTC;0;1003,7;1003,7;1003,6;0;23,6;23,1;23,7;23,6;23,2;23;97;97;97;28;1,1;,2;
2026/01/13;0900 UTC;0;1004,1;1004,1;1003,7;0;23,6;23,1;23,7;23,6;23,2;23,1;97;97;97;248;,8;,4;
2026/01/13;1000 UTC;0;1004,8;1004,8;1004,1;,5;23,7;23,1;23,8;23,6;23,2;23;97;96;97;319;,8;,3;
2026/01/13;1100 UTC;,4;1005,5;1005,5;1004,8;92,2;24,3;23,5;24,4;23,7;23,5;23,1;97;94;95;20;1,2;,2;
2026/01/13;1200 UTC;0;1006,1;1006,1;1005,5;425,7;26,2;24,5;26,2;24,3;24,6;23,6;96;87;90;246;1,7;,5;
2026/01/13;1300 UTC;0;1006,3;1006,4;1006,1;747,5;26,6;23,7;27,8;26,2;25,3;23,7;91;81;84;38;2,4;,7;
2026/01/13;1400 UTC;,8;1006,5;1006,5;1006,3;1655;29,1;24,9;29,3;26,6;26;23,6;89;75;78;49;2,3;,6;
2026/01/13;1500 UTC;0;1005,8;1006,5;1005,8;1609,2;29,4;24;29,7;28,2;25,1;23,5;79;72;73;95;3,5;1,6;
2026/01/13;1600 UTC;0;1004,9;1005,8;1004,9;2416;30,9;24;31,1;28,9;25,7;23,4;76;67;67;95;4,8;1,6;
2026/01/13;1700 UTC;0;1004;1004,9;1004;1948,3;31,2;24,3;31,2;29,7;24,7;23;71;64;67;70;5,1;1,9;
2026/01/13;1800 UTC;0;1002,6;1004;1002,6;2314;31,4;23,8;31,9;30,6;24,9;22,7;68;61;64;91;4,9;2,1;
2026/01/13;1900 UTC;0;1002,1;1003;1001,8;1826,5;30;24,2;31,7;27;24,5;22,4;78;61;71;20;6,9;1,7;
2026/01/13;2000 UTC;0;1001,8;1002,1;1001,7;749,6;27,4;22;30;26,9;24;21,7;81;70;73;344;5,8;1,3;
2026/01/13;2100 UTC;0;1001,4;1001,9;1001,3;359,6;27,2;22,7;27,6;26,5;22,8;21,8;78;72;76;347;4,6;1,1;
2026/01/13;2200 UTC;0;1001,7;1001,8;1001,3;124,2;26,5;21,9;27,2;26,4;22,6;21,9;77;75;76;21;5,7;1,1;
2026/01/13;2300 UTC;0;1002,1;1002,1;1001,6;5,4;25,7;22,1;26,6;25,7;22,1;21,7;81;75;81;355;4;,6;
2026/01/14;0000 UTC;0;1003,1;1003,1;1002,1;0;24,8;22,6;25,7;24,8;22,7;22,1;88;81;88;327;3;,5;
2026/01/14;0100 UTC;0;1004,2;1004,2;1003,1;0;24,2;22,5;24,8;24,2;22,7;22,5;90;88;90;358;2,6;,5;
2026/01/14;0200 UTC;0;1004,5;1004,6;1004,2;0;24,1;22,2;24,3;24;22,5;22;90;88;89;262;1,4;,2;
2026/01/14;0300 UTC;0;1004,8;1004,8;1004,5;0;24,1;22,3;24,2;23,9;22,3;21,8;90;87;90;252;,9;,3;
2026/01/14;0400 UTC;0;1004,3;1004,8;1004,2;,3;24,8;21,9;24,8;24;22,4;21,6;90;83;84;113;1,5;,5;
2026/01/14;0500 UTC;0;1003,9;1004,3;1003,8;0;24,5;22,1;25,4;24,5;22,3;21,8;87;81;87;333;1,5;,4;
2026/01/14;0600 UTC;0;1003,4;1003,9;1003,4;0;23,8;22,1;24,5;23,8;22,5;22,1;91;87;90;15;1,1;,2;
2026/01/14;0700 UTC;0;1003,7;1003,7;1003,3;0;23,9;22,2;23,9;23,4;22,5;22;93;90;90;169;1,3;,8;
2026/01/14;0800 UTC;0;1003,5;1003,7;1003,5;0;24,5;23,5;24,8;23,8;23,7;22,2;94;89;94;199;2,9;,6;
2026/01/14;0900 UTC;0;1003,6;1003,6;1003,5;0;24,7;23,6;24,7;24,3;23,6;23,4;95;94;94;255;2,7;,7;
2026/01/14;1000 UTC;0;1004,1;1004,1;1003,6;,2;24,4;23,4;24,7;24,3;23,6;23,4;94;94;94;232;2,3;,8;
2026/01/14;1100 UTC;0;1005,5;1005,5;1004,1;57,2;24,8;23,6;24,8;24,4;23,7;23,4;94;93;93;259;2,2;,4;
2026/01/14;1200 UTC;0;1005,9;1006;1005,5;618,3;26,7;24,3;27,1;24,8;24,9;23,6;94;85;87;270;1,9;,7;
2026/01/14;1300 UTC;0;1006,2;1006,3;1005,9;1259,8;28,6;24,9;28,7;26,7;25,1;24;87;79;80;263;2,4;,9;
2026/01/14;1400 UTC;0;1006,3;1006,5;1006,2;1613,8;29,5;24,3;29,6;28,4;25,7;23,8;82;73;73;250;2,4;,8;
2026/01/14;1500 UTC;0;1005,6;1006,3;1005,6;1184,8;28,4;24,3;30,6;28,4;25,5;23,8;79;71;78;205;3;,7;
2026/01/14;1600 UTC;0;1004,4;1005,6;1004,4;1455,7;30,2;25,4;30,9;28,1;25,7;23,7;80;70;76;267;3,1;1,2;
2026/01/14;1700 UTC;0;1003,1;1004,4;1003,1;2288,5;30,8;23,8;31,5;30;25,2;22,9;76;63;66;105;4,9;2,2;
2026/01/14;1800 UTC;0;1002,4;1003,2;1002,3;2582,8;29,6;23,8;32;29,3;25;22,7;72;61;71;93;9,7;3,9;
2026/01/14;1900 UTC;0;1002,4;1002,6;1002,1;1959,2;26,7;22,7;29,6;26,7;24,2;22,3;79;70;79;114;9,3;2,1;
2026/01/14;2000 UTC;0;1001,7;1002,4;1001,6;394,9;26,4;22,8;27;26,4;23,1;22,5;81;77;81;66;5,2;2;
2026/01/14;2100 UTC;0;1001,3;1001,7;1001,3;384,8;26,3;22,8;26,5;26,2;23,3;22,6;84;80;81;27;4,5;1;
2026/01/14;2200 UTC;0;1001,3;1001,4;1001,2;148,1;26,3;22,7;26,6;26,2;23,4;22,6;83;80;81;37;3,6;1,6;
2026/01/14;2300 UTC;0;1002,1;1002,1;1001,3;2,7;25,8;22,9;26,3;25,7;22,9;22,6;84;81;84;78;4;1,5;
2026/01/15;0000 UTC;0;1002,8;1002,8;1002,1;0;25,2;23;25,8;25,1;23,2;22,8;88;84;87;18;2,5;,5;
2026/01/15;0100 UTC;0;1003,9;1003,9;1002,8;0;25,5;23,5;25,8;25,1;23,5;22,9;89;86;89;120;2,7;1,2;
2026/01/15;0200 UTC;0;1004,1;1004,2;1004;0;24,9;23,4;25,5;24,9;23,6;23,3;91;89;91;85;3;,6;
2026/01/15;0300 UTC;0;1004,5;1004,5;1004,1;0;25,1;23,4;25,2;24,9;23,4;23,2;92;89;90;121;2,7;1,1;
2026/01/15;0400 UTC;0;1004,3;1004,5;1004,2;0;24,9;23,2;25,1;24,9;23,4;23,2;91;89;90;134;2,5;,8;
2026/01/15;0500 UTC;0;1003,9;1004,3;1003,9;0;24,5;23;24,9;24,5;23,2;23;91;90;91;138;2,9;1,2;
2026/01/15;0600 UTC;0;1003,1;1003,9;1003,1;0;24,3;23;24,6;24,3;23,1;22,9;92;91;92;95;2;,5;
2026/01/15;0700 UTC;0;1002,7;1003,1;1002,7;0;24,3;23;24,6;24,3;23;22,9;92;91;92;91;1,5;,7;
2026/01/15;0800 UTC;0;1002,6;1002,8;1002,6;0;24,5;23;24,6;24,3;23;22,9;92;91;91;90;2,2;1,2;
2026/01/15;0900 UTC;0;1002,9;1002,9;1002,6;0;24,6;23,3;24,6;24,5;23,3;22,9;92;91;92;88;2,8;1,2;
2026/01/15;1000 UTC;0;1003,9;1003,9;1002,9;,3;24,4;23,2;24,6;24,3;23,3;23,1;94;92;93;75;2,5;1,4;
2026/01/15;1100 UTC;0;1004,9;1004,9;1003,9;103,5;24,9;23,6;24,9;24,4;23,6;23,2;93;93;93;83;2,8;1,5;
2026/01/15;1200 UTC;0;1005,7;1005,7;1004,9;409;26;23,7;26,1;24,9;24,2;23,6;93;87;87;54;3,7;1,5;
2026/01/15;1300 UTC;0;1006,1;1006,2;1005,7;1332,3;27,4;23,1;28,8;26;25,2;23;88;76;78;52;4,3;1,8;
2026/01/15;1400 UTC;0;1006,3;1006,5;1006,1;1421,6;29;23,6;29;27,2;24,3;22,5;79;68;73;86;6;2,5;
2026/01/15;1500 UTC;0;1006,1;1006,3;1006;1175,4;28,3;22,7;29,2;28,2;23,7;22,5;75;69;72;79;6,5;3,2;
2026/01/15;1600 UTC;0;1004,9;1006,1;1004,9;1439,1;30;24,2;30;28,2;24,2;22,7;74;69;71;82;6,7;2;
2026/01/15;1700 UTC;0;1003,9;1004,9;1003,9;1589,7;29,7;22,7;30,7;29,2;24,4;22,7;71;65;66;49;7,4;2,3;
2026/01/15;1800 UTC;0;1002,6;1003,9;1002,6;684,8;29,6;23,5;29,9;29,3;23,9;22,7;72;66;70;105;6,2;2;
2026/01/15;1900 UTC;,2;1001,8;1002,7;1001,8;501,9;28;23,9;29,7;26,8;25;23,3;87;69;78;74;5,2;2;
2026/01/15;2000 UTC;0;1001,3;1001,8;1001,2;514,4;27,9;24,2;28,5;27,9;24,4;23,8;81;77;80;129;4,3;1,3;
2026/01/15;2100 UTC;0;1001,2;1001,3;1001,1;321,8;27,5;24,9;28,1;27,5;24,9;24,2;86;80;86;57;3,3;,9;
2026/01/15;2200 UTC;,2;1001,5;1001,5;1001,2;99,8;26,9;24,2;27,5;26,6;25;24,1;91;84;85;45;3,4;1,3;
2026/01/15;2300 UTC;0;1002;1002;1001,5;4,4;26,9;23,9;27;26,7;24,2;23,8;86;83;84;48;2,7;1,3;
2026/01/16;0000 UTC;0;1002,7;1002,7;1002;0;26,9;23,7;27;26,8;23,9;23,7;84;82;83;41;3,1;1,6;
2026/01/16;0100 UTC;0;1003,3;1003,3;1002,7;0;26,6;23,8;26,9;26,6;23,8;23,7;85;83;85;37;3,6;1,6;
2026/01/16;0200 UTC;0;1003,4;1003,4;1003,2;0;26,5;23,9;26,7;26,4;23,9;23,8;86;84;86;46;3,2;1,3;
2026/01/16;0300 UTC;0;1003,7;1003,7;1003,4;0;26,3;23,7;26,5;26,3;23,9;23,7;86;85;86;62;2,7;1,1;
2026/01/16;0400 UTC;0;1003,6;1003,8;1003,6;0;26,2;23,7;26,5;26,2;23,8;23,6;86;85;86;85;2,5;,8;
2026/01/16;0500 UTC;0;1003,4;1003,6;1003,3;0;25,6;23,6;26,4;25,6;23,7;23,4;89;84;89;64;2,2;,6;
2026/01/16;0600 UTC;0;1003;1003,4;1003;0;25,7;24;25,7;25,3;24,1;23,6;92;89;91;56;1,9;,9;
2026/01/16;0700 UTC;0;1002,6;1003;1002,6;0;25,6;24,1;25,7;25,3;24,2;23,9;92;91;92;84;1,9;,7;
2026/01/16;0800 UTC;0;1002,6;1002,6;1002,5;0;25,6;24,4;25,9;25,5;24,5;24,2;94;91;93;107;2,4;,8;
2026/01/16;0900 UTC;0;1003,1;1003,1;1002,6;0;25,7;24,5;25,8;25,6;24,6;24,4;93;93;93;88;1,6;,4;
2026/01/16;1000 UTC;0;1003,7;1003,7;1003,1;,1;25,8;24,2;25,9;25,7;24,6;24,2;93;91;91;134;3;1,1;
2026/01/16;1100 UTC;0;1004,4;1004,4;1003,7;128,4;26,3;24,3;26,3;25,8;24,3;24,1;91;89;89;124;3;,8;
2026/01/16;1200 UTC;0;1005;1005;1004,4;783,5;27,2;24,3;28;26,3;25,1;24;89;82;84;105;3,4;1,6;
2026/01/16;1300 UTC;0;1005,3;1005,4;1005;1067,6;28,5;24,2;29,3;27,1;25,1;23,9;85;77;78;74;4,7;1,8;
2026/01/16;1400 UTC;0;1005,2;1005,4;1005,2;1465,1;29;24,3;29,8;28,3;25,1;23,8;79;74;76;82;5,7;2,6;
2026/01/16;1500 UTC;0;1004,3;1005,2;1004,3;1834,6;30,2;24,5;30,3;28,6;25,2;23,8;79;71;71;64;6,4;2,9;
2026/01/16;1600 UTC;0;1004;1004,4;1004;1795,8;31,6;25,7;31,6;29,4;26,1;23,7;76;70;71;6;6,4;1,3;
2026/01/16;1700 UTC;1,2;1003,3;1004,3;1003,3;1491;29,5;24,8;31,6;26,7;26,7;23,9;93;69;76;17;5,2;1,7;
2026/01/16;1800 UTC;0;1002,4;1003,4;1002,4;838,8;29,5;24,5;29,5;28,1;25,1;23,4;81;74;74;45;5,7;2,5;
2026/01/16;1900 UTC;0;1001,4;1002,5;1001,4;1643,1;29,5;23;31,1;29,4;25,2;23;78;65;68;39;5,9;2,7;
2026/01/16;2000 UTC;0;1000,3;1001,4;1000,3;497,1;29,6;23,5;29,9;29,3;24,8;22,8;76;67;70;22;6,1;1,4;
2026/01/16;2100 UTC;0;1000,3;1000,5;1000,1;362,7;29,7;23,6;29,9;29,5;24,2;23,2;72;68;70;50;4,4;1,9;
2026/01/16;2200 UTC;0;1000,7;1000,7;1000,3;170,8;28,9;24;29,8;28,9;24,2;23,5;76;69;75;328;3,6;,4;
2026/01/16;2300 UTC;0;1001,5;1001,5;1000,6;5,6;27,7;23,9;28,9;27,7;24,1;23,7;81;75;80;5;1,6;,4;
2026/01/17;0000 UTC;0;1002,5;1002,5;1001,5;0;27,4;24,1;27,7;27,3;24,2;23,9;83;80;82;335;1,4;,4;
2026/01/17;0100 UTC;0;1003,6;1003,6;1002,5;0;27,1;24,2;27,4;27;24,5;24;86;82;84;12;1,3;,3;
2026/01/17;0200 UTC;0;1004,3;1004,3;1003,6;0;27,4;23,8;27,5;27,1;24,4;23,8;85;81;81;12;3;1,1;
2026/01/17;0300 UTC;0;1004,9;1005;1004,3;0;27;22,9;27,4;26,9;24;22,9;83;78;79;53;3;1,3;
2026/01/17;0400 UTC;0;1004,8;1005,1;1004,8;0;26,2;22,3;27;26,2;23;22;80;76;79;47;2,5;,8;
2026/01/17;0500 UTC;0;1004,3;1004,7;1004,3;0;25,7;22,9;26,5;25,7;23,2;22,1;86;79;85;117;1,8;,3;
2026/01/17;0600 UTC;0;1003,5;1004,3;1003,5;0;25,9;23,6;26,5;25,7;24;22,8;88;80;87;189;2,9;1;
2026/01/17;0700 UTC;0;1002,7;1003,5;1002,7;0;25,1;23,3;25,9;24,9;23,7;23,3;91;87;90;151;2,1;,4;
2026/01/17;0800 UTC;0;1002,7;1002,8;1002,5;0;24,5;23,4;25,1;24,5;23,5;23,3;94;90;94;143;2,1;,2;
2026/01/17;0900 UTC;0;1003,3;1003,3;1002,7;0;25;23;25,1;24,4;23,4;23;94;89;89;241;2,1;,7;
2026/01/17;1000 UTC;,6;1003,7;1003,8;1003,2;0;24,2;22,6;25,1;24,2;23;22,5;91;86;91;206;2,3;1;
2026/01/17;1100 UTC;5,4;1004,3;1004,9;1003,6;17,8;23;22;24,2;23;23;21,6;95;90;94;303;7,4;1,3;
2026/01/17;1200 UTC;0;1005,7;1005,7;1004,2;298,8;24,3;23;24,3;23;23,1;22,1;96;92;93;43;4,4;,7;
2026/01/17;1300 UTC;0;1006,3;1006,3;1005,7;799,1;26,2;22,7;26,3;24,3;23,6;22,4;94;80;81;52;2,6;1,1;
2026/01/17;1400 UTC;0;1006,6;1006,6;1006,3;950,1;26,9;23,6;27,7;26,2;24,6;22,8;86;79;82;57;3,9;1,6;
2026/01/17;1500 UTC;0;1006,8;1006,9;1006,5;779,7;27,4;22,8;27,4;26,8;24,1;22,1;84;74;76;70;5,2;2,3;
2026/01/17;1600 UTC;0;1005,6;1006,8;1005,6;1022,8;27,8;23,2;27,8;27,1;23,9;22,3;80;74;76;357;4,9;,8;
2026/01/17;1700 UTC;0;1003,6;1005,6;1003,6;2004,4;29,5;23,3;30;27,8;24,3;22,3;78;67;69;320;3,7;,9;
2026/01/17;1800 UTC;0;1002,8;1003,6;1002,8;1603,5;29,1;23,6;29,8;28,6;24,6;23,2;77;68;72;248;3,7;1,3;
2026/01/17;1900 UTC;0;1002,5;1002,8;1002,4;897;28,6;23,6;29,2;28,5;24,5;23,4;79;72;75;242;3,8;,9;
2026/01/17;2000 UTC;0;1002,6;1002,7;1002,4;505,1;28,3;24;28,6;28,2;24,6;23,8;80;75;77;252;3,7;1,1;
2026/01/17;2100 UTC;0;1002,3;1002,6;1002,2;350,7;28,1;24,3;28,6;28,1;24,5;23,6;80;76;80;243;3;1,1;
2026/01/17;2200 UTC;1,2;1003,3;1003,3;1002,2;58,7;26;24,5;28,1;26;24,7;24,1;92;80;92;169;4,1;1,3;
2026/01/17;2300 UTC;,8;1004;1004;1003;0;25,3;24;26;24,9;24,6;23,7;95;91;93;57;4,5;,8;
2026/01/18;0000 UTC;;;;;;;;;;;;;;;;;;
2026/01/18;0100 UTC;;;;;;;;;;;;;;;;;;
2026/01/18;0200 UTC;,2;1005,6;1006;1005,3;0;23,7;23,1;23,7;23,3;23,1;22,6;97;95;97;254;3,4;,8;
2026/01/18;0300 UTC;0;1005,1;1005,8;1005;0;23,6;23,1;23,7;23,5;23,1;23;97;96;97;39;1,6;,5;
2026/01/18;0400 UTC;0;1004,8;1005,4;1004,7;0;23,6;23,1;23,7;23,5;23,2;22,9;97;96;97;200;2,8;,5;
2026/01/18;0500 UTC;0;1004;1004,8;1004;0;23,7;23;23,9;23,6;23,2;23;97;95;96;58;2,7;,4;
2026/01/18;0600 UTC;0;1003,4;1004;1003,4;0;24;23,3;24;23,6;23,4;23;97;96;96;57;1,8;1,1;
2026/01/18;0700 UTC;0;1002,8;1003,4;1002,8;0;23,8;23,3;24;23,8;23,3;23,1;97;95;97;30;1,8;,2;
2026/01/18;0800 UTC;0;1002,7;1003;1002,7;0;24,2;23,4;24,4;23,8;23,6;23,3;97;95;95;93;1,8;,5;
2026/01/18;0900 UTC;0;1003;1003;1002,7;0;24,4;23,6;24,5;24,2;23,6;23,4;96;95;95;105;2,4;,9;
2026/01/18;1000 UTC;0;1003,6;1003,6;1003;,5;24,1;23,4;24,4;24,1;23,6;23,2;96;94;96;130;2,1;,4;
2026/01/18;1100 UTC;0;1004,6;1004,6;1003,6;65,4;24,6;23,5;24,6;24,1;23,7;23,3;96;93;94;156;1,8;,9;
2026/01/18;1200 UTC;0;1005,7;1005,7;1004,6;233,6;24,6;22,5;24,8;24,5;23,7;22,4;94;88;88;114;3,5;,8;
2026/01/18;1300 UTC;0;1006,7;1006,7;1005,7;398,6;25;23,1;25;24,6;23,1;22,4;90;87;89;201;3;,9;
2026/01/18;1400 UTC;0;1006,9;1007;1006,7;563,6;25,5;22,9;26;24,9;23,6;22,6;90;84;85;172;2,6;1,2;
2026/01/18;1500 UTC;0;1006,8;1007;1006,8;1354,6;27,3;23,6;27,7;25,4;24,4;22,8;87;78;80;65;3,2;1,5;
2026/01/18;1600 UTC;0;1005,9;1006,8;1005,9;1916,4;28,2;24;29,5;27,3;25;23;82;71;78;212;3,4;1,1;
2026/01/18;1700 UTC;0;1004,2;1005,9;1004,2;1550,7;29,2;23,4;30,1;27,6;25,4;23;81;69;71;100;4,3;1,1;
2026/01/18;1800 UTC;0;1002,9;1004,2;1002,9;2718,9;29,8;23,2;30,3;29,1;24,7;23;76;68;68;124;4,4;1,9;
2026/01/18;1900 UTC;0;1001,7;1002,9;1001,7;2622,7;30,6;23,4;31,1;29,1;24,7;22,9;73;64;66;116;5,4;1,9;
2026/01/18;2000 UTC;0;1001;1001,7;1001;1160,4;30,4;23;31,1;29,7;24,6;22,7;71;62;65;88;4,6;1,2;
2026/01/18;2100 UTC;0;1000,8;1001,1;1000,7;224,3;30;22,6;30,8;29,9;23,6;22,2;67;61;65;94;4,9;1,5;
2026/01/18;2200 UTC;0;1000,7;1001;1000,7;132,3;29,2;23,2;30;29,2;23,4;22,5;71;64;70;68;4,3;1,2;
2026/01/18;2300 UTC;0;1001,2;1001,4;1000,7;10,2;27,6;23,2;29,2;27,6;23,4;23,1;77;70;77;30;4,1;1,4;
2026/01/19;0000 UTC;0;1002,5;1002,5;1001,2;0;27,1;22,4;27,6;26,9;23,2;22,3;78;75;75;50;3,6;1,4;
2026/01/19;0100 UTC;0;1003,1;1003,1;1002,4;0;26,4;22,9;27,1;26,2;23;22,3;83;75;81;55;3,4;1;
2026/01/19;0200 UTC;0;1003,3;1003,3;1003,1;0;26,6;22,5;26,6;26,3;22,9;22,5;81;78;79;50;3,1;1,6;
2026/01/19;0300 UTC;0;1003,7;1003,7;1003,2;0;26,1;23,1;26,6;25,9;23,1;22,5;84;78;84;29;3,3;1;
2026/01/19;0400 UTC;0;1003,7;1003,8;1003,6;0;25,8;23,2;26,3;25,8;23,3;23;86;83;85;350;3,7;,6;
2026/01/19;0500 UTC;0;1003,1;1003,7;1003,1;0;25,3;22,9;25,9;25,3;23,2;22,9;86;84;86;43;3,7;,5;
2026/01/19;0600 UTC;0;1002,6;1003,2;1002,6;0;25,1;23,1;25,5;25;23,2;22,9;89;86;89;61;2;,7;
2026/01/19;0700 UTC;0;1002,6;1002,8;1002,6;0;25,2;23;25,4;24,8;23,2;23;90;87;87;76;3;,6;
2026/01/19;0800 UTC;0;1002,7;1002,8;1002,6;0;25;23;25,2;24,8;23,1;22,9;90;87;88;65;2,2;1;
2026/01/19;0900 UTC;0;1002,9;1002,9;1002,7;0;24,6;23;25;24,5;23,1;22,9;91;88;91;49;2,9;1,1;
2026/01/19;1000 UTC;0;1003,7;1003,7;1002,9;,4;25,1;22,9;25,1;24,4;23;22,9;91;88;88;44;2,9;1,4;
2026/01/19;1100 UTC;0;1004,5;1004,5;1003,7;92;25,4;23;25,5;25,1;23,1;22,9;88;86;87;43;3,1;1,3;
2026/01/19;1200 UTC;0;1005,3;1005,3;1004,5;522,3;27,1;22,8;27,2;25,4;23,2;22,7;87;77;77;42;4,2;1,9;
2026/01/19;1300 UTC;0;1005,5;1005,6;1005,3;1447,6;29,4;23,2;29,4;27;23,2;22,1;77;67;69;84;5,5;2,2;
2026/01/19;1400 UTC;0;1005,7;1005,7;1005,5;2140,2;29,7;23,9;30;29,1;24;22,6;72;67;71;68;6,6;2,9;
2026/01/19;1500 UTC;0;1005,4;1005,7;1005,4;2339,3;29,3;23,5;30,6;29,3;24,1;23,3;72;67;71;82;6,2;3,1;
2026/01/19;1600 UTC;0;1004,6;1005,4;1004,6;2541,6;30,8;24;31,3;29,3;24,8;23,4;72;66;67;76;7;2,5;
2026/01/19;1700 UTC;0;1003,2;1004,6;1003,2;3056,3;31,5;23,8;32,5;30,4;25,1;23,4;71;62;64;60;6,2;2,2;
2026/01/19;1800 UTC;0;1001,7;1003,2;1001,7;2020,6;32,5;24,6;32,5;30,3;24,9;23,1;68;60;63;41;5,4;1,3;
2026/01/19;1900 UTC;0;1000,3;1001,7;1000,3;1971,5;32,8;23,4;33,1;30,1;24,8;22,9;71;57;58;38;5,4;1,8;
2026/01/19;2000 UTC;0;999,4;1000,3;999,4;730,8;31;23,6;33,1;30,9;24,5;23;65;57;65;66;4,5;2,1;
2026/01/19;2100 UTC;0;999;999,4;999;238,3;30,3;23;32;30,2;24,7;22,8;67;62;65;26;5,4;1,3;
2026/01/19;2200 UTC;0;999,5;999,5;999;92;30,2;23,5;30,4;29,9;23,6;22,6;68;64;67;66;4,4;1,6;
2026/01/19;2300 UTC;0;1000,2;1000,3;999,5;7,7;28,1;23,9;30,2;27,9;23,9;22,9;78;66;78;56;6,3;1,4;
2026/01/20;0000 UTC;0;1001,2;1001,2;1000,2;0;27,7;23,7;28,6;27,7;24;23,5;79;74;79;28;5,6;1,6;
2026/01/20;0100 UTC;0;1002,3;1002,3;1001,2;0;27,2;23,2;27,7;27;23,6;23;80;77;79;46;4,9;1,6;
2026/01/20;0200 UTC;0;1002,9;1002,9;1002,3;0;27,2;23,2;27,3;27,1;23,3;23,1;79;79;79;43;3,3;1,4;
2026/01/20;0300 UTC;0;1003,1;1003,2;1002,9;0;27,2;23,6;27,4;27,1;23,6;23,1;81;78;81;57;3,6;1,7;
2026/01/20;0400 UTC;0;1003,1;1003,3;1003,1;0;26,8;23,7;27,3;26,5;23,8;23,6;85;80;83;62;3,2;1;
2026/01/20;0500 UTC;0;1002,6;1003,1;1002,6;0;27;23,5;27;26,7;23,7;23,5;83;81;81;45;2,2;1;
2026/01/20;0600 UTC;0;1002,3;1002,6;1002,3;0;26,7;23,1;27,1;26,7;23,6;23;81;79;80;42;2,8;,8;
2026/01/20;0700 UTC;0;1001,6;1002,3;1001,6;0;26,7;23,2;26,8;26,5;23,4;23,1;83;80;81;41;2,3;1;
2026/01/20;0800 UTC;0;1001,8;1002;1001,5;0;26,4;23,5;26,9;26,1;24;23,2;87;81;84;27;1,7;,7;
2026/01/20;0900 UTC;0;1002,4;1002,4;1001,7;0;26,1;24,1;26,7;26;24,1;23,4;89;82;89;325;2,2;,3;
2026/01/20;1000 UTC;0;1002,4;1002,6;1002,3;,2;26,1;23,6;26,3;26,1;24,2;23,5;89;85;86;66;1,5;,5;
2026/01/20;1100 UTC;0;1003,4;1003,4;1002,3;104,2;27,1;24,6;27,2;26,1;24,6;23,5;87;80;86;169;1,5;,4;
2026/01/20;1200 UTC;0;1003,8;1003,8;1003,4;276,9;27,9;23,6;27,9;26,8;24,4;23,4;86;77;78;83;2,9;1,8;
2026/01/20;1300 UTC;0;1004,4;1004,4;1003,8;475,1;28,6;23,8;28,7;27,9;24;23,3;78;75;75;98;3,3;1;
2026/01/20;1400 UTC;0;1004,6;1004,8;1004,4;1087,6;31,1;24,8;31,1;28,6;25,4;23,6;79;69;69;31;2,6;,9;
2026/01/20;1500 UTC;0;1003,9;1004,6;1003,9;1733,4;28,9;24,6;32,3;28,9;25,6;23,8;78;63;78;175;4,4;1,9;
2026/01/20;1600 UTC;7,8;1004;1004,2;1003,8;267,4;25,4;24,6;28,9;25;24,8;23,2;96;74;96;27;6,4;,7;
2026/01/20;1700 UTC;5;1003,4;1004;1003,4;303,1;24,5;23,2;25,5;24,5;24,9;23,2;96;93;93;57;4,9;2,5;
2026/01/20;1800 UTC;,6;1001,8;1003,4;1001,8;397,7;25,2;24,4;25,2;24,4;24,4;23,1;96;92;95;329;4,6;,5;
2026/01/20;1900 UTC;0;1001,4;1001,8;1001,2;838,2;27,1;24,9;27,1;25,2;25,7;24,4;96;88;88;49;3,5;2,1;
2026/01/20;2000 UTC;3;1000,8;1001,5;1000,8;207,1;25,1;23,5;27,3;24,9;25,1;23,5;93;87;91;84;6,7;3,2;
2026/01/20;2100 UTC;0;1000,5;1000,8;1000,3;166;24,8;23,3;25,3;24,8;23,7;23,3;92;90;91;46;5,8;1,6;
2026/01/20;2200 UTC;0;1001,5;1001,7;1000,5;34;24,8;23,1;24,9;24,6;23,5;23,1;93;90;90;74;4,3;,5;
2026/01/20;2300 UTC;0;1001,8;1001,8;1001,5;1,9;25;23,1;25,1;24,4;23,4;22,9;94;89;89;52;2,4;1,4;
2026/01/21;0000 UTC;0;1003,1;1003,1;1001,8;1,4;25,4;23,2;25,4;24,9;23,2;23;90;87;88;90;2,7;1,3;
2026/01/21;0100 UTC;0;1003,7;1003,7;1003,1;,6;25,4;23,7;25,5;25,2;23,7;23,1;90;87;90;120;3,3;,8;
2026/01/21;0200 UTC;0;1003,8;1004;1003,6;0;25,3;23,6;25,5;25,2;23,8;23,6;91;90;90;118;2,5;,9;
2026/01/21;0300 UTC;0;1004,2;1004,2;1003,8;0;25,1;23,8;25,3;25,1;23,9;23,5;93;90;92;86;2,4;,3;
2026/01/21;0400 UTC;0;1004,2;1004,4;1004,2;0;25,1;23,8;25,2;25;24;23,7;94;92;92;183;1,5;,7;
2026/01/21;0500 UTC;,4;1003,4;1004,2;1003,4;0;24,7;23,9;25,3;24,7;24;23,6;95;91;95;51;2,7;,4;
2026/01/21;0600 UTC;0;1002;1003,4;1002;0;24,5;23,8;24,7;24,5;24;23,7;96;94;96;310;1,6;,2;
2026/01/21;0700 UTC;0;1001,7;1002;1001,5;0;24,6;23,6;24,7;24,4;23,9;23,6;96;94;94;39;3,1;1;
2026/01/21;0800 UTC;3,6;1002,3;1002,4;1001,7;,2;24,2;23,2;25;24,2;23,6;23;95;90;94;4;3,4;,6;
2026/01/21;0900 UTC;,8;1001,6;1002,3;1001,6;0;24,4;23;24,4;23,8;23,4;23;96;92;92;94;3,6;1,5;
2026/01/21;1000 UTC;0;1001,7;1001,7;1001,3;0;24,4;23,2;24,6;24,3;23,3;22,5;93;89;93;170;4,4;1;
2026/01/21;1100 UTC;0;1003,2;1003,2;1001,7;90,9;24,9;24,1;25;24,1;24,1;23,2;96;93;95;195;2,6;,9;
2026/01/21;1200 UTC;0;1004,9;1004,9;1003,2;220,1;25,1;23,9;25,4;24,9;24,3;23,8;95;92;93;236;4;1,4;
2026/01/21;1300 UTC;0;1005,4;1005,4;1004,9;348,6;25,8;24,2;25,8;25,1;24,2;23,9;93;91;91;222;3,6;1,4;
2026/01/21;1400 UTC;0;1005,1;1005,5;1005,1;878,2;26,8;23,9;26,9;25,7;24,5;23,6;91;83;85;214;4,7;2,1;
2026/01/21;1500 UTC;2,6;1005,3;1005,3;1005;595,1;24,5;23,3;27,3;24,5;25;23,3;93;82;93;350;4,7;,9;
2026/01/21;1600 UTC;9;1004,8;1005,3;1004,8;137,3;23,8;23,1;24,5;23,8;23,6;23,1;97;93;96;1;3,4;,4;
2026/01/21;1700 UTC;3,6;1003,5;1004,8;1003,5;575,7;25,1;24,1;25,1;23,8;24,2;23,2;97;94;94;63;4,6;1,7;
2026/01/21;1800 UTC;0;1002,2;1003,5;1002,2;1683,8;28,1;23,2;28,1;25,1;24,5;22,4;95;74;75;72;5,5;2,4;
2026/01/21;1900 UTC;0;1001,5;1002,2;1001,5;1182,4;27,8;23,2;28,6;27,8;24;22,7;78;71;76;74;6,8;2,4;
2026/01/21;2000 UTC;0;1001,5;1001,5;1001,2;297,1;26,7;23,4;27,9;26,7;23,6;23;83;76;83;61;5,3;1,2;
2026/01/21;2100 UTC;,8;1001,6;1001,6;1001,4;120,9;25,6;24;26,8;25,5;24,2;23,2;91;81;91;109;3;1,1;
2026/01/21;2200 UTC;0;1002,9;1002,9;1001,6;68,4;25;23,5;25,6;25;24,3;23,3;93;90;91;313;3,4;,8;
2026/01/21;2300 UTC;11,4;1004;1004;1002,9;,1;23,1;22,6;25;23;23,6;22,2;97;91;97;303;5,2;,9;
2026/01/22;0000 UTC;;1004,7;;;;22,7;22,3;23,1;22,7;22,6;22,3;98;97;98;;;;
2026/01/22;0100 UTC;7,8;1004,9;1005,1;1004,7;0;22,9;22,5;23;22,7;22,6;22,4;98;97;98;50;2,8;,7;
2026/01/22;0200 UTC;2,6;1005;1005,1;1004,9;0;22,8;22,4;22,9;22,8;22,5;22,3;98;97;97;347;2,7;,7;
2026/01/22;0300 UTC;,2;1004,7;1005;1004,7;0;22,7;22,3;22,8;22,7;22,4;22,2;98;97;97;281;2,2;,6;
2026/01/22;0400 UTC;0;1004,3;1004,7;1004,3;0;22,6;22,1;22,7;22,5;22,2;22;97;97;97;304;3;,6;
2026/01/22;0500 UTC;0;1004,2;1004,3;1004,2;0;22,9;22;23;22,6;22,1;22;97;94;94;263;2,9;,7;
2026/01/22;0600 UTC;0;1003,5;1004,2;1003,5;0;22,7;22,2;22,9;22,7;22,4;22;97;94;97;62;2,5;,3;
2026/01/22;0700 UTC;0;1002,8;1003,5;1002,8;0;22,6;22,2;22,7;22,6;22,3;22,2;98;97;98;14;,8;,3;
2026/01/22;0800 UTC;0;1002,6;1002,8;1002,4;0;22,7;22,1;22,8;22,5;22,2;22,1;98;96;96;68;1,8;1,1;
2026/01/22;0900 UTC;0;1002,8;1002,9;1002,6;0;23;21,9;23;22,7;22,1;21,9;96;94;94;85;2,9;1,2;
2026/01/22;1000 UTC;0;1003,3;1003,3;1002,8;,2;23,1;22,2;23,1;22,7;22,2;21,9;96;93;95;83;2,5;1,4;
2026/01/22;1100 UTC;0;1003,8;1003,8;1003,3;80,4;23,6;22,6;23,6;23,1;22,6;22,2;95;94;94;60;3,8;1;
2026/01/22;1200 UTC;0;1004,8;1004,8;1003,8;806,7;26,2;23,6;26,3;23,6;23,7;22,6;94;85;86;119;3,5;,9;
2026/01/22;1300 UTC;0;1005;1005;1004,8;1588,5;27,7;23,6;28,1;25,6;24,4;23,1;87;78;78;89;3,7;1,3;
2026/01/22;1400 UTC;0;1004,8;1005;1004,8;2565,7;29,2;24,3;30;27,4;25,4;23,3;81;71;75;39;4,4;1,9;
2026/01/22;1500 UTC;0;1004,5;1004,8;1004,4;3140,6;31,1;24;31,8;29,2;25,9;23,4;76;63;66;24;5,2;1,7;
2026/01/22;1600 UTC;0;1004;1004,5;1004;1488,7;29,5;24,1;31,4;29,3;25,2;23,3;76;64;73;224;5,2;1,3;
2026/01/22;1700 UTC;0;1003,2;1004;1003,2;1667;29,7;24,4;31,8;29,4;25,9;23,8;77;67;73;273;3,4;1;
2026/01/22;1800 UTC;0;1002;1003,2;1002;2163,9;30,5;24,5;30,8;28,6;26;23,5;79;69;70;88;5,1;2;
2026/01/22;1900 UTC;0;1001;1002;1000,9;2079,7;30,6;23,3;31;28,3;25;22,6;75;65;65;42;8,1;1,9;
2026/01/22;2000 UTC;0;1000,2;1001;1000,2;1277,2;32,2;21,1;32,2;30,4;24,6;21,1;68;52;52;238;4,3;,5;
2026/01/22;2100 UTC;0;1000,1;1000,2;999,9;343;31;23,1;32,3;31;23,4;20,5;64;50;63;360;2,2;,6;
2026/01/22;2200 UTC;0;1000,9;1000,9;1000,1;261,1;27,7;23,1;31;27,7;24;22,3;76;63;76;346;6,2;,5;
2026/01/22;2300 UTC;0;1000,9;1001,2;1000,9;10,1;26,6;23;27,8;26,6;23,4;22,5;82;73;81;52;2,3;,3;
2026/01/23;0000 UTC;0;1001,7;1001,7;1000,8;0;26,4;22,8;27,5;26,3;23,8;22,3;85;74;81;53;3,6;1,1;
2026/01/23;0100 UTC;0;1002,6;1002,6;1001,7;0;26,3;23,1;26,5;26,2;23,1;22,2;83;77;82;70;3,8;1,6;
2026/01/23;0200 UTC;0;1002,8;1002,8;1002,5;0;26,2;23,8;26,4;26,2;23,8;23,1;86;82;86;64;3,7;1,3;
2026/01/23;0300 UTC;0;1002,8;1002,8;1002,6;0;26,4;23,5;26,4;26,1;23,8;23,5;87;84;84;45;3;1,6;
2026/01/23;0400 UTC;0;1002,9;1003;1002,8;0;25,8;23,6;26,4;25,7;23,7;23,5;88;84;88;42;4;1,6;
2026/01/23;0500 UTC;0;1002,3;1002,9;1002,2;0;25,9;23,4;25,9;25,7;23,7;23,4;88;86;86;57;3,3;1,6;
2026/01/23;0600 UTC;0;1002,2;1002,3;1002,1;0;25,6;23,4;26;25,6;23,4;23,3;88;86;88;49;3,4;1,5;
2026/01/23;0700 UTC;0;1001,8;1002,2;1001,8;0;25;23,3;25,7;25;23,4;23,3;90;88;90;23;2,9;,4;
2026/01/23;0800 UTC;0;1001,8;1001,9;1001,7;0;24,9;23,6;25,2;24,9;23,6;23,2;93;89;93;130;1,2;,4;
2026/01/23;0900 UTC;0;1002,6;1002,6;1001,8;0;25,1;23,3;25,7;24,8;23,6;23,3;93;87;90;70;1,6;,6;
2026/01/23;1000 UTC;0;1002,9;1002,9;1002,6;0;25,4;23,2;25,4;24,9;23,6;23,2;92;88;88;72;1,8;,6;
2026/01/23;1100 UTC;0;1003,7;1003,7;1002,9;102;26,1;23,6;26,1;25;23,7;23,1;91;85;86;9;1,5;,4;
2026/01/23;1200 UTC;0;1005;1005;1003,7;376;26,8;23,4;26,8;26,1;24;23,1;87;81;82;51;2,2;1,1;
2026/01/23;1300 UTC;0;1005,6;1005,6;1005;656,2;27,6;23,3;27,9;26,8;23,8;22,8;83;76;78;58;3;1,5;
2026/01/23;1400 UTC;0;1005,5;1005,7;1005,5;1268,1;29,4;24,2;29,4;27,6;24,6;23,1;80;71;74;33;4,8;2,2;
2026/01/23;1500 UTC;0;1005;1005,5;1005;2442,6;31;23,7;32;29,4;25,3;23,5;74;64;65;328;4,9;,8;
2026/01/23;1600 UTC;0;1003,5;1005;1003,5;1607,9;30;24,1;31,9;29,7;25,4;23,2;72;62;71;242;5,5;1,8;
2026/01/23;1700 UTC;,8;1003,3;1003,5;1003,3;1218,8;27,3;24,4;31,5;27,3;25,5;23,7;85;66;85;113;5,3;2;
2026/01/23;1800 UTC;2,2;1002,4;1003,3;1002,4;1408,9;28,2;25,1;30;26,9;26,3;24,2;92;71;84;300;5;,9;
2026/01/23;1900 UTC;26;1002,6;1003;1002,4;248,2;24,8;24,4;28,1;23,9;25,1;22,9;98;82;98;311;6,9;,7;
2026/01/23;2000 UTC;3,6;1002,2;1002,6;1002,2;87,4;24,8;24,2;24,8;24,3;24,4;23,8;98;96;96;59;4,5;1,4;
2026/01/23;2100 UTC;,4;1002,2;1002,2;1001,8;40,8;25,2;24,1;25,4;24,8;24,6;24,1;97;93;93;58;5,6;2,9;
2026/01/23;2200 UTC;,2;1002,1;1002,4;1002;67,5;25;23,6;25,2;24,9;24,1;23,3;94;90;92;55;5,7;1,9;
2026/01/23;2300 UTC;0;1002,7;1002,7;1002,1;6,8;24,9;23,6;25,1;24,9;23,8;23,6;93;92;92;39;4,3;1,5;
2026/01/24;0000 UTC;0;1003,7;1003,7;1002,6;,8;24,8;23,4;25,2;24,8;23,7;23,4;93;90;92;39;3,5;1,4;
2026/01/24;0100 UTC;0;1004,2;1004,2;1003,7;1,3;25,1;23,4;25,1;24,7;23,6;23,4;94;90;90;59;3,7;1,9;
2026/01/24;0200 UTC;;;;;;;;;;;;;;;;;;
2026/01/24;0300 UTC;0;1005,4;1005,5;1005;,1;25,1;23,9;25,2;24,9;23,9;23,4;93;90;93;92;3,2;,7;
2026/01/24;0400 UTC;0;1004,8;1005,5;1004,8;0;25,2;23,9;25,3;25,1;23,9;23,8;93;92;92;79;2,7;,7;
2026/01/24;0500 UTC;0;1003,9;1004,8;1003,9;0;25,2;23,8;25,3;25;23,9;23,8;93;92;92;123;2,5;1,2;
2026/01/24;0600 UTC;0;1003,7;1003,9;1003,7;0;24,8;23,5;25,2;24,8;23,8;23,3;93;90;93;184;2,3;,4;
2026/01/24;0700 UTC;0;1003,6;1003,7;1003,6;,1;24,8;23,7;24,9;24,7;23,8;23,4;94;91;94;72;1,2;,5;
2026/01/24;0800 UTC;0;1003,5;1003,6;1003,4;,1;25;23,9;25;24,8;24,1;23,7;95;93;94;181;1,5;,4;
2026/01/24;0900 UTC;0;1003,9;1003,9;1003,5;,2;25,1;23,9;25,2;25;24,1;23,9;95;93;93;175;3,1;1,3;
2026/01/24;1000 UTC;,2;1004,5;1004,5;1003,9;0;24,9;24,1;25,2;24,9;24,2;23,9;95;93;95;202;2,6;,9;
2026/01/24;1100 UTC;0;1005,5;1005,5;1004,5;47,7;25,4;24,3;25,4;24,9;24,5;24,1;96;94;94;241;4,5;1;
2026/01/24;1200 UTC;0;1006,5;1006,5;1005,5;128,7;25,4;24,2;25,6;25,4;24,5;24,2;95;93;93;246;4,5;1,1;
2026/01/24;1300 UTC;0;1007;1007;1006,5;274,9;25,9;24,2;25,9;25,4;24,4;23,7;94;89;90;247;4,6;1,2;
2026/01/24;1400 UTC;4;1007,3;1007,4;1007;224,3;23,9;23,1;25,9;23,9;24,3;22,9;96;89;95;224;6;2,3;
2026/01/24;1500 UTC;13,2;1007,2;1007,5;1007,2;280,5;23,6;23,1;23,9;23,2;23,3;22,6;98;95;97;252;6,6;1,7;
2026/01/24;1600 UTC;2,6;1006,7;1007,2;1006,6;726,4;24;23,2;24,4;23,5;23,8;22,9;97;95;96;241;5,3;2,1;
2026/01/24;1700 UTC;1,6;1006,2;1006,7;1006,2;537,4;24,5;23,7;25;24;24,4;23,3;97;95;96;187;5,1;1,7;
2026/01/24;1800 UTC;2,4;1005,1;1006,2;1005,1;382,1;24,4;23,7;24,5;24,1;23,8;23,3;96;95;96;121;4,4;1;
2026/01/24;1900 UTC;3;1003,6;1005,1;1003,5;365,5;24,7;24,2;24,9;24,2;24,4;23,4;97;95;97;27;2,1;,5;
2026/01/24;2000 UTC;1,2;1003,3;1003,6;1003,3;373,8;25;24,4;25;24,6;24,5;24,1;97;96;97;309;1,7;,4;
2026/01/24;2100 UTC;,6;1003,2;1003,3;1003,1;222,2;24,8;24,2;25;24,7;24,5;24,1;97;96;96;15;1,8;,3;
2026/01/24;2200 UTC;1;1004,3;1004,3;1003,1;78,7;24,8;24,2;24,9;24,7;24,3;24,2;97;96;96;66;1,7;1;
2026/01/24;2300 UTC;,8;1005,2;1005,2;1004,3;4,6;24,6;24;24,9;24,5;24,2;23,9;97;95;97;47;3,1;1,4;
2026/01/25;0000 UTC;0;1005,4;1005,4;1005,2;0;24,3;23,5;24,7;24,3;24;23,5;97;95;95;50;4,9;2,2;
2026/01/25;0100 UTC;0;1006,1;1006,1;1005,4;0;24,2;23,4;24,3;24,1;23,5;23,3;95;95;95;50;4,9;1,9;
2026/01/25;0200 UTC;0;1006,8;1006,8;1006,1;0;24;23,2;24,2;24;23,3;23,1;96;94;95;47;4,2;1,7;
2026/01/25;0300 UTC;0;1006,6;1007;1006,6;0;23,8;22,9;24,1;23,8;23,2;22,9;95;94;95;69;3,3;1;
2026/01/25;0400 UTC;0;1006;1006,6;1006;0;23,7;22,6;23,8;23,4;22,9;22,6;96;94;94;82;2,3;,8;
2026/01/25;0500 UTC;0;1005,5;1006;1005,5;0;23,3;22,5;23,7;23,2;22,7;22,4;96;94;96;14;1,5;,4;
2026/01/25;0600 UTC;0;1005;1005,5;1005;0;23,1;22,5;23,3;23,1;22,6;22,5;97;96;97;342;1,1;,2;
2026/01/25;0700 UTC;0;1004,8;1005;1004,7;0;22,9;22,5;23,1;22,9;22,5;22,4;97;97;97;17;1;,4;
2026/01/25;0800 UTC;0;1004,8;1004,9;1004,7;0;23,3;22,6;23,3;22,9;22,6;22,4;97;96;96;46;1,8;1;
2026/01/25;0900 UTC;,2;1005,1;1005,2;1004,8;0;23,3;22,6;23,3;23,2;22,6;22,5;96;96;96;48;2,4;1,2;
2026/01/25;1000 UTC;0;1005,3;1005,3;1005,1;0;23,2;22,5;23,3;23,1;22,6;22,4;96;96;96;73;2,1;,6;
2026/01/25;1100 UTC;0;1005,8;1005,8;1005,3;62,3;23,7;22,6;23,7;23,2;22,6;22,4;96;93;93;61;2,8;1,3;
2026/01/25;1200 UTC;0;1006,8;1006,8;1005,8;328,1;25,2;23,3;25,2;23,7;23,3;22,5;93;89;90;64;2,8;1;
2026/01/25;1300 UTC;0;1007,3;1007,3;1006,8;813;26,2;22,6;26,2;24,9;23,9;22,3;90;80;81;51;5,1;2,7;
2026/01/25;1400 UTC;0;1007,6;1007,6;1007,3;1303,1;27;21,6;27,2;26,2;23;21,5;81;72;72;52;7,3;3,4;
2026/01/25;1500 UTC;0;1007,4;1007,6;1007,4;2085,1;28,7;23;28,7;26,9;23,5;21,6;76;69;71;53;7,6;2,8;
2026/01/25;1600 UTC;0;1006,7;1007,4;1006,7;2781,6;29,4;22,7;29,6;28,4;23,8;22,2;74;67;67;40;6,2;2,3;
2026/01/25;1700 UTC;0;1005,9;1006,7;1005,9;1553;29,4;23,4;30;28,8;24,2;22,7;74;67;70;46;5,4;2,1;
2026/01/25;1800 UTC;0;1004,7;1005,9;1004,7;1259,4;29,5;23,4;30,2;29,3;24,3;22,7;73;67;70;40;4,8;1,5;
2026/01/25;1900 UTC;0;1003,7;1004,7;1003,7;1480,4;30,3;23,2;31;29,2;24,8;23;73;64;66;55;5;1,5;
2026/01/25;2000 UTC;0;1002,6;1003,7;1002,6;904,7;30,3;22,9;32;29,7;24,5;22,6;69;59;65;72;5,3;1,5;
2026/01/25;2100 UTC;0;1001,8;1002,6;1001,8;330,5;30;23,2;31,8;29,8;23,8;22,7;67;61;67;71;4,1;1,5;
2026/01/25;2200 UTC;2,8;1002,6;1002,6;1001,8;148,8;26,8;24,8;30,1;26,8;24,9;23,1;89;66;89;177;3;1,1;
2026/01/25;2300 UTC;0;1003,5;1003,5;1002,6;8,2;26,4;25;26,9;26,3;25,3;24,4;94;86;92;198;2,3;1,1;
2026/01/26;0000 UTC;0;1004,4;1004,4;1003,5;0;25,9;24,9;26,4;25,8;25,2;24,5;95;92;94;141;2;,6;
2026/01/26;0100 UTC;0;1005,1;1005,2;1004,4;0;26,2;24,3;26,6;25,9;24,7;24,1;94;88;89;114;1,9;,6;
2026/01/26;0200 UTC;0;1005,6;1005,6;1005;,3;27;24,2;27,1;26,1;24,3;23,9;89;84;84;72;1,9;1;
2026/01/26;0300 UTC;0;1005,9;1005,9;1005,6;,2;26,9;24,2;27,2;26,2;24,4;24,1;90;84;85;62;1,7;,9;
2026/01/26;0400 UTC;0;1005,8;1006;1005,8;0;25,7;24;26,9;25,7;24,3;24;91;85;90;52;1,5;,7;
2026/01/26;0500 UTC;0;1005;1005,8;1005;,1;25,7;24,5;26,3;25,6;24,5;24;93;89;93;62;1,5;,7;
2026/01/26;0600 UTC;0;1004,5;1005;1004,5;0;26,1;24,6;26,3;25,7;24,7;24,4;93;91;92;49;1,5;,9;
2026/01/26;0700 UTC;0;1004,3;1004,5;1004,2;0;25,7;24,4;26,1;25,3;24,6;24,4;95;92;92;47;1,5;,9;
2026/01/26;0800 UTC;0;1004,4;1004,4;1004,2;0;25,6;24,2;25,8;25,2;24,4;24,2;95;92;92;53;1,9;1,2;
2026/01/26;0900 UTC;0;1004,7;1004,7;1004,3;0;25,2;24,3;25,7;25,2;24,3;24;94;92;94;218;1,9;,3;
2026/01/26;1000 UTC;0;1005,4;1005,4;1004,7;0;25,2;24,1;25,3;25,1;24,3;24,1;94;93;94;210;,8;,2;
2026/01/26;1100 UTC;0;1006,4;1006,4;1005,4;42,1;25,5;24,4;25,5;25,1;24,4;24;95;93;93;17;,6;,2;
2026/01/26;1200 UTC;0;1007,5;1007,5;1006,4;223,7;26,6;24,8;26,6;25,5;24,8;24,3;93;89;90;359;1,2;,4;
2026/01/26;1300 UTC;0;1008;1008,1;1007,5;461,9;27,9;25,1;27,9;26,6;25,3;24,3;90;84;85;17;2,2;,7;
2026/01/26;1400 UTC;1,2;1007,6;1008,1;1007,6;269,9;24,9;23,8;28;24,9;25,5;23,1;94;81;94;203;5,1;1,3;
2026/01/26;1500 UTC;5,4;1007,7;1007,9;1007,6;92,2;24,4;23,7;24,9;24,3;23,9;23,3;96;93;96;169;4,6;1,8;
2026/01/26;1600 UTC;3,2;1006,7;1007,7;1006,7;253,5;25,3;24;25,5;24,5;24,8;23,7;97;91;92;130;4,6;,6;
2026/01/26;1700 UTC;0;1006;1006,7;1006;459,7;26,3;24,6;26,4;25,1;25,4;24;96;90;91;27;3;1;
2026/01/26;1800 UTC;0;1005;1006,1;1005;823,2;26,3;23,4;26,7;25,2;25,1;23,2;91;84;84;28;5,7;1,7;
2026/01/26;1900 UTC;0;1003,6;1005;1003,6;1496,5;26,3;23,1;27,9;26,3;24,9;22,9;88;79;83;32;4,4;1,8;
2026/01/26;2000 UTC;0;1003,4;1003,6;1003,1;284,7;26,3;22,9;26,5;26,1;23,7;22,7;85;80;82;49;4;1,6;
2026/01/26;2100 UTC;0;1004,4;1004,4;1003,4;347,1;26,3;23,6;26,5;26,1;23,7;22,9;85;82;85;80;3,8;2,2;
2026/01/26;2200 UTC;3;1005;1005;1004,3;89,4;24,5;23,5;26,3;24,5;23,9;23,2;94;85;94;54;5,3;2;
2026/01/26;2300 UTC;0;1005,8;1005,8;1005;,5;24,6;23,4;24,7;24,5;23,6;23,3;94;93;93;64;6,8;1,7;
2026/01/27;0000 UTC;0;1006,2;1006,3;1005,8;,1;24,6;22,9;24,7;24,4;23,4;22,9;94;90;91;58;4,4;1,8;
2026/01/27;0100 UTC;0;1007;1007;1006,2;,3;24,6;23;24,7;24,5;23;22,8;91;90;91;60;4,4;1,5;
2026/01/27;0200 UTC;0;1007,3;1007,3;1006,9;0;24,6;23;24,8;24,5;23;22,9;91;90;91;65;3,9;1,6;
2026/01/27;0300 UTC;0;1007,3;1007,4;1007,3;0;24,5;22,7;24,6;24,5;23;22,7;91;89;90;57;4;1,7;
2026/01/27;0400 UTC;0;1007,2;1007,3;1007,2;0;24,4;22,8;24,5;24,2;22,8;22,7;91;90;91;45;3,8;1,4;
2026/01/27;0500 UTC;0;1006,6;1007,2;1006,6;0;24,4;22,6;24,4;24,2;22,8;22,6;92;90;90;56;3,8;1,3;
2026/01/27;0600 UTC;0;1005,9;1006,6;1005,9;0;24;22,7;24,4;24;22,7;22,6;92;90;92;40;3,5;1,4;
2026/01/27;0700 UTC;0;1005,7;1005,9;1005,6;0;23,8;22,8;24;23,8;22,8;22,7;94;92;94;65;2,7;,6;
2026/01/27;0800 UTC;0;1005,6;1005,8;1005,5;0;23,9;22,8;23,9;23,8;22,8;22,8;94;93;94;76;2,3;,9;
2026/01/27;0900 UTC;,2;1006;1006;1005,6;0;23,8;22,8;23,9;23,7;22,9;22,8;95;94;95;51;2,3;,8;
2026/01/27;1000 UTC;0;1006,4;1006,4;1006;0;23,6;22,9;23,8;23,5;22,9;22,8;96;95;96;54;1,4;,5;
2026/01/27;1100 UTC;0;1007,2;1007,2;1006,4;55,5;23,9;23,3;23,9;23,6;23,3;22,9;97;96;96;19;1,7;,2;
2026/01/27;1200 UTC;0;1008,2;1008,2;1007,2;382,8;25,2;23,4;25,2;23,9;23,7;23,1;96;89;90;63;1,9;,8;
2026/01/27;1300 UTC;0;1008,7;1008,7;1008,2;847,8;26,7;23,8;26,7;25,1;23,8;22,9;90;83;84;19;2,9;,7;
2026/01/27;1400 UTC;0;1008,8;1008,9;1008,7;1139,2;28,3;24,1;28,6;26,5;24,6;23,1;86;75;78;236;2,2;,6;
2026/01/27;1500 UTC;0;1008,4;1008,8;1008,4;1833,8;28,8;24,2;30,1;27,7;24,9;23;81;71;76;172;2,9;1,1;
2026/01/27;1600 UTC;0;1007,6;1008,4;1007,6;2334,7;30,4;24,4;30,4;28,3;25,3;23,1;81;68;71;272;4,3;1;
2026/01/27;1700 UTC;0;1006,6;1007,6;1006,6;2154,1;30,4;24,5;31;29,3;25;23,5;75;66;71;242;4,3;1,5;
2026/01/27;1800 UTC;0;1005,6;1006,6;1005,6;2464,6;30,5;23,3;31,9;29,6;25,1;22,9;72;61;65;139;4,5;1,1;
2026/01/27;1900 UTC;0;1004,3;1005,6;1004,3;561,2;29,4;23,5;30,5;29,2;24,3;22,9;74;65;71;70;3,4;,7;
2026/01/27;2000 UTC;0;1003,8;1004,3;1003,8;695,4;30,4;23,7;30,4;29,2;24,6;23,1;74;67;67;139;3,4;1,2;
2026/01/27;2100 UTC;0;1003,7;1003,8;1003,6;477,2;29,5;23,5;30,4;29,5;24,3;23;73;66;70;118;3,7;1,4;
2026/01/27;2200 UTC;0;1004,1;1004,1;1003,7;216,7;27,3;23;29,5;27,3;23,9;23;78;70;78;67;7,9;3,4;
2026/01/27;2300 UTC;0;1004,8;1004,8;1004,1;11,2;26,1;22,4;27,3;26,1;23;22,3;81;77;80;27;7,9;1,4;
2026/01/28;0000 UTC;0;1005;1005;1004,7;0;25,1;22;26,1;25,1;22,5;22;85;80;83;33;3,9;,6;
2026/01/28;0100 UTC;0;1006;1006;1004,9;0;25,5;21,8;25,6;25;22,1;21,8;83;80;80;74;3,4;1,7;
2026/01/28;0200 UTC;0;1006;1006,1;1005,9;0;25,1;22;25,6;25;22,1;21,9;84;80;83;56;3,1;1,3;
2026/01/28;0300 UTC;0;1005,8;1006;1005,8;0;24,8;22,3;25,2;24,7;22,3;22;86;83;86;42;2,6;1,5;
2026/01/28;0400 UTC;0;1005,7;1005,8;1005,6;0;24,5;22,4;24,9;24,5;22,4;22,2;88;85;88;49;2,5;,9;
2026/01/28;0500 UTC;0;1005,4;1005,8;1005,4;0;24,3;22,6;24,5;24;22,6;22,4;91;88;90;83;1,5;,7;
2026/01/28;0600 UTC;0;1004,9;1005,5;1004,9;0;24,5;22,7;24,7;24,3;22,7;22,5;90;88;90;79;2;,7;
2026/01/28;0700 UTC;0;1004,6;1004,9;1004,5;0;24,5;23,2;24,7;24,4;23,3;22,7;93;89;92;165;1,4;,3;
2026/01/28;0800 UTC;0;1004,5;1004,7;1004,4;0;25;23,7;25,1;24,5;23,7;23,2;93;90;93;121;2,1;,7;
2026/01/28;0900 UTC;0;1004,7;1004,7;1004,5;0;24,8;23,7;25,2;24,8;23,9;23,7;94;92;94;77;2,4;,6;
2026/01/28;1000 UTC;0;1005,6;1005,6;1004,7;0;24,9;23,8;25;24,8;23,9;23,7;94;93;94;78;2,4;,8;
2026/01/28;1100 UTC;0;1006,7;1006,7;1005,6;40,3;25,4;23,9;25,4;24,9;23,9;23,8;94;91;91;113;3;1;
2026/01/28;1200 UTC;0;1007,9;1007,9;1006,7;288;26;23,9;26;25,4;24,1;23,8;92;88;88;118;3;1,4;
2026/01/28;1300 UTC;0;1008,2;1008,2;1007,9;794,8;27,2;24,2;27,2;26;24,3;23,6;89;83;84;115;3,9;1,6;
2026/01/28;1400 UTC;0;1008,3;1008,4;1008,2;1120,7;27,9;24,2;28,3;27,1;24,6;23,8;84;79;81;86;4,7;1,9;
2026/01/28;1500 UTC;0;1007,6;1008,3;1007,6;838;28;24,2;28,4;27,3;24,9;23,8;85;79;80;123;4,6;1,5;
2026/01/28;1600 UTC;0;1006,5;1007,6;1006,5;1355,2;29,8;25;29,8;28;25;23,1;80;71;76;76;5,4;2,3;
2026/01/28;1700 UTC;0;1005,3;1006,5;1005,3;2082,5;30,9;24,7;31,2;29,3;24,8;23,5;76;67;70;67;6,3;2,9;
2026/01/28;1800 UTC;0;1003,9;1005,3;1003,9;1679,6;29,6;24;31,1;29,6;25,3;23,4;73;66;72;67;8,1;3,4;
2026/01/28;1900 UTC;,2;1003,3;1004,1;1003,3;534,9;27,2;23,2;29,6;26,3;24,2;22,8;86;72;79;47;10,1;3,3;
2026/01/28;2000 UTC;0;1003;1003,5;1003;569,5;26,3;23;27,5;25,6;23,2;22,2;84;75;82;41;8,7;2,9;
2026/01/28;2100 UTC;0;1002,9;1003;1002,8;356,8;26,8;22,3;27,1;26,3;23,1;21,7;82;74;76;38;6,3;2;
2026/01/28;2200 UTC;0;1003,3;1003,4;1002,7;85,7;26,9;22,6;27,1;26,8;22,7;22,1;78;75;77;35;4,4;1,9;
2026/01/28;2300 UTC;0;1003,9;1003,9;1003,3;6,7;26,8;22,8;27;26,7;22,9;22,5;80;77;79;75;3,8;1,4;
2026/01/29;0000 UTC;0;1004,9;1005;1003,9;0;26,7;22,8;26,8;26,4;22,8;22,6;80;78;79;52;3,5;1,7;
2026/01/29;0100 UTC;0;1005,9;1005,9;1004,9;0;26,5;22,9;26,7;26,5;22,9;22,8;81;79;81;56;5,8;1,7;
2026/01/29;0200 UTC;0;1006,2;1006,2;1005,9;0;26,4;22,7;26,5;26,2;22,9;22,6;82;80;80;77;4,1;1,5;
2026/01/29;0300 UTC;0;1006,5;1006,6;1006,2;0;26,1;22,7;26,5;26,1;22,7;22,6;82;80;82;59;3;1,1;
2026/01/29;0400 UTC;0;1006,1;1006,6;1006,1;0;25,9;22,6;26,2;25,9;22,8;22,6;82;81;82;73;2,7;1,1;
2026/01/29;0500 UTC;0;1005,5;1006,1;1005,5;0;25,3;22,8;26;25,3;22,8;22,6;86;82;86;36;3,8;1,1;
2026/01/29;0600 UTC;0;1004,9;1005,5;1004,9;0;25,2;23,1;25,4;24,7;23,1;22,8;91;86;88;66;2,2;,7;
2026/01/29;0700 UTC;0;1004,5;1004,9;1004,5;0;24,7;23,1;25,6;24,7;23,2;23;91;86;91;345;1,4;,4;
2026/01/29;0800 UTC;0;1004,6;1004,6;1004,5;0;25;23,4;25;24,6;23,4;23,1;92;91;91;138;1,1;,4;
2026/01/29;0900 UTC;0;1005;1005,1;1004,6;0;25,4;24;25,6;25;24;23,4;92;89;92;178;1,8;,7;
2026/01/29;1000 UTC;0;1005,7;1005,7;1005;,1;25,2;24,3;25,4;25,1;24,5;23,8;96;92;95;196;1,5;,5;
2026/01/29;1100 UTC;0;1006,6;1006,6;1005,7;74,4;25,8;24,3;25,8;25;24,4;24,3;96;91;91;120;1,5;,6;
2026/01/29;1200 UTC;0;1007,6;1007,6;1006,6;456,1;26,9;24,6;27;25,8;25;24,3;91;87;87;109;2,6;1,2;
2026/01/29;1300 UTC;0;1008,1;1008,1;1007,6;867,2;28,1;24,6;28,2;26,9;25,1;24,3;88;81;81;190;3,4;,8;
2026/01/29;1400 UTC;0;1008,1;1008,2;1008,1;972,1;28,6;24,4;28,6;28;25,2;24;83;77;78;79;3,2;1,3;
2026/01/29;1500 UTC;0;1007,6;1008,1;1007,6;1707,1;29,9;24,8;30,2;28,6;25,7;23,8;79;71;74;112;3,4;1,3;
2026/01/29;1600 UTC;0;1006,6;1007,6;1006,6;2506,1;31,3;23,8;31,6;29,7;25,2;23,1;76;63;65;61;5,3;2,3;
2026/01/29;1700 UTC;0;1005,1;1006,6;1005,1;2974,3;31,1;24;31,9;31;24,5;23;68;61;66;53;5,6;2,4;
2026/01/29;1800 UTC;0;1003,5;1005,1;1003,5;2818,2;31,7;23,5;32,5;31,1;24,8;22,9;67;59;62;69;5,8;2,9;
2026/01/29;1900 UTC;0;1002,5;1003,5;1002,5;2490,9;31,3;24,3;32,6;30,6;24,6;22,9;69;60;66;65;8,9;3,3;
2026/01/29;2000 UTC;0;1001,6;1002,5;1001,6;1224,6;30,1;22,6;31,3;28,9;24,3;22,3;71;64;64;63;9,3;2,4;
2026/01/29;2100 UTC;0;1001,1;1001,6;1001,1;623,4;29,5;23,3;30,5;29,4;23,3;22,3;69;62;69;80;6,5;2,6;
2026/01/29;2200 UTC;0;1002;1002;1001,1;178,9;29,1;23,5;29,5;29;23,5;23;72;68;72;77;5,5;1,4;
2026/01/29;2300 UTC;0;1003;1003;1002;6,6;28,4;24,4;29,1;28,4;24,4;23,4;79;71;79;129;3,3;1,5;
2026/01/30;0000 UTC;0;1004,2;1004,2;1003;0;27,7;24,7;28,4;27,7;24,8;24,4;84;79;84;125;3,1;1,2;
2026/01/30;0100 UTC;0;1005;1005;1004,2;0;27,4;24,6;27,8;27,4;24,9;24,5;86;84;84;166;3,1;,5;
2026/01/30;0200 UTC;0;1005,8;1005,8;1005;0;27,2;25;27,6;27;25,1;24,5;89;84;88;102;1,5;,5;
2026/01/30;0300 UTC;0;1006;1006,1;1005,8;0;27,2;24,6;27,4;26,7;25,1;24,6;90;85;86;128;2,4;1;
2026/01/30;0400 UTC;0;1005,9;1006,1;1005,8;0;26,9;23,9;27,2;26,9;24,7;23,8;87;83;83;123;2,6;1,1;
2026/01/30;0500 UTC;0;1004,9;1005,9;1004,9;0;26;23,9;27;26;24;23,8;88;83;88;121;2,6;,3;
2026/01/30;0600 UTC;0;1004,3;1004,9;1004,3;0;26,1;24,3;26,2;25,7;24,3;23,8;90;88;90;128;1,6;,6;
2026/01/30;0700 UTC;0;1004,2;1004,4;1004,1;0;25,9;24,4;26,2;25,8;24,5;24,2;92;89;91;245;2,3;,8;
2026/01/30;0800 UTC;0;1004,2;1004,3;1004;0;25,7;24,2;26;25,7;24,4;24,2;93;91;91;207;1,8;,5;
2026/01/30;0900 UTC;0;1004,7;1004,7;1004,2;0;25,7;24,2;25,9;25,7;24,3;24,2;92;91;91;202;1,6;,5;
2026/01/30;1000 UTC;0;1005,4;1005,4;1004,7;0;25,7;24,1;25,9;25,5;24,2;24;92;90;91;191;2,2;,7;
2026/01/30;1100 UTC;0;1006,3;1006,3;1005,4;44,4;25,8;24,2;25,8;25,6;24,2;24;91;90;91;111;2,2;,4;
2026/01/30;1200 UTC;0;1007,2;1007,2;1006,3;398,6;26,8;24,2;26,9;25,8;24,4;23,9;91;84;86;127;2,8;1,1;
2026/01/30;1300 UTC;0;1007,6;1007,6;1007,2;654,1;27,5;23,9;27,5;26,8;24,3;23,5;86;80;81;97;3,8;1,6;
2026/01/30;1400 UTC;0;1007,5;1007,7;1007,5;1430,2;28,9;24,1;29,3;27,4;24,7;23,7;82;75;76;96;3,6;1,7;
2026/01/30;1500 UTC;0;1007,1;1007,5;1007,1;1622,7;30;24,3;30,1;28,6;25,3;24;78;71;72;62;4,7;2,3;
2026/01/30;1600 UTC;0;1006,3;1007,1;1006,3;2521,4;30,8;23,5;31,3;29,8;25,3;23,5;74;65;66;83;6,2;2,6;
2026/01/30;1700 UTC;0;1004,8;1006,3;1004,8;2773,6;31,5;24;32;30,6;25,2;23,5;70;63;64;70;7;2,8;
2026/01/30;1800 UTC;0;1003,2;1004,8;1003,2;2695,4;32;23,4;32,8;31,4;25;23,2;66;60;61;132;6,4;2,5;
2026/01/30;1900 UTC;0;1001,8;1003,2;1001,8;2547,5;32;23,7;32,8;32;24,4;23,3;63;58;62;92;6,4;2,6;
2026/01/30;2000 UTC;0;1000,8;1001,8;1000,8;1209;31,7;23;32,7;31,7;24,2;22,9;63;59;60;77;6,6;3,2;
2026/01/30;2100 UTC;0;1001;1001,2;1000,7;215,5;30,9;23;31,9;30,9;23,4;22,7;64;59;63;68;6,6;2,4;
2026/01/30;2200 UTC;0;1001,2;1001,2;1000,8;114,8;30,2;23,4;31;30,1;23,4;22,6;67;61;67;60;5,8;1,9;
2026/01/30;2300 UTC;0;1001,5;1001,5;1001;5,3;28;23;30,3;27,8;24;22,7;75;67;74;57;6,1;,9;
2026/01/31;0000 UTC;0;1002,7;1002,7;1001,4;0;27,9;22,5;28,3;27,8;23,3;22,5;76;73;73;59;2,5;,6;
2026/01/31;0100 UTC;0;1003,9;1003,9;1002,7;0;27,1;23,4;27,9;27;23,4;22,3;81;73;81;317;2,5;,4;
2026/01/31;0200 UTC;0;1004,8;1004,8;1003,9;0;27,1;23,7;27,2;26,8;23,8;23,5;83;81;82;16;2,2;,8;
2026/01/31;0300 UTC;0;1005,4;1005,4;1004,8;0;26,4;24,1;27,1;26,4;24,2;23,6;87;82;87;356;2,2;,3;
2026/01/31;0400 UTC;0;1004,8;1005,4;1004,8;0;26,4;24,3;26,5;26,3;24,4;24,1;89;87;88;17;1,6;,4;
2026/01/31;0500 UTC;0;1004,2;1004,8;1004,1;0;26;24,3;26,5;26;24,4;24,1;90;88;90;310;1,3;,3;
2026/01/31;0600 UTC;0;1003,1;1004,2;1003,1;,1;26,2;23,9;26,3;26;24,2;23,8;90;87;87;347;1,2;,2;
2026/01/31;0700 UTC;0;1003,1;1003,3;1003,1;0;25,8;23,8;26,3;25,8;24;23,8;89;87;89;7;1,5;,3;
2026/01/31;0800 UTC;0;1002,9;1003,1;1002,9;0;25,7;23,8;25,8;25,6;24,1;23,8;90;89;89;4;1,3;,2;
2026/01/31;0900 UTC;0;1003;1003,1;1002,9;0;25,4;23,8;25,8;25,4;24,2;23,8;92;89;91;24;1,1;,2;
2026/01/31;1000 UTC;0;1003,6;1003,6;1002,9;,2;25,5;23,9;25,5;25,2;24;23,7;92;91;91;274;,9;,2;
2026/01/31;1100 UTC;0;1004,6;1004,6;1003,6;106,6;26,8;25,2;26,8;25,4;25,3;23,9;92;91;91;91;1,5;,2;
2026/01/31;1200 UTC;0;1005,5;1005,5;1004,6;221,4;27,1;25,2;27,2;26,7;25,5;24,9;91;89;89;226;2,9;1,3;
2026/01/31;1300 UTC;0;1005,7;1005,8;1005,5;912,8;28,8;25,4;29,4;27,1;26,5;25,2;90;81;82;216;4;1,4;
2026/01/31;1400 UTC;12,4;1006,5;1006,6;1005,7;364,7;25,2;24;28,8;25,2;25,8;24;95;82;93;355;4,1;1,4;
2026/01/31;1500 UTC;1,8;1007,1;1007,1;1006,3;25,7;24,3;23,5;25,2;24,3;24,3;23,4;96;90;95;35;5,4;,4;
2026/01/31;1600 UTC;21,2;1005,9;1008,1;1005,9;23,7;23,7;23;24,4;23,2;23,7;22,6;98;95;96;50;7,4;1,4;
2026/01/31;1700 UTC;,2;1005,6;1006,1;1005,6;64,2;23,9;23,2;24;23,6;23,3;22,9;96;94;96;60;3,1;1;
2026/01/31;1800 UTC;,8;1005;1005,6;1005;119,2;24,4;23,9;24,4;23,9;23,9;23,3;97;96;97;254;2;,4;
2026/01/31;1900 UTC;,4;1003,7;1005;1003,7;225,7;24,6;24;24,6;24,3;24,1;23,8;97;96;96;218;2,1;,8;
2026/01/31;2000 UTC;0;1002,5;1003,7;1002,5;410,5;25,2;23,7;25,2;24,5;24,5;23,7;97;91;92;55;2,6;1,3;
2026/01/31;2100 UTC;0;1002,1;1002,5;1002;276,4;25,4;23,4;25,5;25,1;24,3;23,4;95;88;89;45;3,7;2;
2026/01/31;2200 UTC;0;1002;1002,2;1001,9;157,8;25,1;23,7;25,4;25;23,8;23,4;92;89;92;28;3,7;1;
2026/01/31;2300 UTC;0;1002,3;1002,3;1002;7,9;24,7;23,6;25,1;24,4;23,7;23,5;95;91;94;53;3;1;
2026/02/01;0000 UTC;0;1003,7;1003,7;1002,3;0;24,2;23,5;24,7;24,2;23,7;23,5;96;94;96;347;2,3;,3;
2026/02/01;0100 UTC;0;1005,1;1005,1;1003,7;0;24,1;23,5;24,2;24;23,6;23,4;97;96;97;306;1,3;,3;
2026/02/01;0200 UTC;0;1005,4;1005,5;1005,1;0;24,2;23,6;24,4;24,1;23,7;23,5;97;96;96;278;1,4;,4;
2026/02/01;0300 UTC;0;1005,4;1005,7;1005,3;0;24,1;23,6;24,2;24,1;23,7;23,5;97;96;97;287;2,2;,4;
2026/02/01;0400 UTC;0;1005,4;1005,4;1005,2;0;24,2;23,7;24,2;23,9;23,7;23,4;97;97;97;334;1,4;,5;
2026/02/01;0500 UTC;0;1004,8;1005,5;1004,8;0;24,1;23,5;24,3;24,1;23,7;23,4;97;96;97;124;2;,3;
2026/02/01;0600 UTC;0;1004,5;1004,9;1004,5;0;24;23,5;24,1;24;23,6;23,4;97;96;97;144;2,5;,3;
2026/02/01;0700 UTC;0;1003,8;1004,5;1003,5;0;24,1;23,4;24,1;24;23,5;23,4;97;96;96;48;1,5;,4;
2026/02/01;0800 UTC;0;1003,7;1003,9;1003,4;0;24,4;23,6;24,4;24,1;23,6;23,4;96;95;95;247;1,6;,4;
2026/02/01;0900 UTC;0;1003,9;1004,1;1003,7;0;24,2;23,5;24,4;24,2;23,6;23,4;96;95;96;330;1,1;,3;
2026/02/01;1000 UTC;0;1004,3;1004,3;1003,8;0;23,9;23,2;24,2;23,9;23,5;23,2;96;96;96;287;,9;,2;
2026/02/01;1100 UTC;0;1005,5;1005,5;1004,3;27,3;24,4;23,7;24,4;23,8;23,7;23,2;97;96;96;155;1;,4;
2026/02/01;1200 UTC;0;1006,4;1006,4;1005,5;393,6;26,2;23,6;26,2;24,3;24,4;23,3;96;86;86;69;2;1;
2026/02/01;1300 UTC;0;1006,9;1006,9;1006,4;678;27;24,1;27;26,2;24,2;23,4;87;84;84;51;3,4;1,2;
2026/02/01;1400 UTC;0;1007,1;1007,3;1006,9;1598,9;29,7;24,3;29,7;26,8;24,5;23;84;71;73;53;5,5;2,2;
2026/02/01;1500 UTC;0;1006,2;1007,1;1006,2;2480,9;29,8;24,7;30,2;28,7;24,9;23;75;68;74;35;7,2;2,1;
2026/02/01;1600 UTC;0;1005,2;1006,2;1005,2;2330,9;30;23,5;30,8;29,3;24,5;23;74;66;68;50;7,2;2,5;
2026/02/01;1700 UTC;0;1004;1005,2;1004;2322,9;31,1;23;31,8;29,8;25,1;23;71;62;62;41;6,2;2,8;
2026/02/01;1800 UTC;0;1002,5;1004;1002,5;2644,9;31,4;22,9;32,9;30,7;25,1;22,9;67;58;61;13;7,1;2;
2026/02/01;1900 UTC;0;1001,4;1002,5;1001,4;1525,3;31,9;23,5;32,1;31,2;24,5;22,7;66;59;61;34;6,4;1,7;
2026/02/01;2000 UTC;0;1000,9;1001,5;1000,9;948,8;32,3;23;32,5;31,5;24,3;22,7;64;58;58;66;5;1,6;
2026/02/01;2100 UTC;0;1001;1001,1;1000,8;328,8;31,1;23,5;32,3;30,8;24,4;22,7;68;58;64;49;5;1,6;
2026/02/01;2200 UTC;1;1001,4;1001,7;1001;107,2;27,1;24,8;31,1;26,6;24,9;23,1;89;63;87;87;9,4;1,5;
2026/02/01;2300 UTC;0;1002,5;1002,5;1001,4;6,2;27,6;24,6;27,6;26,3;25,3;24,5;94;83;83;55;2,9;1,2;
2026/02/02;0000 UTC;0;1003,4;1003,4;1002,5;,6;27,3;24,7;27,8;27,1;24,7;24,2;86;83;85;22;2,1;,5;
2026/02/02;0100 UTC;0;1004,3;1004,3;1003,4;,1;26,9;24,8;28;26,8;24,9;24,2;88;80;88;313;1,9;,3;
2026/02/02;0200 UTC;0;1004,8;1004,8;1004,3;0;26,6;25;26,9;26,3;25,1;24,4;92;88;91;312;,8;,3;
2026/02/02;0300 UTC;0;1005;1005,1;1004,8;0;27;25,2;27,4;26,5;25,5;25;93;89;90;133;3,3;,8;
2026/02/02;0400 UTC;0;1004,9;1005,2;1004,9;0;26,7;25,1;27;26,3;25,2;25,1;93;89;91;116;1,8;1;
2026/02/02;0500 UTC;0;1004,7;1004,9;1004,7;0;25,9;24,9;27;25,9;25,2;24,8;94;90;94;151;1,6;,2;
2026/02/02;0600 UTC;0;1004,5;1004,7;1004,4;0;26,2;25,1;26,2;25,8;25,1;24,8;95;93;94;360;1,3;,4;
2026/02/02;0700 UTC;1,6;1004,2;1004,7;1003,9;0;25,7;25,1;26,4;25,6;25,3;24,6;97;93;97;271;3,6;,4;
2026/02/02;0800 UTC;0;1004,1;1004,3;1004,1;0;25,3;24,6;25,8;25,2;25,2;24,5;97;96;96;262;2,3;,4;
2026/02/02;0900 UTC;0;1004,7;1004,7;1004;0;25,2;24,7;25,5;25;24,7;24,4;97;95;97;236;1,9;,5;
2026/02/02;1000 UTC;,4;1005,4;1005,4;1004,7;0;24,7;23,6;25,3;24,7;24,7;23,6;97;93;94;17;4,1;,6;
2026/02/02;1100 UTC;23,4;1007,1;1007,1;1005,4;5,4;23,1;22,7;24,7;22,7;23,6;22,1;98;94;98;187;8,8;,7;
2026/02/02;1200 UTC;21,4;1008,2;1008,2;1007,1;9,9;22,7;22,4;23,7;22,2;23,3;21,6;98;96;98;9;9,1;,6;
2026/02/02;1300 UTC;3,8;1008,3;1008,3;1008,1;24,7;23,4;23,1;23,4;22,7;23,1;22,3;98;98;98;38;3,7;,9;
2026/02/02;1400 UTC;2,6;1008,2;1008,5;1008,2;82,1;23,7;23,4;23,7;23,4;23,4;23,1;98;98;98;292;2,5;,5;
2026/02/02;1500 UTC;,4;1007,7;1008,2;1007,7;538,3;25;24,5;25;23,6;24,5;23,3;98;96;97;333;3,4;,6;
2026/02/02;1600 UTC;0;1007;1007,7;1007;1131,6;26,7;24,1;26,7;25;24,9;23,6;97;85;86;332;2,6;,7;
2026/02/02;1700 UTC;0;1005,7;1007;1005,7;1052,7;27,9;23,6;28,1;26,7;24,7;22,8;87;74;77;28;2,3;,8;
2026/02/02;1800 UTC;0;1004,1;1005,7;1004,1;1788,6;30,5;24,8;30,5;27,9;24,8;23;81;67;72;332;2,8;,6;
2026/02/02;1900 UTC;0;1003,2;1004,1;1003,2;1786,1;29,9;24,5;31,1;29,9;25,1;23,2;73;66;73;16;3;,8;
2026/02/02;2000 UTC;0;1002,2;1003,2;1002,2;788;30,3;23,8;30,6;29,2;24,9;23,1;76;66;68;9;3,3;1;
2026/02/02;2100 UTC;0;1001,9;1002,2;1001,7;437,8;29,9;24,1;31,2;29,5;24,7;23,5;75;65;71;42;3,3;1,4;
2026/02/02;2200 UTC;0;1002,3;1002,5;1001,9;164,1;28,4;24,8;29,9;28,4;24,8;24,2;81;71;81;121;4,1;1,3;
2026/02/02;2300 UTC;0;1002,6;1002,6;1002,2;14,1;26,9;23,8;28,4;26,9;24,9;23,7;84;80;83;109;3,4;,9;
2026/02/03;0000 UTC;0;1003,4;1003,4;1002,6;0;26,2;23,7;26,9;26,2;23,9;23,6;86;83;86;34;2,8;,2;
2026/02/03;0100 UTC;0;1004,5;1004,5;1003,4;0;25,9;24,1;26,5;25,9;24,2;23,5;90;84;90;148;1,9;,3;
2026/02/03;0200 UTC;0;1005,5;1005,5;1004,5;0;26,4;23,8;26,4;25,6;24,4;23,7;92;86;86;242;2,2;,8;
2026/02/03;0300 UTC;0;1006,1;1006,2;1005,5;0;25,9;23,6;26,4;25,8;24;23,6;88;86;87;233;3,1;,7;
2026/02/03;0400 UTC;0;1005,9;1006,1;1005,9;0;25,5;23,5;26;25,4;23,7;23,3;89;87;89;226;2;,5;
2026/02/03;0500 UTC;0;1005,4;1005,9;1005,4;0;25,9;23,8;25,9;25,4;23,9;23,4;90;88;88;216;1,9;,8;
2026/02/03;0600 UTC;0;1005,2;1005,4;1005,1;,1;25,8;23,9;26,1;25,8;24;23,8;89;87;89;189;1,9;,9;
2026/02/03;0700 UTC;0;1005,1;1005,2;1005;0;25,2;24,2;25,8;25,1;24,2;23,9;94;89;94;31;1,6;,2;
2026/02/03;0800 UTC;0;1005,1;1005,2;1004,9;0;25,4;23,6;25,4;25,1;24,3;23,6;94;90;90;181;1,2;,6;
2026/02/03;0900 UTC;0;1005,3;1005,3;1005,1;0;25;23,7;25,5;24,9;23,9;23,5;93;89;92;216;1,2;,4;
2026/02/03;1000 UTC;0;1005,6;1005,6;1005,2;0;24,7;23,6;25;24,7;23,9;23,5;94;92;93;31;,9;,2;
2026/02/03;1100 UTC;0;1006,9;1006,9;1005,6;69,9;25,7;24,4;25,7;24,7;24,4;23,7;95;92;93;159;,9;,4;
2026/02/03;1200 UTC;0;1008;1008;1006,9;408,6;27,5;24,4;27,5;25,6;24,8;23,8;93;83;84;101;1,6;,4;
2026/02/03;1300 UTC;0;1008,2;1008,3;1008;980,6;28,5;24;28,8;27,3;25,2;23,6;85;74;77;10;3,7;1,4;
2026/02/03;1400 UTC;0;1008,3;1008,5;1008,2;1204,6;28,9;23,4;30;27,9;25,3;23,3;79;69;72;39;5,9;2,5;
2026/02/03;1500 UTC;,4;1007,8;1008,3;1007,7;890,9;28,5;24,5;28,9;26,4;25,7;23,3;89;72;79;61;6,4;2;
2026/02/03;1600 UTC;0;1006,9;1007,8;1006,9;2147,2;29;22,8;30;28,5;25,2;22,7;82;68;70;37;7;2,8;
2026/02/03;1700 UTC;0;1005,8;1006,9;1005,7;2466,5;30,9;24;31,2;29;25;22,9;72;63;67;47;6,3;2,5;
2026/02/03;1800 UTC;0;1004,8;1005,8;1004,8;2788,9;31,3;24;32,2;30,5;24,8;23,1;67;62;66;17;5,6;1,3;
2026/02/03;1900 UTC;0;1003,8;1004,8;1003,8;1618;31,1;23,6;31,8;30,4;25,1;22,9;70;61;65;44;3,8;1,3;
2026/02/03;2000 UTC;1,6;1003,2;1003,8;1003,2;612,9;31,1;24,4;31,2;27,7;25,4;23,3;85;64;68;65;5,1;1;
2026/02/03;2100 UTC;10,4;1004,2;1004,3;1003,2;303,8;24,8;23,8;31,7;24,7;25;22,4;95;60;95;233;6,6;,6;
2026/02/03;2200 UTC;7,6;1005,1;1005,9;1004;170,1;22,7;21,9;25,8;22,7;24,8;21,9;96;85;95;37;10,6;1,8;
2026/02/03;2300 UTC;,6;1004,5;1005,1;1003,8;7,8;22,5;21,6;23,1;22,5;22,2;21,4;96;91;95;349;5;,4;
2026/02/04;0000 UTC;0;1005;1005,8;1004,5;,7;24,1;21,3;24,3;22,5;22,2;21,3;96;84;84;33;8,1;2;
2026/02/04;0100 UTC;0;1005,3;1005,3;1004,6;1,5;24,1;20,7;24,4;23,6;21,4;20,7;86;81;81;42;6,3;1,7;
2026/02/04;0200 UTC;0;1005,6;1005,6;1005,3;1,9;24,2;21,1;24,5;24,1;21,2;20,7;84;81;83;61;4,1;1;
2026/02/04;0300 UTC;0;1005,7;1005,7;1005,5;,5;24,4;21,7;24,8;24,1;21,9;21,1;86;80;85;58;2,4;,9;
2026/02/04;0400 UTC;0;1005,3;1005,7;1005,2;,1;24,3;22,3;25;24,1;22,5;21,7;90;82;88;77;2;,5;
2026/02/04;0500 UTC;0;1004,8;1005,3;1004,8;,1;24,9;22,4;25;24,1;22,6;21,9;91;84;86;48;1,6;,8;
2026/02/04;0600 UTC;0;1004,3;1004,8;1004,3;,2;24,7;22,8;24,9;24,4;23,3;22,4;93;86;89;69;1,5;,7;
2026/02/04;0700 UTC;0;1004;1004,3;1004;0;24,6;23,2;24,8;24,6;23,2;22,7;92;88;92;94;1,3;,1;
2026/02/04;0800 UTC;0;1003,8;1004;1003,8;,4;25,3;23,1;25,7;24,5;23,4;22,9;93;84;88;92;1,7;,4;
2026/02/04;0900 UTC;0;1004,3;1004,3;1003,8;0;25,1;23,6;25,4;25;23,6;23;91;87;91;52;1,6;,8;
2026/02/04;1000 UTC;0;1004,7;1004,7;1004,3;0;25,7;23,2;25,7;24,9;23,7;23,2;92;86;86;56;2,1;1,2;
2026/02/04;1100 UTC;0;1005,7;1005,7;1004,7;44;25,8;23,4;25,9;25,6;23,4;23,1;87;86;86;48;2,5;1,6;
2026/02/04;1200 UTC;0;1006,7;1006,8;1005,7;265,7;26,6;24;26,6;25,8;24,1;23,4;87;85;85;18;3,8;,6;
2026/02/04;1300 UTC;0;1007,2;1007,2;1006,7;561,7;27,8;24,3;27,8;26,6;24,8;23,7;86;80;81;360;3;1;
2026/02/04;1400 UTC;0;1007,3;1007,5;1007,2;914,6;29;24,3;29;27,8;24,7;23,2;82;72;76;35;3,8;1,5;
2026/02/04;1500 UTC;0;1007,3;1007,4;1007,2;1218,6;29,3;23,9;30,4;28,7;25,3;23;76;68;73;52;4,8;1,8;
2026/02/04;1600 UTC;0;1006,5;1007,3;1006,5;2325;31,1;24,2;32,2;29,3;26,1;23,6;74;64;67;16;4,5;1,1;
2026/02/04;1700 UTC;0;1005,3;1006,5;1005,3;1468,7;31,3;24,6;31,5;30,2;25,1;23,6;73;64;68;339;4,3;,8;
2026/02/04;1800 UTC;0;1004,4;1005,3;1004,4;751,7;29;25;31,4;28,8;25,4;23,3;81;64;79;272;3,9;,6;
2026/02/04;1900 UTC;1;1003,4;1004,4;1003,4;599,6;28,5;25,7;30,2;28,1;26,2;24,4;88;71;85;220;3,2;1,2;
2026/02/04;2000 UTC;,2;1002,6;1003,4;1002,6;466,4;29,3;26;29,6;27,4;26,5;24,9;91;79;82;18;4,1;,3;
2026/02/04;2100 UTC;0;1002,2;1002,6;1002,1;399,9;29,1;24,5;29,7;29;26,1;24,4;83;74;76;40;3,4;1,1;
2026/02/04;2200 UTC;0;1002,8;1002,8;1002,2;208,7;28,8;23,3;29,3;28,8;24,6;23,3;77;72;72;43;3,8;2;
2026/02/04;2300 UTC;0;1003,6;1003,6;1002,8;12,5;28,1;23,6;28,8;27,8;23,8;23,3;79;73;77;55;3,8;1,4;
2026/02/05;0000 UTC;0;1004,5;1004,5;1003,6;0;27,9;24,1;28,3;27,3;24,4;23,6;84;76;80;53;2,5;1;
2026/02/05;0100 UTC;0;1005;1005;1004,5;0;27,7;24,3;28;27,7;24,3;24;82;79;82;48;3;1,1;
2026/02/05;0200 UTC;0;1005,8;1005,8;1004,9;0;27,6;24,2;27,7;27,5;24,3;24;82;80;82;46;3,1;1,6;
2026/02/05;0300 UTC;0;1006,2;1006,2;1005,7;0;27,4;24,4;27,7;27,2;24,5;24,2;85;82;84;53;3,1;1,1;
2026/02/05;0400 UTC;0;1005,9;1006,3;1005,9;0;27,3;24,5;27,5;27,3;24,6;24,4;85;84;85;48;2,3;1,1;
2026/02/05;0500 UTC;0;1005,2;1005,9;1005,1;0;26,7;24,6;27,4;26,7;24,7;24,5;89;85;89;65;2;,7;
2026/02/05;0600 UTC;0;1004,5;1005,2;1004,5;0;26,9;24,5;27;26,6;24,7;24,5;89;86;87;50;2,6;1,3;
2026/02/05;0700 UTC;0;1004,1;1004,5;1004;0;26,6;24,4;27;26,6;24,5;24,4;88;86;88;71;2,4;,8;
2026/02/05;0800 UTC;0;1003,8;1004,2;1003,8;0;26,4;24,4;26,6;26,3;24,5;24,4;90;88;89;35;2,5;1,2;
2026/02/05;0900 UTC;0;1004,1;1004,1;1003,8;0;26,2;24,4;26,4;25,9;24,4;24,3;91;89;90;52;2,6;1,4;
2026/02/05;1000 UTC;0;1004,6;1004,7;1004,1;0;25,9;24,2;26,3;25,9;24,4;24,2;90;89;90;39;4;1,7;
2026/02/05;1100 UTC;0;1005,4;1005,4;1004,5;136,8;26,3;24;26,3;25,6;24,3;23,9;92;87;87;45;3,6;1,3;
2026/02/05;1200 UTC;0;1006,2;1006,2;1005,4;1032,7;28;23;28,2;26,3;24,2;22,7;87;74;74;46;5,7;2,7;
2026/02/05;1300 UTC;0;1006,8;1007;1006,2;1469,1;28,5;24,2;28,6;27,5;24,2;22,8;77;74;77;44;6,8;2,8;
2026/02/05;1400 UTC;0;1006,8;1007;1006,7;2383,3;30;24;30,4;28,4;24,6;23,2;77;68;70;52;6,1;2,7;
2026/02/05;1500 UTC;0;1006,4;1006,8;1006,4;2145,5;30,4;23,1;31,4;29,2;24,7;22,8;73;63;65;57;7,5;2,7;
2026/02/05;1600 UTC;0;1005,3;1006,4;1005,3;1412,3;30;23;30,7;29,7;24,8;22,7;73;63;66;50;5,7;2,3;
2026/02/05;1700 UTC;0;1003,7;1005,3;1003,7;2006,4;31,6;23,1;32,2;30;25;22,7;69;60;61;60;4,6;1,4;
2026/02/05;1800 UTC;0;1002,1;1003,7;1002,1;2326,5;32,6;23;33,2;30,6;24,1;22,8;66;56;57;49;5,3;1,3;
2026/02/05;1900 UTC;0;1000,9;1002,1;1000,9;1202,6;33,1;23,8;33,2;30,9;24,2;22,2;67;56;58;227;3,8;1,7;
2026/02/05;2000 UTC;0;1000,1;1000,9;1000,1;717,6;32,5;23,5;33,2;30,9;24,3;22,6;66;57;59;247;4,8;1,7;
2026/02/05;2100 UTC;0;1000,2;1000,2;999,9;227,2;31,2;22,9;32,9;31,1;23,8;22,9;65;57;61;64;4,8;1,6;
2026/02/05;2200 UTC;0;1001,1;1001,1;1000,2;143,6;28;24;31,3;28;24,7;22,8;79;61;79;46;8,5;4,1;
2026/02/05;2300 UTC;,2;1002,3;1002,3;1001,1;5,7;26,8;24,7;28;26,5;24,8;23,8;91;79;88;75;8,5;,8;
2026/02/06;0000 UTC;;1003,3;1003,3;1002,3;,9;27,4;24,5;27,5;26,8;25;24,5;88;84;84;41;2,3;,9;
2026/02/06;0100 UTC;0;1004,9;1004,9;1003,3;,1;27,2;24,8;27,5;26,9;25,1;24,5;90;84;86;268;1,7;,4;
2026/02/06;0200 UTC;0;1005,2;1005,2;1004,9;,1;27,7;24,1;27,9;27,2;24,7;23,9;86;79;81;44;3,7;1,7;
2026/02/06;0300 UTC;0;1005,4;1005,4;1005;0;26,7;24,2;27,6;26,7;24,4;24;87;81;86;340;3,9;,6;
2026/02/06;0400 UTC;0;1004,7;1005,4;1004,7;0;26,1;23,6;26,7;26,1;24,1;23,5;86;84;86;7;4,4;1;
2026/02/06;0500 UTC;0;1004,6;1005,1;1004,6;0;25,6;23,5;26,2;25,6;23,7;23,5;88;85;88;13;4,4;,5;
2026/02/06;0600 UTC;0;1003,9;1004,6;1003,9;0;25,4;23,6;25,7;25,4;23,7;23,5;90;88;90;302;4,4;,7;
2026/02/06;0700 UTC;0;1004;1004,1;1003,9;0;25,4;23,6;25,4;25,1;23,6;23,3;91;89;90;277;3;,7;
2026/02/06;0800 UTC;0;1004,1;1004,1;1003,7;0;25,6;24;25,6;25,4;24;23,6;91;89;91;271;2;,6;
2026/02/06;0900 UTC;,8;1004,3;1004,4;1004,1;0;25,1;24,3;25,8;25,1;24,4;24;95;90;95;244;3,3;1,2;
2026/02/06;1000 UTC;0;1005,4;1005,4;1004,3;,2;24,7;23,3;25,1;24,7;24,4;23,3;96;92;92;247;4,9;1,1;
2026/02/06;1100 UTC;0;1006,3;1006,3;1005,4;28,8;25;23,5;25;24,7;23,5;23,2;92;90;91;260;4,5;1;
2026/02/06;1200 UTC;0;1007,5;1007,5;1006,3;113,7;25,4;23,4;25,5;25;23,7;23,3;92;88;89;231;4,6;1,9;
2026/02/06;1300 UTC;3,6;1008;1008;1007,5;126,1;24,1;23,3;25,4;24,1;23,5;22,9;95;88;95;211;6,1;2;
2026/02/06;1400 UTC;0;1008,2;1008,3;1008;457,1;24,8;23,7;24,8;24,1;23,8;23,3;96;92;94;229;5,6;1,3;
2026/02/06;1500 UTC;0;1008,4;1008,5;1008,2;374,5;24,9;23,2;25,2;24,8;23,9;23;94;89;91;250;5,6;2,1;
2026/02/06;1600 UTC;0;1008,5;1008,6;1008,3;311,2;24,3;22,4;25,2;24,3;23,4;21,7;91;84;89;263;7,2;1,9;
2026/02/06;1700 UTC;5;1008;1008,7;1008;54,3;22,7;22;24,3;22,7;22,9;22;96;89;96;286;6,3;1,8;
2026/02/06;1800 UTC;3,6;1007,5;1008;1007,3;75,2;22,3;21;23;22,3;22,3;20,8;96;91;92;251;7,2;2,2;
2026/02/06;1900 UTC;5,4;1006,8;1007,5;1006,8;92,1;22,1;21,4;22,4;22;21,4;20,9;96;92;96;253;7,1;1,1;
2026/02/06;2000 UTC;4,8;1005,2;1006,9;1005,2;130,4;22,3;21,7;22,5;22,1;21,9;21,4;97;96;96;227;3,3;1,1;
2026/02/06;2100 UTC;,6;1004,7;1006;1004,6;139,1;22,4;21,8;22,6;22,3;22;21,6;97;96;96;269;3,2;,5;
2026/02/06;2200 UTC;0;1004,8;1004,8;1004,4;124,8;22,5;21,9;22,6;22,4;22,1;21,8;97;96;97;25;1,5;,5;
2026/02/06;2300 UTC;0;1005,2;1005,2;1004,8;8,3;22,3;21,8;22,5;22,2;21,9;21,7;97;97;97;48;1,4;,6;
2026/02/07;0000 UTC;;;;;;;;;;;;;;;;;;
2026/02/07;0100 UTC;0;1006,5;1006,5;1006,1;0;22,6;21,9;22,7;22,5;22,1;21,9;97;95;96;160;1,8;,9;
2026/02/07;0200 UTC;0;1006,6;1006,7;1006,5;0;22,9;22,1;23;22,6;22,2;21,7;96;94;96;47;2,1;,7;
2026/02/07;0300 UTC;0;1006,3;1006,7;1006,3;0;23,2;22,4;23,3;22,7;22,5;22;96;95;95;60;2,1;,9;
2026/02/07;0400 UTC;0;1006,1;1006,3;1006,1;0;22,8;22;23,2;22,8;22,4;22;96;94;95;33;2,5;,8;
2026/02/07;0500 UTC;0;1005,3;1006,1;1005,3;0;23;22,2;23;22,7;22,2;22;96;95;96;137;1,9;,4;
2026/02/07;0600 UTC;0;1005,3;1005,4;1005,2;0;22,4;21,9;23;22,4;22,2;21,9;97;96;97;124;,9;,1;
2026/02/07;0700 UTC;0;1005,3;1005,5;1005,3;0;22,8;22,3;22,8;22,4;22,3;21,9;97;97;97;124;1,3;,3;
2026/02/07;0800 UTC;,2;1005,8;1005,8;1005,3;0;23,3;22,3;23,3;22,8;22,3;22,1;97;94;94;77;1,5;,8;
2026/02/07;0900 UTC;0;1006,4;1006,4;1005,8;0;23,2;21,9;23,3;23,1;22,2;21,8;94;92;92;71;2,6;1,1;
2026/02/07;1000 UTC;0;1007,2;1007,2;1006,4;0;23;21,8;23,2;22,9;21,9;21,7;93;92;93;76;1,9;,9;
2026/02/07;1100 UTC;0;1008;1008;1007,2;99,4;23,6;22,2;23,6;23;22,3;21,8;93;91;92;81;1,9;,8;
2026/02/07;1200 UTC;0;1008,8;1008,8;1008;458,2;24,8;22,3;24,9;23,6;22,7;21,9;92;85;86;119;2,2;1,2;
2026/02/07;1300 UTC;0;1009,5;1009,5;1008,8;1046,2;26,4;22,8;26,7;24,7;23;22,1;87;78;81;84;3,2;1;
2026/02/07;1400 UTC;0;1009,6;1009,6;1009,5;1794,4;28,1;22,4;28,4;26,4;23,4;21,6;81;71;71;74;3,7;1,2;
2026/02/07;1500 UTC;0;1009,2;1009,6;1009,2;2194,2;28,2;21,1;28,7;27,2;23;21,1;76;65;65;83;4,3;2;
2026/02/07;1600 UTC;0;1008,6;1009,2;1008,6;3207,8;30,2;22,7;30,3;27,9;24,3;21,2;73;63;64;109;4,3;1,6;
2026/02/07;1700 UTC;0;1007,6;1008,6;1007,6;2555,2;29,8;23,2;30,6;28,8;24,4;22,3;72;64;68;97;5,6;2,3;
2026/02/07;1800 UTC;0;1006,4;1007,6;1006,4;2149,1;30;22,4;30,9;28,8;24;22,2;72;61;64;72;5,4;2,2;
2026/02/07;1900 UTC;0;1005,4;1006,4;1005,4;2038,8;29,8;21,6;31;29,4;24;21,5;68;61;62;101;5,4;2,1;
2026/02/07;2000 UTC;0;1005;1005,5;1005;1210,7;29,1;23,1;29,9;29,1;23,5;21,8;71;62;70;73;5,6;2,9;
2026/02/07;2100 UTC;0;1004,6;1005;1004,6;404;28,5;22,3;29,1;28,4;23,3;22,3;73;69;69;72;5,8;2,4;
2026/02/07;2200 UTC;0;1004,8;1004,8;1004,6;269,6;28,1;22,8;28,7;28,1;22,8;22,1;73;68;73;66;5,3;2,1;
2026/02/07;2300 UTC;0;1005,5;1005,5;1004,8;24;27,5;23,1;28,1;27,4;23,1;22,7;77;73;77;75;4,5;2,1;
2026/02/08;0000 UTC;0;1006,1;1006,1;1005,4;0;26,5;22,7;27,5;26,5;23,3;22,7;81;77;80;56;5;2;
2026/02/08;0100 UTC;0;1007;1007;1006,1;0;26,1;22,1;26,5;26,1;22,7;22,1;80;78;79;40;4,3;1,9;
2026/02/08;0200 UTC;0;1007,2;1007,3;1007;0;25,5;22,5;26,2;25,5;22,5;22,1;84;79;84;53;4,7;1,4;
2026/02/08;0300 UTC;0;1007,4;1007,5;1007,2;0;25,3;22,6;25,6;25,3;22,7;22,5;85;83;85;86;3,7;1,5;
2026/02/08;0400 UTC;0;1007,1;1007,5;1007,1;0;25,1;22,7;25,3;25;22,7;22,6;87;85;86;73;4,2;1,9;
2026/02/08;0500 UTC;0;1006,7;1007,1;1006,7;0;24,8;22,9;25,1;24,8;23;22,6;89;86;89;49;4,3;2;
2026/02/08;0600 UTC;0;1006,3;1006,7;1006,3;0;24,4;22,9;24,8;24,4;23;22,9;91;89;91;71;4,3;1,4;
2026/02/08;0700 UTC;0;1006;1006,3;1006;0;24,2;22,9;24,5;24,2;23;22,8;92;91;92;71;4,1;1,6;
2026/02/08;0800 UTC;0;1006,3;1006,3;1005,9;0;23,8;22,3;24,2;23,8;22,9;22,3;93;91;91;79;4,3;2;
2026/02/08;0900 UTC;0;1006,7;1006,7;1006,2;0;23,6;22;23,8;23,6;22,3;22;91;91;91;54;5;2;
2026/02/08;1000 UTC;0;1007,5;1007,5;1006,7;,1;23,3;21,7;23,6;23,3;21,9;21,7;91;90;91;46;4,8;2,3;
2026/02/08;1100 UTC;0;1008,1;1008,1;1007,4;168,5;23,6;21,6;23,6;23;21,7;21,4;91;88;88;34;5,5;2,6;
2026/02/08;1200 UTC;0;1008,7;1008,7;1008,1;1037,4;26,6;22,7;26,6;23,6;22,8;21,5;89;78;79;38;5,5;1,4;
2026/02/08;1300 UTC;0;1009,1;1009,1;1008,7;1966,9;28,1;22,3;28,3;26;22,8;21,7;80;69;71;56;5,7;2,7;
2026/02/08;1400 UTC;0;1008,8;1009,1;1008,8;2687,4;29,7;21,8;29,8;28;23;21,6;73;62;63;34;6,4;2,8;
2026/02/08;1500 UTC;0;1008,2;1008,9;1008,2;3197,7;30,8;22,3;31,4;29,7;23;21,5;65;57;61;41;6;2,9;
2026/02/08;1600 UTC;0;1007,6;1008,3;1007,6;3211,8;31,4;24;31,7;30,6;24;21,8;65;59;65;71;6,1;2,5;
2026/02/08;1700 UTC;0;1006,8;1007,6;1006,8;3012,5;32,1;23;32,3;30,8;24;22,3;65;57;59;95;5,5;2,3;
2026/02/08;1800 UTC;0;1005,4;1006,8;1005,4;1665,6;32,3;22,9;32,5;30,9;23,7;22,2;64;58;58;90;5,8;2,4;
2026/02/08;1900 UTC;0;1004;1005,4;1004;2263,2;32,3;23,6;32,8;31;24,1;22,5;64;56;60;89;6;2,3;
2026/02/08;2000 UTC;0;1003,1;1004;1003;1227;32;23,1;32,8;31,6;23,8;22,5;61;56;59;88;5,6;2;
2026/02/08;2100 UTC;0;1003,2;1003,3;1002,9;237,6;31,5;22,6;32;31,1;23,3;22,5;62;58;60;79;6,4;2,2;
2026/02/08;2200 UTC;0;1003,5;1003,5;1003,2;115;28,7;23,1;31,4;28,6;23,2;22,6;73;59;72;44;7;1,8;
2026/02/08;2300 UTC;0;1004,6;1004,6;1003,5;6,5;27,5;23,5;28,8;27,5;23,6;23,1;79;71;79;34;4,2;1,7;
2026/02/09;0000 UTC;0;1005,3;1005,3;1004,6;0;27,1;23;27,5;27;23,5;23;81;78;79;38;4,6;1,6;
2026/02/09;0100 UTC;0;1006,4;1006,4;1005,3;0;27,4;23;27,4;27;23;22,9;79;76;77;41;4,2;1,4;
2026/02/09;0200 UTC;0;1007,2;1007,2;1006,4;0;27,4;23;27,4;27;23,1;22,9;79;77;77;45;4,3;2;
2026/02/09;0300 UTC;0;1007,6;1007,6;1007,2;0;27,1;23,1;27,4;27;23,1;22,9;79;77;79;48;4;1,4;
2026/02/09;0400 UTC;0;1007,1;1007,6;1007,1;0;26,9;23,3;27,1;26,7;23,3;23,1;82;79;80;45;3,9;1,5;
2026/02/09;0500 UTC;0;1006,1;1007,1;1006,1;0;26,5;23,2;27;26,3;23,3;23,2;83;80;82;47;3,3;1,6;
2026/02/09;0600 UTC;0;1005,4;1006,1;1005,4;0;26;23,2;26,5;26;23,2;23,1;85;82;85;45;3,2;,7;
2026/02/09;0700 UTC;0;1005;1005,4;1005;0;26,1;23;26,2;25,8;23,3;23;86;83;83;40;4,5;2,2;
2026/02/09;0800 UTC;0;1005;1005;1004,8;0;25,6;22,8;26,1;25,5;23;22,8;86;83;85;45;4,5;1,2;
2026/02/09;0900 UTC;0;1005,3;1005,3;1004,9;0;25,2;23;25,7;25;23;22,8;89;84;88;17;3,1;,9;
2026/02/09;1000 UTC;0;1006,1;1006,1;1005,3;0;25;23,1;25,4;25;23,1;22,9;89;87;89;17;2,6;,3;
2026/02/09;1100 UTC;0;1006,7;1006,7;1006,1;56,5;25,6;23,1;25,6;24,8;23,3;23,1;92;86;86;31;2,4;,9;
2026/02/09;1200 UTC;0;1007,8;1007,8;1006,7;513,6;27,4;23,2;27,7;25,6;24,1;22,8;87;76;78;44;2,3;,7;
2026/02/09;1300 UTC;0;1008,3;1008,4;1007,8;652,9;28,1;22,9;28,4;27,4;23,8;22,3;79;73;74;47;3,7;1,3;
2026/02/09;1400 UTC;0;1008,5;1008,5;1008,3;1037;28,9;23,3;29,4;27,9;24,5;22,8;78;69;72;39;4,8;2,4;
2026/02/09;1500 UTC;0;1007,4;1008,5;1007,4;1526,4;29,3;24,3;29,6;28,5;24,6;23;76;71;74;68;6,3;2,5;
2026/02/09;1600 UTC;8,4;1007,3;1007,4;1007;1534;25,3;24,1;31,2;25;24,8;23,1;94;65;93;63;7;2,3;
2026/02/09;1700 UTC;7,8;1006,7;1007,3;1006,7;390,8;24,5;23,7;26,1;24,5;25,3;23,7;95;91;95;296;5,1;,9;
2026/02/09;1800 UTC;29,4;1005,7;1006,7;1005,7;250,1;23,9;23,4;24,5;23,9;24;23,4;98;95;97;291;4,4;1,1;
2026/02/09;1900 UTC;0;1004,6;1005,7;1004,6;593,9;24,9;23,7;24,9;23,9;23,8;23,2;97;92;93;263;4,4;,8;
2026/02/09;2000 UTC;0;1004,1;1004,6;1004;797,5;26,5;23,2;26,8;24,9;24,1;23,2;93;82;82;269;3,5;,8;
2026/02/09;2100 UTC;0;1004,3;1004,4;1004,1;491,8;26,6;23,8;26,8;26,4;23,9;23,2;86;82;85;270;3,1;,8;
2026/02/09;2200 UTC;0;1005,3;1005,3;1004,3;250,2;25,7;23,5;26,8;25,7;23,9;23,3;88;83;88;264;4,4;1,2;
2026/02/09;2300 UTC;0;1005,4;1005,4;1005,1;7,1;25;22,8;25,7;25;23,6;22,8;89;87;88;258;4,6;,8;
2026/02/10;0000 UTC;0;1006;1006;1005,4;0;24,9;23,1;25,1;24,9;23,1;22,8;90;87;90;269;3;,4;
2026/02/10;0100 UTC;0;1006,8;1006,8;1005,8;0;24,6;23,3;25;24,6;23,3;23;93;90;92;311;2,9;,6;
2026/02/10;0200 UTC;0;1007,1;1007,3;1006,8;0;24,4;23,3;24,6;24,3;23,3;23,1;93;92;93;24;3,3;1;
2026/02/10;0300 UTC;0;1006,7;1007,1;1006,7;0;24,4;23,3;24,5;24,4;23,4;23,2;94;93;94;40;4,8;2,4;
2026/02/10;0400 UTC;,2;1006,2;1006,7;1006,2;0;24,5;23,1;24,5;24,4;23,4;23,1;94;92;92;43;4,4;1,7;
2026/02/10;0500 UTC;0;1005,1;1006,2;1005,1;0;24,4;22,4;24,5;24,4;23,1;22,4;92;88;89;77;3,6;1,1;
2026/02/10;0600 UTC;0;1004,8;1005,1;1004,8;0;24,3;22,3;24,4;24,3;22,4;22,1;89;87;89;95;2,5;,7;
2026/02/10;0700 UTC;0;1004,5;1004,8;1004,5;,1;24,4;22,7;24,4;24;22,7;22,2;91;88;90;126;2,4;1;
2026/02/10;0800 UTC;0;1004,7;1004,7;1004,4;0;24,6;23,1;24,6;24,3;23,1;22,8;92;90;91;76;2,4;1,3;
2026/02/10;0900 UTC;0;1005;1005;1004,7;0;24,5;23,3;24,6;24,5;23,3;23,1;93;91;93;83;3,3;1,5;
2026/02/10;1000 UTC;0;1005,9;1005,9;1005;0;24,6;23,4;24,6;24,5;23,4;23,3;93;93;93;74;3,3;1,4;
2026/02/10;1100 UTC;0;1007;1007;1005,9;37,7;24,6;22,6;24,8;24,6;23,5;22,6;94;88;89;75;7,9;2,5;
2026/02/10;1200 UTC;0;1008,1;1008,1;1007;216;24,9;22,7;24,9;24,5;22,7;22,4;89;86;87;70;7,9;2,2;
2026/02/10;1300 UTC;0;1008,7;1008,7;1008,1;840,1;26,3;22,8;26,3;24,9;22,9;22,3;87;81;81;66;6,1;2,4;
2026/02/10;1400 UTC;0;1009,2;1009,3;1008,7;1531,3;27;22,6;27,2;25,9;22,9;22;81;76;77;47;8,8;3;
2026/02/10;1500 UTC;0;1008,9;1009,2;1008,9;1757,4;27,8;22,5;27,8;26,4;23,6;22,1;80;73;73;50;7,6;3,1;
2026/02/10;1600 UTC;0;1008,4;1008,9;1008,4;2068;28,1;22,6;28,7;27,6;23,2;21,9;75;68;72;46;8,1;2,9;
2026/02/10;1700 UTC;0;1007,5;1008,5;1007,5;1442;28,2;22,2;28,9;27,9;22,8;21,7;72;67;70;50;8,2;2,9;
2026/02/10;1800 UTC;0;1006,2;1007,5;1006,2;1100,7;28,2;22,5;28,6;27,7;22,9;22;75;68;71;71;6,4;2,4;
2026/02/10;1900 UTC;0;1005;1006,2;1005;942,6;28;22,3;28,3;28;23;22;73;69;71;83;5,8;1,8;
2026/02/10;2000 UTC;0;1004;1005;1004;724,4;28,5;22,8;28,7;27,9;23,4;22,3;74;71;71;96;4,1;1,3;
2026/02/10;2100 UTC;0;1003,5;1004;1003,5;522,1;28,2;23;28,7;28,2;23,6;22,6;75;70;73;91;3,4;1,5;
2026/02/10;2200 UTC;0;1003,5;1003,6;1003,5;204,2;27,5;23,1;28,3;27,5;23,3;22,7;77;72;77;134;3,4;1,1;
2026/02/10;2300 UTC;0;1003,7;1003,7;1003,4;7,4;27;23,1;27,5;27;23,3;23;80;77;79;79;3,2;1,4;
2026/02/11;0000 UTC;0;1004,6;1004,6;1003,7;0;26,7;23,2;27;26,5;23,2;23;82;79;81;79;3;1,1;
2026/02/11;0100 UTC;0;1005,4;1005,4;1004,6;0;26,6;23,1;26,7;26,5;23,4;23,1;83;81;81;68;2,9;1,4;
2026/02/11;0200 UTC;0;1006,1;1006,1;1005,4;0;26,2;23,1;26,6;26,2;23,2;23;83;81;83;71;2,7;1,7;
2026/02/11;0300 UTC;0;1006,4;1006,7;1006,1;0;25,7;23,1;26,2;25,5;23,4;23,1;87;83;85;72;2,8;1,4;
2026/02/11;0400 UTC;0;1006,5;1006,6;1006,4;0;25,5;22,6;25,7;25,4;23;22,5;86;83;84;78;3,7;1,5;
2026/02/11;0500 UTC;0;1005,8;1006,6;1005,8;0;24,9;22;25,5;24,9;22,6;21,9;84;81;84;75;4,6;2;
2026/02/11;0600 UTC;0;1005,1;1005,8;1005,1;0;24,6;22;24,9;24,6;22;22;86;84;86;85;4;1,6;
2026/02/11;0700 UTC;0;1004,8;1005,1;1004,8;0;24,5;22,2;24,6;24,4;22,2;22;87;86;87;75;3,3;1,6;
2026/02/11;0800 UTC;0;1005,1;1005,1;1004,8;0;24,4;22,1;24,5;24,4;22,3;22,1;88;86;87;70;3,6;1,5;
2026/02/11;0900 UTC;0;1005,3;1005,3;1005,1;0;24,2;22;24,5;24,1;22,1;22;88;87;88;75;2,9;1,2;
2026/02/11;1000 UTC;0;1005,6;1005,6;1005,2;0;24,1;22,1;24,3;24,1;22,1;22;88;87;88;68;3,7;1,3;
2026/02/11;1100 UTC;0;1006,1;1006,1;1005,6;125,8;25,1;22,5;25,1;24,1;22,5;22,1;89;86;86;63;4,3;1,7;
2026/02/11;1200 UTC;0;1006,6;1006,6;1006,1;1050,6;27,2;23,4;27,9;25,1;24;22,5;86;77;80;74;6;2,6;
2026/02/11;1300 UTC;0;1007,5;1007,5;1006,6;1265,8;27,9;22,8;28,2;27;23,6;22,8;80;74;74;59;7;2,6;
2026/02/11;1400 UTC;0;1007,6;1007,7;1007,5;2476,9;29,6;22,2;29,9;27,9;23,6;21,9;75;63;65;56;8,7;4;
2026/02/11;1500 UTC;0;1007,1;1007,6;1007;2433,1;30,4;22,6;31;29,2;23,7;21,7;69;61;63;58;9,6;3;
2026/02/11;1600 UTC;0;1006,4;1007,1;1006,4;1928,1;30,2;22,1;31,5;29,4;23;21,5;64;57;62;80;8,3;2,8;
2026/02/11;1700 UTC;0;1005,6;1006,4;1005,6;2376,5;31,6;23,5;31,8;30,1;23,8;21,3;65;58;62;78;6,8;2,5;
2026/02/11;1800 UTC;0;1005;1005,6;1005;1679;28,3;23,5;32,7;28,1;24,9;22,3;79;58;75;311;8,6;,8;
2026/02/11;1900 UTC;,2;1003,6;1005;1003,6;1110,9;30,4;23,7;30,4;28,3;24,6;22,7;79;65;68;49;3,5;1,5;
2026/02/11;2000 UTC;0;1002,2;1003,6;1002,2;1312,1;31,4;22,1;32,1;30,3;24,3;22,1;68;57;58;90;5,3;2,1;
2026/02/11;2100 UTC;0;1002;1002,2;1001,9;182;31;22,6;31,7;30,9;22,8;22;61;57;61;32;5,4;2;
2026/02/11;2200 UTC;0;1002,5;1002,5;1002;126,5;30,3;22,4;31,3;30,3;23,1;21,9;63;58;62;42;5,5;1,9;
2026/02/11;2300 UTC;0;1003;1003;1002,5;11,8;29,5;22,5;30,5;29,4;23;22,3;68;62;66;52;4,1;1,5;
2026/02/12;0000 UTC;0;1004,3;1004,3;1003;0;29;23,2;29,5;28,9;23,2;22,5;71;66;71;62;4,2;1,2;
2026/02/12;0100 UTC;0;1005,3;1005,3;1004,3;0;28,3;23,2;29;28,2;23,3;23,1;75;71;74;47;2,9;1,2;
2026/02/12;0200 UTC;0;1006,2;1006,2;1005,3;0;27,9;23,2;28,4;27,7;23,3;23;76;73;76;45;2,6;1,2;
2026/02/12;0300 UTC;0;1006,5;1006,6;1006,2;0;27,6;23,3;28,1;27,5;23,4;23,2;78;75;78;46;2,4;1,1;
2026/02/12;0400 UTC;0;1006,1;1006,5;1006,1;0;26,5;23,3;27,6;26,5;23,5;23,1;83;77;83;52;2,1;,7;
2026/02/12;0500 UTC;0;1005,5;1006,1;1005,5;0;25,6;23,1;27;25,6;23,4;23;87;79;86;310;4,2;,8;
2026/02/12;0600 UTC;1;1005,6;1005,6;1005;0;24;22,6;25,6;24;23,4;22,6;92;86;92;47;14;5,2;
2026/02/12;0700 UTC;10,4;1004,9;1005,8;1004,9;0;22,4;21,7;23,9;22,4;22,5;21,6;96;92;96;38;14;2,9;
2026/02/12;0800 UTC;2;1004,5;1004,9;1004,4;0;22,6;21,8;22,6;22,3;21,8;21,5;96;94;95;22;5,3;1,1;
2026/02/12;0900 UTC;,4;1004,9;1004,9;1004,4;0;22,8;21,8;22,8;22,4;21,9;21,7;97;95;95;54;4,3;1,1;
2026/02/12;1000 UTC;0;1005,3;1005,3;1004,9;,1;22,6;22;22,8;22,5;22;21,8;97;94;96;9;3,9;,8;
2026/02/12;1100 UTC;0;1006,2;1006,2;1005,3;120,9;23,7;22,1;23,7;22,6;22,4;21,9;96;91;91;52;3,9;1,3;
2026/02/12;1200 UTC;0;1007,6;1007,6;1006,2;931,5;26,4;22,9;26,4;23,7;23,1;22;91;80;81;38;3,8;1,5;
2026/02/12;1300 UTC;0;1008,3;1008,3;1007,6;1896;29,1;24;29,1;26,1;24,2;22,2;82;70;74;44;4,5;2,2;
2026/02/12;1400 UTC;0;1008,1;1008,3;1008,1;2295,8;29,5;23,3;30,4;28,9;24,4;22,6;75;66;69;41;6,1;3,3;
2026/02/12;1500 UTC;0;1007,3;1008,1;1007,3;2693,9;30,6;23,3;31;29,2;24,1;22,4;70;63;65;54;6,2;2,5;
2026/02/12;1600 UTC;0;1006,3;1007,3;1006,3;1869,9;30;22,5;31,8;30;23,9;22,4;68;59;64;33;5,8;1,7;
2026/02/12;1700 UTC;0;1005;1006,3;1005;2176,9;31,6;22,9;32,2;30;23,9;22;67;58;60;82;5,9;2,6;
2026/02/12;1800 UTC;0;1003,9;1005;1003,9;2420,7;31,4;22,8;32,2;31,1;24,3;22,4;65;57;60;82;6,6;2,5;
2026/02/12;1900 UTC;0;1002,9;1003,9;1002,9;2064,9;31,2;22,7;32,5;31,2;24;22,3;64;57;61;47;6,6;1,7;
2026/02/12;2000 UTC;0;1002,7;1002,9;1002,5;719,7;31,9;23,2;32,4;30,6;23,8;22;62;56;60;57;5,4;1,7;
2026/02/12;2100 UTC;0;1002,7;1002,8;1002,6;597,6;30,7;22,8;32;30,7;23,5;22,5;63;58;63;113;4,6;1,9;
2026/02/12;2200 UTC;0;1003,7;1003,7;1002,8;64,9;28,2;22;30,8;28,2;24;22;77;63;69;82;6,2;1,9;
2026/02/12;2300 UTC;0;1004,2;1004,2;1003,7;3,7;28,9;20,2;29;28,1;22,4;20;71;59;59;87;4,3;1,8;
2026/02/13;0000 UTC;0;1004,9;1004,9;1004,1;0;28,4;21,8;29;28,1;22,1;20,3;69;59;68;67;3,7;1,1;
2026/02/13;0100 UTC;0;1006,1;1006,1;1004,9;0;27,3;23,6;28,5;27,3;23,6;21,6;80;67;80;127;5,1;1,3;
2026/02/13;0200 UTC;0;1006,6;1006,6;1006,1;0;26,9;23,9;27,3;26,9;24;23,6;84;80;84;98;4;1,5;
2026/02/13;0300 UTC;0;1006,5;1006,7;1006,5;0;26,7;23,8;26,9;26,7;23,9;23,7;85;83;84;89;4;1,6;
2026/02/13;0400 UTC;0;1006,6;1006,7;1006,4;0;26,2;24;26,7;26,1;24;23,7;88;84;88;110;4,1;1,1;
2026/02/13;0500 UTC;0;1005,6;1006,6;1005,6;0;25,8;23,4;26,2;25,8;24;23,3;88;86;86;120;4,1;1,9;
2026/02/13;0600 UTC;0;1005,1;1005,6;1005,1;0;25,3;23,2;25,8;25,3;23,4;23,1;88;85;88;140;5;1,4;
2026/02/13;0700 UTC;0;1005,2;1005,3;1005,1;0;25,1;23,1;25,3;25,1;23,2;23,1;89;88;89;117;4,6;1;
2026/02/13;0800 UTC;0;1004,8;1005,2;1004,8;0;24,9;23,2;25,1;24,9;23,2;23;90;88;90;124;5,5;1,8;
2026/02/13;0900 UTC;0;1005,4;1005,4;1004,8;0;24,8;23,1;24,9;24,8;23,2;23,1;91;90;90;110;4,5;1,3;
2026/02/13;1000 UTC;0;1005,7;1005,7;1005,4;0;24,8;23;24,9;24,8;23,1;22,9;90;89;90;79;5;1,8;
2026/02/13;1100 UTC;0;1006,4;1006,4;1005,7;81,1;25,2;23,2;25,2;24,8;23,2;23;90;89;89;84;5,8;2,4;
2026/02/13;1200 UTC;0;1007,6;1007,6;1006,4;322,7;26;23,3;26;25,2;23,4;23,1;89;85;85;95;6,3;3;
2026/02/13;1300 UTC;0;1008,3;1008,3;1007,6;1035,4;27,3;23,4;27,7;26;24;23,1;85;78;80;78;7,5;3,4;
2026/02/13;1400 UTC;0;1009;1009;1008,3;737,4;27,1;23,6;27,5;26,9;23,6;23;81;78;81;74;7,5;3;
2026/02/13;1500 UTC;0;1008,6;1009,1;1008,6;1227,9;27,5;22,9;28,1;27;24;22,6;83;74;76;70;10,4;3,3;
2026/02/13;1600 UTC;3,8;1008,1;1008,7;1008,1;1187,6;26,3;22,2;27,5;24,6;23,9;22,2;92;76;78;67;10,2;4;
2026/02/13;1700 UTC;0;1006,7;1008,1;1006,7;3400,2;27,9;22;28,5;26,2;23,1;21,6;79;69;70;42;12,1;3,9;
2026/02/13;1800 UTC;0;1005,5;1006,7;1005,5;2303,6;29,2;22,6;29,6;27,6;23;21,6;72;66;68;57;9,7;3,1;
2026/02/13;1900 UTC;0;1004,1;1005,5;1004;1979,4;30,2;22,2;30,5;28,4;24;21,9;73;61;63;71;6,9;2,8;
2026/02/13;2000 UTC;0;1003;1004,1;1003;1639,9;29,1;22,5;30,5;29,1;22,9;21,5;68;60;68;65;7,3;2,7;
2026/02/13;2100 UTC;0;1002,7;1003;1002,7;547;28,6;22,6;29,4;28,5;23,3;22,5;73;67;70;95;4,9;1,5;
2026/02/13;2200 UTC;0;1003,2;1003,2;1002,7;174,9;28;22,4;28,6;28;22,8;21,9;72;69;72;97;4,7;1,3;
2026/02/13;2300 UTC;0;1003,6;1003,7;1003,2;11,1;27,5;22,6;28;27,5;22,7;22,2;75;72;75;114;3,8;1,3;
2026/02/14;0000 UTC;0;1004,4;1004,4;1003,6;0;27,4;22,7;27,6;27,4;22,8;22,5;76;74;76;105;3,4;1,4;
2026/02/14;0100 UTC;0;1005,1;1005,1;1004,4;0;27,1;23;27,4;27;23;22,7;78;76;78;72;3,5;1,8;
2026/02/14;0200 UTC;,2;1005,7;1005,7;1005,1;0;26,1;23,7;27,1;26;23,8;23;87;78;87;44;4,5;1,8;
2026/02/14;0300 UTC;0;1006;1006;1005,6;,4;24,9;22,6;26,1;24,9;23,6;22,5;88;85;87;36;6,3;2,8;
2026/02/14;0400 UTC;0;1005,9;1006,1;1005,8;0;24,9;21,7;25;24,9;22,5;21,7;87;83;83;54;6,8;2,2;
2026/02/14;0500 UTC;0;1005,3;1005,9;1005,3;0;24,8;21,4;25;24,8;21,7;21,4;83;81;81;55;5,1;2,5;
2026/02/14;0600 UTC;0;1004,8;1005,3;1004,8;0;24,6;21,3;24,8;24,5;21,4;21,2;82;81;82;53;5,3;2,6;
2026/02/14;0700 UTC;0;1004,4;1004,8;1004,4;0;24,6;21,4;24,7;24,5;21,5;21,3;83;82;83;68;5,3;1,2;
2026/02/14;0800 UTC;0;1004,5;1004,5;1004,4;0;24,3;21,5;24,6;24,2;21,5;21,3;85;82;84;76;2,4;1,2;
2026/02/14;0900 UTC;0;1004,9;1004,9;1004,5;0;24,1;21,9;24,4;24;21,9;21,5;88;84;88;40;2,4;1;
2026/02/14;1000 UTC;0;1005,2;1005,2;1004,9;0;23,8;21,8;24,2;23,8;22;21,8;89;87;89;46;1,9;,3;
2026/02/14;1100 UTC;0;1005,9;1005,9;1005,2;45,8;24,3;22,1;24,3;23,7;22,3;21,8;91;87;88;47;1,4;,5;
2026/02/14;1200 UTC;0;1006,9;1006,9;1005,9;298,9;25,2;22,2;25,2;24,3;22,3;21,8;89;83;84;42;2,5;1,6;
2026/02/14;1300 UTC;0;1007,8;1007,8;1006,9;774;26,3;22,9;26,3;25,2;23,1;22,1;85;81;82;51;3,2;1,7;
2026/02/14;1400 UTC;0;1007,6;1007,9;1007,6;1385,6;28,5;23,4;28,5;26,3;23,9;22,6;84;72;74;110;3,5;1,4;
2026/02/14;1500 UTC;0;1007,5;1007,6;1007,4;1761,5;28,7;23,2;29,9;27,8;23,6;22,2;75;66;73;71;5,8;3,3;
2026/02/14;1600 UTC;0;1006,3;1007,5;1006,3;1986,8;28,9;22,4;29,5;28;23,9;22,3;76;67;68;72;6,9;2,8;
2026/02/14;1700 UTC;0;1005;1006,3;1005;1839,3;29,4;22,5;29,8;28,8;23,3;21,9;70;63;66;73;6,9;1,6;
2026/02/14;1800 UTC;0;1004;1005;1004;1781,1;30,2;23,2;30,5;29,4;23,2;22,1;68;63;66;67;6,5;2,5;
2026/02/14;1900 UTC;0;1002,8;1004;1002,8;2307,8;31,2;22;31,8;30,2;24,6;21,5;68;56;58;61;6,9;3,1;
2026/02/14;2000 UTC;0;1002,4;1002,8;1002,3;1250,2;29;21,4;31,9;28,8;23,3;21,4;66;54;64;45;7,1;2,9;
2026/02/14;2100 UTC;0;1002,2;1002,4;1002;421,4;29,5;22,4;30,1;29;22,5;20,9;66;60;66;65;6,5;1,8;
2026/02/14;2200 UTC;0;1002,8;1002,8;1002,2;176,7;27,8;22,4;29,6;27,8;23,1;22,4;74;66;73;28;7,7;1,6;
2026/02/14;2300 UTC;0;1003;1003,2;1002,8;6,2;26,5;20,9;27,8;26,4;22,5;20,7;74;68;71;43;4,9;,7;
2026/02/15;0000 UTC;0;1004;1004;1003;0;26,6;21,7;26,7;26,3;21,7;21;75;71;75;55;2,5;,9;
2026/02/15;0100 UTC;0;1004,8;1004,8;1003,9;0;26,1;22,2;26,6;26,1;22,4;21,6;80;75;79;328;2,5;,4;
2026/02/15;0200 UTC;0;1005,2;1005,2;1004,8;0;25,5;22,2;26,2;25,4;22,3;21,9;83;79;82;323;2,7;,4;
2026/02/15;0300 UTC;0;1005,1;1005,3;1005,1;0;25,1;22,7;25,5;25,1;22,8;22,2;87;82;87;30;2,3;,7;
2026/02/15;0400 UTC;0;1004,8;1005,1;1004,6;0;24,9;22,3;25,1;24,9;22,8;22,3;87;85;85;316;1,8;,4;
2026/02/15;0500 UTC;0;1004,6;1004,8;1004,5;0;24,9;21,8;25;24,6;22,3;21,7;86;82;83;26;2,8;,6;
2026/02/15;0600 UTC;0;1004,4;1004,7;1004,4;0;24,5;21,9;24,9;24,5;21,9;21,5;85;82;85;336;2,5;,6;
2026/02/15;0700 UTC;0;1003,8;1004,4;1003,8;0;24,1;22,1;24,6;24,1;22,2;21,9;89;85;89;272;2,2;,3;
2026/02/15;0800 UTC;0;1003,7;1003,8;1003,5;0;23,9;22,3;24,1;23,8;22,3;22,1;91;89;91;304;1,3;,3;
2026/02/15;0900 UTC;0;1003,8;1003,8;1003,6;0;24;22,2;24,2;23,9;22,5;22,2;91;89;90;5;1,1;,2;
2026/02/15;1000 UTC;0;1004,5;1004,5;1003,8;0;23,7;22,3;24;23,7;22,3;22,1;92;90;92;316;,8;,1;
2026/02/15;1100 UTC;0;1005,6;1005,6;1004,5;78,6;24,9;22,7;24,9;23,7;23;22,3;93;87;88;192;,9;,1;
2026/02/15;1200 UTC;0;1006,7;1006,7;1005,6;332,1;26,6;22,8;26,6;24,9;23,5;22,5;88;79;80;73;2,8;1,5;
2026/02/15;1300 UTC;,2;1006,9;1006,9;1006,6;1894,6;28,7;23,9;29,8;26,1;25,3;22,6;86;72;75;40;5,3;2,8;
2026/02/15;1400 UTC;0;1006,9;1007,1;1006,9;1570,7;27,6;23,4;29,3;27,6;24,4;22,8;78;72;78;36;7,6;1,7;
2026/02/15;1500 UTC;0;1006,3;1006,9;1006,3;1196,6;29,1;24,1;29,1;27,1;24,9;23,2;82;74;74;43;4,5;1,7;
2026/02/15;1600 UTC;0;1004,8;1006,3;1004,8;2364,8;30,6;22,6;31,4;28,8;24,9;22,6;76;62;62;50;7,7;3,2;
2026/02/15;1700 UTC;0;1003,6;1004,9;1003,6;2168,2;30,8;22,6;31,2;30,2;23,7;22,4;66;62;62;49;7,7;2,8;
2026/02/15;1800 UTC;0;1002,9;1003,6;1002,9;1541,9;30;23,4;31,9;29,8;24,2;22,1;69;59;68;19;6,4;1,1;
2026/02/15;1900 UTC;0;1002,2;1002,9;1002,2;844,8;31;22,3;31,1;30;24,7;22;71;60;60;85;4,1;1,9;
2026/02/15;2000 UTC;1,4;1002;1002,8;1001,7;315,4;24,8;21,7;31,2;24;23;19,7;88;58;83;37;13;2,5;
2026/02/15;2100 UTC;0;1002,5;1002,5;1001,8;394,2;25,9;22,7;26,3;24,8;23,2;21,7;86;81;83;337;5,1;,9;
2026/02/15;2200 UTC;0;1002;1002,6;1001,8;90,5;25,4;22,5;25,9;25,4;23;22,3;86;82;84;44;4,4;1,1;
2026/02/15;2300 UTC;;;;;;;;;;;;;;;;;;
2026/02/16;0000 UTC;0;1004,4;1004,4;1003,1;0;24,8;22,7;25,3;24,8;22,9;22,3;88;84;88;359;3;,4;
2026/02/16;0100 UTC;0;1005,1;1005,1;1004,4;0;25,4;22,3;25,4;24,6;22,7;22,3;89;83;83;47;3,5;1,7;
2026/02/16;0200 UTC;0;1006;1006,1;1005,1;0;25,2;22,2;25,6;25,2;22,3;22,1;83;81;83;41;4,3;1,7;
2026/02/16;0300 UTC;0;1006,3;1006,5;1006;0;25,3;22;25,3;25;22,2;22;84;82;82;61;3,6;1,1;
2026/02/16;0400 UTC;0;1005,8;1006,4;1005,8;0;24,6;22;25,3;24,6;22;21,8;85;82;85;23;2,7;,3;
2026/02/16;0500 UTC;0;1005,4;1005,8;1005,3;0;24,2;22;24,7;24,2;22,3;21,8;88;85;87;222;1;,2;
2026/02/16;0600 UTC;0;1004,5;1005,4;1004,5;0;24,7;22,3;24,7;24,2;22,8;22;91;86;87;130;1,6;,6;
2026/02/16;0700 UTC;0;1004,4;1004,5;1004,1;,4;24,9;22,8;25,6;24,7;22,8;21,8;88;81;88;261;1,9;,5;
2026/02/16;0800 UTC;0;1004,3;1004,5;1004,3;0;24,7;23,3;25,1;24,7;23,6;22,8;93;88;92;213;3,5;,7;
2026/02/16;0900 UTC;0;1004,9;1005;1004,3;0;24,8;23,3;24,8;24,4;23,3;23,1;93;91;91;180;2,8;1;
2026/02/16;1000 UTC;0;1005,9;1005,9;1004,9;0;24,8;23,4;24,9;24,7;23,4;23,3;92;91;92;46;2,2;,7;
2026/02/16;1100 UTC;1,8;1006,9;1006,9;1005,9;10,8;24,2;23,3;25;24,2;23,4;23,2;95;90;95;41;4,2;2,3;
2026/02/16;1200 UTC;17,6;1009;1009;1006,9;13,3;22,3;21,6;24,2;22,3;23,3;21,6;96;95;95;63;6,7;1,9;
2026/02/16;1300 UTC;7,6;1009,1;1009,2;1008,8;11,2;22,4;21,7;22,4;22,2;21,7;21,5;97;95;96;107;5,2;1,2;
2026/02/16;1400 UTC;4;1009,2;1009,3;1009,1;40,4;22,2;21,7;22,4;22;21,7;21,4;97;96;97;355;3,1;,3;
2026/02/16;1500 UTC;,8;1009,6;1009,6;1009,2;147,6;22,6;22;22,8;22,2;22,4;21,7;97;96;96;67;1,7;,8;
2026/02/16;1600 UTC;1,2;1008,7;1009,6;1008,7;395,7;23,6;22,9;23,6;22,6;22,9;21,9;97;94;96;277;1,7;,4;
2026/02/16;1700 UTC;0;1007,2;1008,7;1007,2;985,1;25,1;23,1;25,2;23,6;23,7;22,8;97;88;88;229;1,9;,5;
2026/02/16;1800 UTC;0;1005,2;1007,2;1005,2;2432,1;29,2;24;29,2;25,1;24,4;22,7;89;72;73;55;4,6;2;
2026/02/16;1900 UTC;0;1004;1005,2;1004;2341,8;29,3;23,4;29,9;28,3;24;22,4;75;67;70;95;5,7;2,2;
2026/02/16;2000 UTC;0;1003,3;1004;1003,3;1464;29,7;23,3;30,4;28,6;24,2;22,4;73;67;69;68;6,4;2,4;
2026/02/16;2100 UTC;0;1003,5;1003,5;1003,3;548,1;28,2;22,9;29,7;28;23,5;22,8;75;68;73;60;6,4;2,1;
2026/02/16;2200 UTC;0;1003,9;1003,9;1003,4;131,5;27,3;23,2;28,2;27,2;23,4;22,9;79;73;78;113;4,2;1,4;
2026/02/16;2300 UTC;0;1004,5;1004,6;1003,9;7,2;26,5;23,2;27,3;26,5;23,6;23,1;83;78;82;71;3,1;1,1;
2026/02/17;0000 UTC;;1005,3;1005,3;1004,5;0;26,2;23,2;26,5;26;23,3;23,1;84;82;84;42;3;1,5;
2026/02/17;0100 UTC;0;1005,8;1005,8;1005,3;0;25,6;23,3;26,2;25,6;23,3;23,1;87;84;87;49;2,6;,8;
2026/02/17;0200 UTC;0;1006,4;1006,4;1005,7;0;25,3;22,9;25,8;25,1;23,3;22,9;89;86;86;78;1,9;,7;
2026/02/17;0300 UTC;0;1007,1;1007,1;1006,4;0;25,8;22,7;25,8;25;23,2;22,7;90;83;83;86;1,9;1;
2026/02/17;0400 UTC;0;1006,9;1007,1;1006,9;0;25,7;23;25,8;25,4;23;22,6;86;83;85;73;2,2;1,2;
2026/02/17;0500 UTC;0;1006,4;1006,9;1006,4;0;25,4;23,7;25,7;25,3;23,7;23;91;85;91;74;2,8;1,3;
2026/02/17;0600 UTC;0;1006,1;1006,4;1005,9;0;25,1;23,6;25,4;25;23,8;23,6;92;90;92;102;2,7;,9;
2026/02/17;0700 UTC;0;1006;1006,1;1005,8;0;25,3;23,5;25,3;25;23,6;23,4;92;90;90;71;2,6;1,2;
2026/02/17;0800 UTC;7;1006,4;1006,7;1005,8;,4;22,4;21,7;25,4;22;23,7;21,1;96;84;96;55;10,8;3;
2026/02/17;0900 UTC;,8;1006,3;1006,4;1006,1;0;22,6;21,7;22,6;22,4;21,8;21,6;96;95;95;56;8,3;1,9;
2026/02/17;1000 UTC;0;1006,6;1006,7;1006,3;0;22,6;21,6;22,6;22,4;21,7;21,5;95;94;94;78;4,1;1,2;
2026/02/17;1100 UTC;0;1007,1;1007,1;1006,6;105,1;23,3;21,7;23,3;22,6;21,7;21,5;94;90;90;74;3,8;1,5;
2026/02/17;1200 UTC;0;1007,9;1007,9;1007,1;812,4;25,5;22,2;25,6;23,3;22,7;21,6;90;82;82;92;5;2;
2026/02/17;1300 UTC;0;1008,5;1008,6;1007,9;2070,7;27,6;22,2;28;25,5;23,1;21,8;83;72;73;75;5,1;2,5;
2026/02/17;1400 UTC;0;1008,7;1008,7;1008,5;1410,6;27;21,5;28,1;26,6;22,9;21,2;76;70;72;66;5,4;2,3;
2026/02/17;1500 UTC;0;1008,3;1008,7;1008,3;2235,6;28,9;22,7;29;26,9;23,2;21,4;74;67;69;94;6,3;1,5;
2026/02/17;1600 UTC;0;1007,5;1008,3;1007,5;3526,6;30,6;22,5;30,6;28,9;23,8;21,7;72;62;62;69;5;2;
2026/02/17;1700 UTC;0;1006,1;1007,5;1006,1;3130,2;30,2;22,1;31,2;29,8;23,7;21,5;66;58;62;28;5,8;2,4;
2026/02/17;1800 UTC;0;1004,9;1006,1;1004,9;2453,8;30,7;21,8;32,1;29,8;23,9;21,4;65;56;59;63;6,3;2,8;
2026/02/17;1900 UTC;0;1003,6;1004,9;1003,6;2694,7;30,8;21,2;31,9;30,3;23,1;20,7;63;53;57;76;7,4;1,9;
2026/02/17;2000 UTC;0;1002,3;1003,6;1002,3;976,4;29,8;21,8;32;29,8;22,6;21,5;63;56;63;24;4,7;1;
2026/02/17;2100 UTC;0;1002,2;1002,3;1002,1;299,2;29,5;22,7;30,8;29,4;23;21,5;68;59;67;74;5,1;1,4;
2026/02/17;2200 UTC;0;1002,6;1002,6;1002,1;123,2;28,8;22,9;29,5;28,3;23,3;22,7;73;67;71;74;5,3;1,9;
2026/02/17;2300 UTC;0;1003,7;1003,7;1002,6;20,7;27,4;22,8;28,8;27,4;23;22,6;76;70;76;83;5,1;2,6;
2026/02/18;0000 UTC;,6;1004,8;1004,9;1003,7;0;25,1;23,2;27,4;25,1;23,2;21,5;90;70;90;175;5,4;,9;
2026/02/18;0100 UTC;;;;;;;;;;;;;;;;;;
2026/02/18;0200 UTC;0;1006,1;1006,1;1005,6;,6;26,7;22,9;26,7;24,8;23,7;22,9;93;80;80;61;1,9;1,3;
2026/02/18;0300 UTC;0;1006,2;1006,4;1006,1;,2;25,9;23,4;26,7;25,9;23,5;22,9;86;80;86;59;2,4;,9;
2026/02/18;0400 UTC;0;1006,1;1006,2;1006;0;25,7;22,7;26,5;25,7;23,3;22,6;86;80;83;79;2,1;,4;
2026/02/18;0500 UTC;0;1005,2;1006,1;1005,2;0;25;23,1;25,7;24,9;23,6;22,7;90;83;89;53;1,2;,8;
2026/02/18;0600 UTC;0;1004,5;1005,2;1004,5;0;24,7;23;25,2;24,7;23,4;22,7;91;86;91;78;1,2;,3;
2026/02/18;0700 UTC;0;1004,2;1004,5;1004,1;0;24,8;23;24,8;24,4;23,1;22,3;91;87;90;57;1,5;,9;
2026/02/18;0800 UTC;0;1004,4;1004,4;1004,2;0;24,6;22,6;25,4;24,6;23;22,5;90;85;89;39;2,1;,6;
2026/02/18;0900 UTC;0;1005;1005,1;1004,4;0;24,9;22,8;25,3;24,4;22,9;22,6;91;86;88;31;1,5;,4;
2026/02/18;1000 UTC;8,2;1005,7;1005,7;1004,9;,1;24,2;23,5;25,3;24,2;23,5;22,8;95;88;95;93;3,2;1,6;
2026/02/18;1100 UTC;19,4;1006,7;1006,8;1005,5;11,2;23;22,3;24,2;22,7;23,5;21,9;97;95;96;29;8,5;2,1;
2026/02/18;1200 UTC;14,4;1008,1;1008,1;1006,7;8,7;22,7;22,3;23;22,6;22,4;22,2;97;96;97;328;5,9;,6;
2026/02/18;1300 UTC;1,8;1008,7;1008,7;1008,1;56,9;23;22,4;23,1;22,7;22,4;22,3;98;96;96;44;4,8;1,4;
2026/02/18;1400 UTC;,4;1008,7;1009,1;1008,7;297,1;23,7;22,9;23,7;23;22,9;22,4;97;95;95;40;4,9;2,3;
2026/02/18;1500 UTC;,4;1008,4;1008,7;1008,4;1022,2;25,7;24,4;25,7;23,7;24,4;23;96;90;92;41;5,7;1,8;
2026/02/18;1600 UTC;0;1007,6;1008,4;1007,6;1402,4;27,2;24;27,3;25,7;24,5;23,3;92;80;83;12;5,4;1,4;
2026/02/18;1700 UTC;0;1006,3;1007,6;1006,3;1475,5;28,1;23,7;28,1;26,9;24,2;22,8;84;76;77;333;5,7;1,2;
2026/02/18;1800 UTC;0;1004,6;1006,3;1004,6;2234;29,6;23,5;30,1;28,1;24,9;23;79;69;70;2;4,1;1,2;
2026/02/18;1900 UTC;0;1003,5;1004,6;1003,4;2558,3;29,8;23,3;31;29,3;24,8;23;74;65;68;337;4,1;1;
2026/02/18;2000 UTC;0;1002,3;1003,5;1002,3;826,3;29,2;23,1;30,2;29;24;22,9;73;65;70;319;3,8;1,2;
2026/02/18;2100 UTC;0;1002,2;1002,3;1001,9;413,7;29,3;23,4;29,7;28,7;24;23;73;68;71;32;3,8;,9;
2026/02/18;2200 UTC;0;1002,8;1002,9;1002,2;178,8;28,1;23,2;29,3;28,1;23,7;22,9;75;70;74;213;3,9;2;
2026/02/18;2300 UTC;,4;1004,1;1004,1;1002,8;7,1;26,1;24,5;28,2;26,1;24,6;23,1;91;74;91;356;3,9;,7;
2026/02/19;0000 UTC;,2;1005;1005;1004,1;0;24,6;23,4;26,1;24,6;24,5;23,3;94;90;93;353;2,9;,2;
2026/02/19;0100 UTC;0;1006,2;1006,3;1005;0;23,2;21,8;24,8;23,1;23,4;21,7;93;89;92;42;5,5;2,7;
2026/02/19;0200 UTC;;;;;;22,8;;23,3;22,7;;;;;97;;;;
2026/02/19;0300 UTC;,2;1007,1;1007,1;1006,6;0;23;22,5;23;22,7;22,5;22,2;97;96;97;31;2,1;,7;
2026/02/19;0400 UTC;,4;1006,7;1007,2;1006,7;0;23,1;22,3;23,2;23;22,5;22,2;97;95;95;16;4,1;,8;
2026/02/19;0500 UTC;,2;1005,9;1006,7;1005,9;0;22,9;22,2;23,1;22,8;22,3;22,1;96;95;96;13;4,1;,7;
2026/02/19;0600 UTC;0;1004,8;1006;1004,8;0;22,6;22;23;22,6;22,3;22;96;95;96;7;3,3;,6;
2026/02/19;0700 UTC;0;1004,3;1004,8;1004,3;0;22,7;22,1;22,9;22,6;22,2;21,9;97;95;97;79;2,1;,4;
2026/02/19;0800 UTC;0;1004,2;1004,3;1003,9;0;22,7;22,2;22,8;22,6;22,3;22;97;96;97;90;1,6;,5;
2026/02/19;0900 UTC;0;1004,7;1004,7;1004,2;0;22,8;22,3;23,1;22,7;22,3;22;97;94;96;184;1,4;,4;
2026/02/19;1000 UTC;0;1004,9;1004,9;1004,7;0;23;22,4;23,1;22,8;22,4;22,2;97;95;96;240;1,3;,3;
2026/02/19;1100 UTC;0;1005,4;1005,4;1004,8;77,3;24;22,9;24;23;23;22,4;96;93;94;224;2,4;,6;
2026/02/19;1200 UTC;0;1006,5;1006,5;1005,4;377,4;25,1;22,7;25,1;24;23,1;22,3;93;86;86;244;2,7;1,1;
2026/02/19;1300 UTC;0;1007,1;1007,1;1006,5;904,9;26,4;22,9;26,4;25,1;23,7;22,5;88;81;81;262;2,7;,8;
2026/02/19;1400 UTC;0;1007,3;1007,4;1007,1;2473,6;30,2;23,9;30,2;26,4;24,7;22,7;84;69;69;82;3,2;1,3;
2026/02/19;1500 UTC;0;1006,9;1007,3;1006,9;2421,3;29,6;23,6;30,5;28,1;24,4;22,7;77;67;70;104;4,5;1,4;
2026/02/19;1600 UTC;0;1006;1006,9;1006;2493,3;30,1;24,2;30,6;28,8;25;22,7;76;65;71;59;5;1,1;
2026/02/19;1700 UTC;0;1004,5;1006;1004,5;2404,4;30,6;23,6;32,2;29,5;25;22,8;71;61;66;71;3,7;,7;
2026/02/19;1800 UTC;0;1003,3;1004,5;1003,3;1717,7;29,9;23,3;31,8;29,8;24,8;23,1;72;63;68;175;4,4;1,4;
2026/02/19;1900 UTC;11,6;1002,3;1003,8;1002,3;423,3;26,5;24,8;29,9;24,7;24,8;22,2;93;67;91;170;7,9;,8;
2026/02/19;2000 UTC;,4;1001,6;1002,3;1001,6;1263,4;30,4;23,9;31,6;26,4;24,9;21,4;90;56;68;192;3,3;1,1;
2026/02/19;2100 UTC;21;1003,2;1003,2;1001,6;307,9;24;23,4;30,4;23,9;25;22,2;97;63;97;322;6,6;1,4;
2026/02/19;2200 UTC;9,4;1002,7;1003,2;1002,6;35,1;24;23,1;24,1;23,4;23,5;22,8;97;94;95;183;6,3;,9;
2026/02/19;2300 UTC;0;1003,5;1003,5;1002,7;4,5;25;23,7;25;24,1;23,8;22,9;96;92;92;219;3;1,4;
2026/02/20;0000 UTC;0;1003,8;1003,9;1003,4;,3;24,9;23,7;25,3;24,9;23,8;23,5;93;91;93;102;3;,8;
2026/02/20;0100 UTC;0;1004,2;1004,2;1003,8;0;25,2;23,3;25,3;24,7;23,7;23,2;94;89;89;115;2,9;1,1;
2026/02/20;0200 UTC;,2;1005,4;1005,4;1004,2;0;25,3;23,7;25,4;25,2;23,7;23,2;91;88;91;96;2,9;,6;
2026/02/20;0300 UTC;0;1005,4;1005,4;1005,3;0;25,3;24;25,3;24,7;24;23,7;95;91;93;74;1,9;,9;
2026/02/20;0400 UTC;0;1005;1005,5;1005;0;25,1;23,9;25,4;24,9;24;23,8;94;92;93;102;2,2;,7;
2026/02/20;0500 UTC;0;1004,4;1005;1004,4;0;24,6;24;25,1;24,6;24;23,9;96;93;96;86;1,3;,5;
2026/02/20;0600 UTC;0;1004;1004,4;1003,9;0;25,2;24,4;25,3;24,6;24,5;23,9;97;95;95;136;2,5;,7;
2026/02/20;0700 UTC;0;1003,8;1004;1003,6;0;25,1;24;25,3;25;24,4;24;95;94;94;152;2,5;,6;
2026/02/20;0800 UTC;0;1003,7;1004;1003,7;0;25;23,8;25,2;25;24;23,8;94;93;93;124;2,7;,8;
2026/02/20;0900 UTC;0;1004;1004;1003,7;0;24,8;23,7;25;24,8;23,8;23,6;94;93;94;133;2,2;,3;
2026/02/20;1000 UTC;0;1004,4;1004,4;1004;0;25;23,8;25;24,8;23,8;23,7;94;93;93;97;2,2;,8;
2026/02/20;1100 UTC;0;1005,1;1005,1;1004,4;85,8;25,5;24;25,5;25;24,1;23,8;93;92;92;100;2,6;,7;
2026/02/20;1200 UTC;0;1006,2;1006,2;1005,1;596,8;26,5;23,9;26,8;25,5;24,5;23,9;92;86;86;92;3,4;1,6;
2026/02/20;1300 UTC;0;1006,8;1006,8;1006,2;651,8;27,4;24,6;27,4;26,5;24,6;24;88;84;85;110;3,9;1,5;
2026/02/20;1400 UTC;0;1007,3;1007,3;1006,8;1696,2;29,2;24,4;29,5;27,4;25,3;23,8;85;73;75;68;4,5;1,9;
2026/02/20;1500 UTC;0;1006,8;1007,3;1006,8;1767,6;29;24,4;30,3;28,4;24,8;23,3;80;68;76;136;5,1;2,1;
2026/02/20;1600 UTC;0;1005,5;1006,8;1005,5;1950,1;30,4;24,4;30,5;28,5;25,5;23,4;79;67;70;72;5,1;1,6;
2026/02/20;1700 UTC;3;1004,8;1005,5;1004,8;989,2;24,6;23,5;30,7;23,9;25,1;22;95;66;94;352;11,1;,7;
2026/02/20;1800 UTC;,2;1003;1004,8;1003;823,3;26,8;24,5;26,8;24,5;24,7;23,5;94;87;87;42;2,4;1,1;
2026/02/20;1900 UTC;0;1002,2;1003;1002,2;1290,8;29,2;24,2;29,3;26,8;24,9;23,2;87;71;75;74;4,3;2,3;
2026/02/20;2000 UTC;0;1001,9;1002,2;1001,8;811,1;28,5;23,1;29,2;28,3;24,3;22,9;78;72;73;68;5,5;1,6;
2026/02/20;2100 UTC;0;1001,9;1002;1001,8;448,7;28,3;23,8;28,7;28,3;23,9;22,9;77;72;76;50;4,3;1,8;
2026/02/20;2200 UTC;0;1002,1;1002,3;1001,9;157,4;27,6;23,5;28,3;27,5;23,8;23,3;80;75;79;40;4,3;1,5;
2026/02/20;2300 UTC;0;1002,7;1002,8;1002,1;5,5;26,6;23,8;27,6;26,6;23,9;23,5;85;79;85;48;3,6;,8;
2026/02/21;0000 UTC;0;1003,2;1003,2;1002,7;0;26;23,7;26,8;26;24;23,7;88;84;87;25;2,2;,3;
2026/02/21;0100 UTC;;;;;;26,3;;26,5;;;;;;;;;;
2026/02/21;0200 UTC;0;1005,4;1005,4;1004,2;,2;26,2;23,8;26,3;25,7;23,9;23,5;89;85;87;41;2,2;,9;
2026/02/21;0300 UTC;0;1005,8;1005,8;1005,4;0;25,5;23,7;26,2;25,5;24;23,6;90;87;90;334;3,6;,4;
2026/02/21;0400 UTC;0;1005,3;1005,8;1005,3;0;24,9;23,4;25,5;24,9;23,6;23,2;91;89;91;348;2,6;,5;
2026/02/21;0500 UTC;0;1005,1;1005,3;1005,1;0;24,8;23,4;24,9;24,5;23,4;23,3;93;91;92;57;2,2;1;
2026/02/21;0600 UTC;0;1004,7;1005,1;1004,7;0;24,8;22,9;25;24,8;23,4;22,9;92;88;89;67;2,7;,8;
2026/02/21;0700 UTC;0;1004,7;1004,8;1004,7;0;24,4;22,7;25;24,4;22,9;22,7;90;88;90;137;2,1;,2;
2026/02/21;0800 UTC;0;1004,4;1004,7;1004,4;0;24,2;22,9;24,6;24,1;22,9;22,7;92;90;92;47;1,5;,7;
2026/02/21;0900 UTC;0;1004,3;1004,5;1004,3;0;23,5;22,8;24,2;23,5;22,9;22,7;95;92;95;105;1,5;,3;
2026/02/21;1000 UTC;0;1005,4;1005,4;1004,3;0;24,4;22,8;24,4;23,5;23;22,7;96;91;91;80;1,8;,8;
2026/02/21;1100 UTC;0;1006,1;1006,1;1005,4;73,3;25;23;25;24,2;23;22,7;93;88;89;68;1,6;,8;
2026/02/21;1200 UTC;0;1007,4;1007,4;1006,1;174,2;25,1;22,9;25,4;24,9;23,2;22,9;90;86;88;60;4,5;1,8;
2026/02/21;1300 UTC;1,4;1007,9;1007,9;1007,4;712,1;26;24,6;26;24,2;24,7;22,6;95;88;92;45;4,1;,8;
2026/02/21;1400 UTC;0;1008;1008,1;1007,8;523,2;26,3;23,6;26,5;25,7;24,8;23,4;92;85;85;76;2,5;,6;
2026/02/21;1500 UTC;0;1007,2;1008,1;1007,2;2442,3;29;24,3;30,3;26,1;26,3;23,4;88;71;76;50;5,1;2,4;
2026/02/21;1600 UTC;0;1005,8;1007,2;1005,8;2704,2;30,6;23,4;31,3;29;25,1;23,3;77;64;65;41;6,2;2,3;
2026/02/21;1700 UTC;0;1004,6;1005,8;1004,6;2166,4;30,1;24,1;31,4;29,1;25,7;23,2;76;64;70;82;6,7;3,4;
2026/02/21;1800 UTC;0;1003,7;1004,6;1003,7;1618,4;29;24;31,2;28,7;24,6;23,6;76;66;75;204;6,3;1,8;
2026/02/21;1900 UTC;0;1002,7;1003,7;1002,7;826,8;27,8;24;29,5;27,5;24,8;23,7;82;72;80;129;6,3;2,2;
2026/02/21;2000 UTC;0;1001,8;1002,7;1001,7;770,5;27;23,8;27,8;27;24,4;23,5;83;79;83;111;5,8;1,8;
2026/02/21;2100 UTC;0;1001,6;1001,8;1001,6;434,1;26,6;23,8;27,6;26,5;24,5;23,6;86;80;85;190;4,1;1,2;
2026/02/21;2200 UTC;0;1002,2;1002,2;1001,5;137,9;25,7;23,5;26,6;25,7;23,9;23,5;88;84;88;198;4;1,7;
2026/02/21;2300 UTC;0;1002,9;1002,9;1002,2;3,3;25,1;23,2;25,7;25,1;23,5;23,2;89;88;89;195;4,2;1,5;
2026/02/22;0000 UTC;0;1003,8;1003,8;1002,9;0;24,9;23,3;25,2;24,9;23,4;23,2;91;89;91;81;3,6;,4;
2026/02/22;0100 UTC;0;1005,3;1005,3;1003,8;0;25,1;23,4;25,2;24,8;23,5;23,3;92;90;90;120;3,7;1,1;
2026/02/22;0200 UTC;0;1006,2;1006,2;1005,3;0;25;23,4;25,2;25;23,4;23,2;91;89;91;104;3;1;
2026/02/22;0300 UTC;0;1006,4;1006,5;1006,2;0;24,8;23,4;25;24,7;23,5;23,4;93;91;92;78;3,4;1,4;
2026/02/22;0400 UTC;0;1006;1006,4;1006;0;24,8;23,5;24,8;24,7;23,5;23,4;92;92;92;76;2,5;1,4;
2026/02/22;0500 UTC;0;1005,2;1006;1005,2;0;24,8;23,5;24,9;24,8;23,5;23,4;92;92;92;73;3,1;1,1;
2026/02/22;0600 UTC;0;1004,5;1005,2;1004,5;0;24,7;23,6;24,8;24,7;23,7;23,5;94;92;94;41;2,7;1,4;
2026/02/22;0700 UTC;0;1004;1004,5;1004;0;24,9;23,6;25;24,7;23,8;23,6;94;92;92;47;2,7;1,1;
2026/02/22;0800 UTC;0;1004,2;1004,2;1004;0;25;23,6;25,1;24,9;23,6;23,5;92;91;92;78;3,2;1,2;
2026/02/22;0900 UTC;0;1005,1;1005,1;1004,2;0;24,9;23,2;25;24,8;23,6;23,2;93;90;90;74;5,2;2,3;
2026/02/22;1000 UTC;0;1005,8;1005,8;1005,1;0;24;22;24,9;24;23,1;21,9;90;86;89;55;7,7;3,3;
2026/02/22;1100 UTC;,6;1006,7;1006,7;1005,8;19,6;23,3;22,2;24;23,2;22,2;21,9;94;89;94;41;7,7;2;
2026/02/22;1200 UTC;0;1007,6;1007,6;1006,7;440,2;25;23,1;25;23,3;23,4;22,2;95;89;89;6;4,5;1,1;
2026/02/22;1300 UTC;0;1008,1;1008,1;1007,5;1088,8;26,7;23,1;26,9;24,7;23,4;22,1;89;78;81;23;4,8;1,4;
2026/02/22;1400 UTC;0;1008,1;1008,3;1008,1;1348,8;27,4;23,3;27,6;26,5;23,7;22,4;82;76;78;23;6,1;1,7;
2026/02/22;1500 UTC;0;1007,9;1008,1;1007,9;1579;27,5;23,1;28,1;26,9;23,5;22,5;80;73;77;47;5,3;2,6;
2026/02/22;1600 UTC;0;1006,5;1007,9;1006,5;2084,4;29;23,2;30;27,4;24,8;22,6;78;67;71;60;7,5;2,4;
2026/02/22;1700 UTC;,2;1005;1006,5;1005;2677,7;30,2;24,2;31,3;28,8;24,8;22,6;77;64;70;56;6,6;1,7;
2026/02/22;1800 UTC;0;1003,4;1005;1003,4;1869,3;31,2;23,5;31,4;29,5;24,8;22,9;74;62;64;44;5,3;1,2;
2026/02/22;1900 UTC;0;1001,6;1003,4;1001,6;1828,5;31,8;22,4;32,4;30,6;24,2;22;69;56;58;72;5,4;2;
2026/02/22;2000 UTC;0;1000,7;1001,6;1000,7;1361;30,6;22,8;32,2;30,6;23,4;21,6;64;55;63;71;6,4;3;
2026/02/22;2100 UTC;0;1000,7;1000,7;1000,5;346,2;29,5;23;30,6;29,4;23,7;22,7;69;63;68;81;5,6;2,3;
2026/02/22;2200 UTC;0;1001,3;1001,3;1000,6;164,4;29,2;23;29,5;29,2;23,3;22,8;70;68;69;78;4,4;1,6;
2026/02/22;2300 UTC;0;1002,5;1002,5;1001,3;8,1;28,1;23,4;29,2;28;23,4;22,8;76;69;76;59;3,3;,7;
2026/02/23;0000 UTC;,4;1003,4;1003,4;1002,4;0;26,2;24;28,8;26,2;24,1;23,1;88;72;88;185;3,9;1,3;
2026/02/23;0100 UTC;0;1004;1004,1;1003,4;0;25,4;23,8;26,2;25,3;24,5;23,8;93;88;91;120;3,1;,6;
2026/02/23;0200 UTC;0;1004,8;1004,9;1004;0;25,8;22,8;26,3;25,3;23,8;22,8;91;82;83;74;2,2;,9;
2026/02/23;0300 UTC;0;1004,9;1005;1004,8;0;25,9;22,4;26,4;25,5;22,9;22,4;84;79;81;76;2,3;,8;
2026/02/23;0400 UTC;0;1004,3;1004,9;1004,3;0;25,9;22,2;25,9;25,1;23;22,2;88;80;80;73;3,2;1,2;
2026/02/23;0500 UTC;0;1003,8;1004,3;1003,7;0;25;22,7;26;24,9;23;22,1;89;79;87;287;2,4;,3;
2026/02/23;0600 UTC;0;1003;1003,8;1003;0;25;23,2;25,2;24,9;23,2;22,8;90;87;90;303;1,3;,2;
2026/02/23;0700 UTC;0;1002,9;1003;1002,7;0;24,9;23,4;25;24,8;23,5;23,2;92;90;91;55;,9;,6;
2026/02/23;0800 UTC;0;1003,3;1003,3;1002,9;0;25,1;23,3;25,3;24,9;23,5;23,3;92;89;90;47;1,6;,2;
2026/02/23;0900 UTC;0;1003,3;1003,3;1003,2;0;24,9;23,5;25,3;24,8;23,7;23,3;93;90;92;131;1,2;,4;
2026/02/23;1000 UTC;0;1004;1004;1003,2;0;25,5;23,5;25,5;24,8;23,8;23,4;93;88;89;82;1,4;,7;
2026/02/23;1100 UTC;7,6;1006;1006;1004;11,9;22,2;21,4;25,7;22,2;23,6;21,4;96;83;95;57;12,6;2,9;
2026/02/23;1200 UTC;1;1007,1;1007,2;1006,1;17,6;22,1;21,2;22,3;22;21,5;21,1;96;94;95;38;7,2;2,3;
2026/02/23;1300 UTC;2,8;1007,5;1007,5;1007,1;50,2;22,2;21,4;22,2;22;21,5;21,2;96;95;96;45;5,2;2,3;
2026/02/23;1400 UTC;3,4;1007,4;1007,5;1007,3;233,5;22,6;21,5;22,6;22,2;21,8;21,4;97;94;94;39;5,3;1,7;
2026/02/23;1500 UTC;,2;1007,1;1007,4;1007,1;455,2;23,5;21,6;23,5;22,6;22;21,4;94;89;89;38;4,8;1,9;
2026/02/23;1600 UTC;0;1006,1;1007,1;1006,1;801,5;24,2;20,2;24,3;23,5;21,9;20;90;78;79;38;7,7;2,2;
2026/02/23;1700 UTC;0;1005,1;1006,1;1005,1;691,8;24,1;19,8;24,7;24;21,1;19,1;83;72;77;61;5,5;1,9;
2026/02/23;1800 UTC;,2;1004,1;1005,1;1004,1;724,3;24,2;20,2;24,7;23,9;20,9;19,3;81;74;79;59;4,4;1,9;
2026/02/23;1900 UTC;,2;1002,7;1004,1;1002,7;1001,7;24,9;20,3;24,9;24,2;21,3;20;83;75;76;41;5;2,2;
2026/02/23;2000 UTC;0;1001,9;1002,7;1001,9;741,8;25,8;21,6;25,8;24,9;21,6;19,9;79;73;78;38;4;1,4;
2026/02/23;2100 UTC;0;1001,8;1001,9;1001,7;476;25,7;21;25,9;25,5;21,5;20,3;77;73;75;45;5,1;1,7;
2026/02/23;2200 UTC;0;1002,1;1002,1;1001,8;158,7;25,3;21,6;25,8;25,3;21,6;20,8;80;75;80;83;3,8;1,5;
2026/02/23;2300 UTC;0;1002,6;1002,6;1002,1;4,7;24,8;21,8;25,3;24,8;21,8;21,5;84;79;84;41;4,2;1,7;
2026/02/24;0000 UTC;0;1003,3;1003,3;1002,6;0;24,6;22;24,8;24,4;22;21,8;86;84;86;41;3,7;1,6;
2026/02/24;0100 UTC;0;1003,8;1003,8;1003,3;0;24,5;22,1;24,6;24,1;22,1;21,9;88;86;87;56;3,1;1,2;
2026/02/24;0200 UTC;0;1004,4;1004,4;1003,8;0;24,4;22,1;24,6;24,4;22,1;22;87;86;87;67;2,9;,9;
2026/02/24;0300 UTC;0;1004,5;1004,7;1004,4;0;24,1;22,1;24,5;24,1;22,2;22,1;89;87;89;76;2,8;,8;
2026/02/24;0400 UTC;0;1004,4;1004,6;1004,4;0;23,9;22,3;24,1;23,8;22,3;22,1;91;89;91;56;1,9;,8;
2026/02/24;0500 UTC;0;1003,8;1004,4;1003,8;0;24,2;22,4;24,2;23,9;22,4;22,2;91;89;90;71;2;,7;
2026/02/24;0600 UTC;0;1003,2;1003,8;1003,1;0;24,4;22,5;24,4;24,1;22,5;22,3;90;89;89;76;2,8;1,4;
2026/02/24;0700 UTC;0;1002,9;1003,2;1002,7;0;24,5;22,6;24,5;24,3;22,6;22,5;90;89;89;74;2,8;1,4;
2026/02/24;0800 UTC;0;1002,6;1002,9;1002,6;0;24,6;22,5;24,6;24,4;22,6;22,5;89;88;89;77;2,6;1,3;
2026/02/24;0900 UTC;0;1002,7;1002,8;1002,6;0;24,4;22,6;24,6;24,3;22,7;22,5;90;88;90;51;2,3;,9;
2026/02/24;1000 UTC;0;1003,4;1003,4;1002,7;0;24,7;22,2;24,7;24,4;22,6;22,2;90;86;86;68;2,5;1,4;
2026/02/24;1100 UTC;0;1004,1;1004,1;1003,4;68,8;24,8;22,4;24,8;24,5;22,5;22,2;87;86;87;50;2,3;1,2;
2026/02/24;1200 UTC;0;1005,3;1005,3;1004,1;412,6;26,2;22,7;26,2;24,8;23;22,4;88;81;81;64;2,9;1,5;
2026/02/24;1300 UTC;0;1005,7;1005,8;1005,3;1035,1;28;23,2;28;26,2;23,5;22,4;81;74;75;73;4;1,9;
2026/02/24;1400 UTC;0;1005,6;1005,8;1005,6;2173,6;29,5;22,7;29,8;27,9;23,7;21,6;75;65;67;52;6,1;2,2;
2026/02/24;1500 UTC;0;1004,9;1005,6;1004,9;1669,3;30,4;21,8;30,8;28,5;22,5;20,9;68;58;60;26;5,8;1,7;
2026/02/24;1600 UTC;0;1004,3;1004,9;1004,3;1617,8;29,4;21,6;30,9;29;23,1;21;65;57;63;51;6,8;2,5;
2026/02/24;1700 UTC;0;1003,4;1004,3;1003,4;1433,8;30;21,6;30,6;28,9;22,6;21,1;66;58;61;89;5,9;2,2;
2026/02/24;1800 UTC;0;1002,5;1003,4;1002,5;1371,4;30,5;21,7;31,1;29,4;23,5;21,3;67;60;60;43;5,9;1,9;
2026/02/24;1900 UTC;0;1001,8;1002,5;1001,8;892;29,8;22,2;30,9;29,5;23,2;21,3;65;59;64;35;4,3;1,4;
2026/02/24;2000 UTC;0;1000,8;1001,8;1000,8;826,7;30,8;22,6;30,9;29,7;22,7;21,6;65;60;62;291;3,5;,5;
2026/02/24;2100 UTC;0;1001;1001,2;1000,7;407,6;27,6;22,9;31,1;27,3;23,1;22;78;59;76;42;8,1;1,1;
2026/02/24;2200 UTC;0;1001,8;1001,8;1001;116,3;28,1;23,1;28,3;27,6;23,4;22,7;77;72;74;30;3,7;1,1;
2026/02/24;2300 UTC;0;1002,8;1002,8;1001,8;13,7;27,4;23;28,2;27,4;23,8;22,8;79;74;77;67;4,8;2,4;
2026/02/25;0000 UTC;2,2;1003,6;1003,7;1002,8;0;23,8;22,9;27,4;23,8;23,3;22,6;95;77;94;204;8,2;,4;
2026/02/25;0100 UTC;,2;1003,7;1003,8;1003,6;0;24,2;23,6;24,2;23,8;23,6;23;96;95;96;59;1,5;,5;
2026/02/25;0200 UTC;0;1004;1004,1;1003,6;0;24,4;23,6;24,6;24,1;23,6;23;96;93;95;19;1,9;,6;
2026/02/25;0300 UTC;0;1004,4;1004,4;1004;,7;25;23,2;25,1;24,4;23,9;23,1;96;89;89;77;4,3;1,8;
2026/02/25;0400 UTC;0;1004;1004,4;1003,9;1,4;25,1;23,6;25,4;25;23,8;23,1;92;89;91;51;3,2;,8;
2026/02/25;0500 UTC;0;1003,5;1004;1003,5;,5;25,3;23;25,4;25,1;23,6;23;91;87;87;53;3,5;1,8;
2026/02/25;0600 UTC;0;1002,9;1003,5;1002,9;,4;25,2;22,8;25,4;25,2;23;22,7;87;85;86;51;4,1;1,7;
2026/02/25;0700 UTC;0;1002,6;1002,9;1002,5;0;25,1;22,8;25,2;24,9;23;22,8;89;86;87;58;3,6;1,3;
2026/02/25;0800 UTC;0;1002,5;1002,7;1002,5;0;24,8;22,5;25,3;24,8;22,8;22,4;87;84;87;62;3,2;,8;
2026/02/25;0900 UTC;0;1002,8;1002,8;1002,4;0;24,8;22,5;24,9;24,6;22,6;22,5;88;87;87;81;2,4;,6;
2026/02/25;1000 UTC;0;1003,6;1003,6;1002,8;,1;24,9;22,8;25,2;24,8;22,8;22,5;88;85;88;90;2,4;,5;
2026/02/25;1100 UTC;0;1004,4;1004,4;1003,6;104,5;25,8;23,6;25,8;24,9;23,6;22,8;90;88;88;129;2,2;,5;
2026/02/25;1200 UTC;0;1005,4;1005,4;1004,4;421,9;26,6;23,9;26,8;25,8;24,3;23,6;89;84;85;80;2,5;,9;
2026/02/25;1300 UTC;0;1005,9;1006;1005,4;566,7;27,2;23;27,4;26,6;24,3;22,5;86;75;78;65;3,9;1,9;
2026/02/25;1400 UTC;0;1005,8;1006;1005,8;1266,7;30,4;23,8;30,4;27,2;23,9;22,9;79;68;68;78;3,9;1,1;
2026/02/25;1500 UTC;0;1005,3;1005,8;1005,3;2689;30,4;22,7;31,6;30;24,3;22;70;58;64;42;5,7;2,3;
2026/02/25;1600 UTC;0;1004,5;1005,3;1004,5;1514,8;30,7;23;31,4;29,7;24;21,9;67;60;63;40;6,8;1,5;
2026/02/25;1700 UTC;0;1003,3;1004,5;1003,3;2095,5;32,2;23,6;32,5;30,7;24;22,2;64;58;61;69;5,8;1,3;
2026/02/25;1800 UTC;1,4;1002,3;1003,3;1002,3;1182,2;26,3;23,7;32,2;26,1;24;22;87;57;86;277;7,2;,8;
2026/02/25;1900 UTC;,2;1001,4;1002,3;1001,4;1881,3;29,3;23,1;30,9;26,3;25,9;22;89;64;69;84;6,6;1,4;
2026/02/25;2000 UTC;0;1000,8;1001,4;1000,8;787,4;30;23;30,7;29,4;24,4;22,1;74;63;66;279;4;,5;
2026/02/25;2100 UTC;0;1000,4;1000,8;1000,3;481,7;29,7;22,9;30,3;29,6;23,8;22,6;69;64;67;32;3,6;1,5;
2026/02/25;2200 UTC;0;1000,8;1000,8;1000,4;162,9;28,9;23,3;29,7;28,9;23,7;22,8;73;66;72;346;3,6;,5;
2026/02/25;2300 UTC;0;1001,9;1001,9;1000,8;10;27,4;23,1;28,9;27,3;23,7;22,9;80;72;78;11;3,4;,5;
2026/02/26;0000 UTC;0;1003;1003;1001,9;,2;28;22,9;28,1;27,3;23,3;22,7;79;73;73;38;3,7;1,4;
2026/02/26;0100 UTC;0;1003,6;1003,7;1003;,1;27,4;22,9;28,1;27,4;23,1;22,7;77;73;77;54;3,7;,8;
2026/02/26;0200 UTC;;1004,6;1004,6;1003,5;;27,6;22,9;27,8;27,2;23,2;22,9;78;75;75;61;;1;
2026/02/26;0300 UTC;1,2;1004,8;1004,8;1004,5;0;25;23,7;27,6;25;23,9;22,9;93;75;93;91;4,3;,5;
2026/02/26;0400 UTC;,6;1004,7;1005;1004,7;0;25;24,1;25,5;24,9;24,1;23,7;95;90;95;99;3,6;,4;
2026/02/26;0500 UTC;,2;1003,9;1004,7;1003,9;0;25,1;24,2;25,1;24,9;24,2;24;96;93;95;108;3,5;1,1;
2026/02/26;0600 UTC;1;1003;1003,9;1003;0;24,9;24,2;25,1;24,8;24,4;24,1;96;95;96;226;2,8;,6;
2026/02/26;0700 UTC;0;1003,3;1003,3;1002,9;0;24,7;24;24,9;24,7;24,2;24;96;95;96;98;2,7;,4;
2026/02/26;0800 UTC;0;1003,4;1003,5;1003,2;0;24,6;23,9;24,7;24,5;24,1;23,8;96;96;96;200;2;,7;
2026/02/26;0900 UTC;0;1003,9;1004;1003,3;0;24,6;23,7;24,7;24,5;23,9;23,7;96;95;95;204;2,4;,9;
2026/02/26;1000 UTC;0;1004,5;1004,5;1003,9;0;24,5;23,9;24,7;24,5;23,9;23,6;96;94;96;44;1,9;,5;
2026/02/26;1100 UTC;,4;1005,8;1005,8;1004,5;15;24,8;24,2;25;24,5;24,2;23,8;96;95;96;50;2;,6;
2026/02/26;1200 UTC;3,2;1006,8;1006,8;1005,8;54;24,5;23,7;24,9;24,5;24,2;23,7;97;95;95;81;2,4;,9;
2026/02/26;1300 UTC;1,8;1007,7;1007,8;1006,8;71,3;24,3;23,4;24,6;24,3;23,9;23,3;96;95;95;143;3,7;1,7;
2026/02/26;1400 UTC;2,4;1008,1;1008,1;1007,7;59,6;23,8;23,2;24,3;23,8;23,4;23;96;95;96;234;3,3;,6;
2026/02/26;1500 UTC;4,4;1008;1008,2;1008;86,1;23,7;23,1;23,9;23,7;23,4;23;97;96;97;342;3,1;,5;
2026/02/26;1600 UTC;5,4;1007;1008;1007;101,6;22,9;22,1;23,7;22,9;23,3;22,1;97;95;95;39;4,8;2,3;
2026/02/26;1700 UTC;4,8;1005,8;1007;1005,8;148;22,9;22,4;23;22,8;22,5;22,2;97;95;97;289;4,4;,4;
2026/02/26;1800 UTC;2,8;1004,9;1005,8;1004,8;169,7;22,9;22,3;23;22,7;22,4;22,1;97;96;96;242;2,8;,6;
2026/02/26;1900 UTC;0;1004,3;1004,9;1004,2;200,7;23,2;22,4;23,3;22,9;22,7;22,2;97;95;95;31;2;,7;
2026/02/26;2000 UTC;0;1004;1004,3;1004;139,4;23,2;21,6;23,4;23;22,6;21,4;96;90;91;116;2,3;1,2;
2026/02/26;2100 UTC;,4;1003,7;1004;1003,5;199,5;23,3;22,5;23,3;22,9;22,6;21,3;96;90;95;245;2,4;,5;
2026/02/26;2200 UTC;,2;1003,9;1004;1003,5;111,3;23,3;22,5;23,5;23,2;22,6;22,1;95;93;95;265;1,5;,5;
2026/02/26;2300 UTC;0;1004,6;1004,6;1003,9;6,6;23;22,4;23,3;23;22,5;22,3;97;95;97;183;1,5;,3;
2026/02/27;0000 UTC;;;;;;;;;;;;;;;;;;
2026/02/27;0100 UTC;0;1005,9;1005,9;1005,1;0;23,3;22,7;23,3;23,2;22,8;22,6;97;96;96;320;1,1;,4;
2026/02/27;0200 UTC;0;1006,1;1006,1;1005,8;0;23,5;22,7;23,7;23,3;22,9;22,7;97;95;96;7;1,5;,4;
2026/02/27;0300 UTC;0;1005,9;1006,3;1005,9;0;23,6;22,6;23,8;23,4;22,8;22,6;96;93;94;300;1,8;,4;
2026/02/27;0400 UTC;0;1005,1;1005,9;1005,1;0;23,3;22,6;23,6;23,2;22,7;22,5;96;94;96;18;1,8;,2;
2026/02/27;0500 UTC;0;1004,2;1005,1;1004,2;0;23,5;22,8;23,5;23,2;22,8;22,5;96;95;96;143;1,2;,4;
2026/02/27;0600 UTC;0;1004;1004,3;1004;,8;23,8;22,3;23,8;23,3;22,8;22,3;96;91;91;85;2;1,3;
2026/02/27;0700 UTC;0;1003,7;1004;1003,6;,3;23,6;22,3;23,8;23,6;22,4;22,3;93;91;92;80;2,5;,9;
2026/02/27;0800 UTC;0;1003,5;1003,7;1003,5;1,9;24,1;22,3;24,1;23,6;22,4;22,2;92;89;90;99;2,3;1,1;
2026/02/27;0900 UTC;0;1004,1;1004,1;1003,5;1,1;23,7;22,9;24,1;23,7;22,9;22,1;95;89;95;155;2,2;,3;
2026/02/27;1000 UTC;0;1004,5;1004,5;1004,1;,1;24,1;23,2;24,2;23,7;23,2;22,7;95;93;95;201;2,1;,4;
2026/02/27;1100 UTC;0;1005,3;1005,3;1004,5;52,4;24,6;23,3;24,6;24,1;23,3;23,1;95;92;92;101;1,9;,5;
2026/02/27;1200 UTC;0;1006,3;1006,3;1005,3;257,8;25,7;23,7;25,7;24,6;23,7;23,2;93;87;89;96;2,1;1;
2026/02/27;1300 UTC;0;1007,4;1007,4;1006,3;582,1;25,9;22,4;26,4;25,7;23,7;22,1;89;79;81;67;4,9;2,4;
2026/02/27;1400 UTC;0;1007,6;1007,7;1007,4;1044,5;26,9;22,6;27,2;25,8;23,5;22,3;84;77;77;68;4,9;1,7;
2026/02/27;1500 UTC;0;1007,1;1007,6;1007,1;1752,1;28,3;22,2;28,4;26,7;23;21,7;80;69;70;90;4,5;2,4;
2026/02/27;1600 UTC;0;1006,2;1007,1;1006,2;1969,8;30,1;22,2;30,1;28,3;22,9;21,2;71;63;63;44;4,9;1,7;
2026/02/27;1700 UTC;0;1005,5;1006,2;1005,5;1615,2;28;21,5;30,4;27,5;23;20;70;60;68;58;8;3,3;
2026/02/27;1800 UTC;0;1004,1;1005,5;1004,1;1778,6;29,7;21,1;29,8;28;22,4;20,7;70;59;60;46;7,1;1,9;
2026/02/27;1900 UTC;0;1003,2;1004,1;1003,2;1118,1;30,2;20,4;30,5;29,5;21,6;19,6;62;54;56;55;6,3;2,5;
2026/02/27;2000 UTC;0;1003;1003,2;1003;881,9;29,9;22,4;30,7;29,7;22,6;19,8;66;54;64;70;6;2,2;
2026/02/27;2100 UTC;0;1002,9;1003;1002,8;488,1;28,7;22,7;29,9;28,7;22,8;22;70;64;70;59;5;2,2;
2026/02/27;2200 UTC;0;1003,5;1003,5;1002,9;130,7;28;22,8;28,7;28;23,1;22,4;74;69;73;67;4,8;1,9;
2026/02/27;2300 UTC;0;1003,9;1003,9;1003,5;4,4;27,4;22,1;28;27,4;22,9;21,4;74;69;73;63;4;1,8;
2026/02/28;0000 UTC;0;1004,5;1004,5;1003,9;0;27;23,1;27,6;27;23,1;22,1;79;72;79;70;3,8;1,9;
2026/02/28;0100 UTC;0;1004,9;1004,9;1004,5;0;26,1;23,2;27;26,1;23,5;23,1;85;79;84;80;4,3;2;
2026/02/28;0200 UTC;0;1005;1005,1;1004,9;0;25,2;22,7;26,1;25,2;23,2;22,7;86;84;86;80;4,7;1,7;
2026/02/28;0300 UTC;0;1005,2;1005,3;1005;0;25;22,3;25,2;25;22,7;22,3;87;85;85;53;3,6;1,8;
2026/02/28;0400 UTC;0;1004,7;1005,3;1004,7;0;25,1;22,1;25,2;25;22,3;22,1;85;83;83;58;4,3;1,7;
2026/02/28;0500 UTC;0;1004;1004,7;1004;0;24,5;22;25,1;24,5;22,1;21,9;86;83;86;81;4,3;1,8;
2026/02/28;0600 UTC;0;1003,7;1004;1003,7;0;24,3;22,3;24,5;24,3;22,3;22;88;86;88;56;3,6;1,2;
2026/02/28;0700 UTC;0;1003,3;1003,7;1003,3;0;24,2;22,5;24,3;24,2;22,5;22,2;91;88;91;72;3,3;1,6;
2026/02/28;0800 UTC;0;1003,1;1003,3;1003,1;0;24;22,7;24,2;24;22,7;22,5;92;91;92;72;3,1;1,8;
2026/02/28;0900 UTC;0;1003,2;1003,2;1003;0;23,8;22,7;24;23,8;22,8;22,7;94;92;94;65;3,5;1,2;
2026/02/28;1000 UTC;0;1003,7;1003,7;1003,2;0;23,9;22,9;23,9;23,8;22,9;22,7;94;94;94;59;2,9;1,4;
2026/02/28;1100 UTC;0;1004,4;1004,4;1003,8;80,7;24;23;24;23,8;23;22,8;95;94;94;46;4,4;1,9;
2026/02/28;1200 UTC;0;1005,4;1005,4;1004,4;392,2;25,2;22,8;25,2;24;23,1;22,7;94;86;86;72;4,2;1,9;
2026/02/28;1300 UTC;0;1006,1;1006,1;1005,4;949,6;26,3;22,8;26,4;25,2;23,2;22,6;87;81;81;46;5,6;2,6;
2026/02/28;1400 UTC;0;1006,2;1006,3;1006,1;1691,5;27,9;22,3;28,1;26,2;23,7;22,2;82;71;72;53;6;2,9;
2026/02/28;1500 UTC;0;1005,5;1006,3;1005,5;2551,2;29,4;21,9;30,1;27,9;23,6;21,7;75;62;64;50;7;2,9;
2026/02/28;1600 UTC;0;1004,5;1005,5;1004,5;2846;30,6;22,2;31;29,2;23,4;21,4;68;58;61;41;7,6;3,2;
2026/02/28;1700 UTC;0;1003,5;1004,5;1003,5;2787,4;31,7;22,3;32,2;30,3;23,9;21,3;63;56;58;13;5,8;1,7;
2026/02/28;1800 UTC;0;1002,6;1003,5;1002,6;3295;33,1;22,3;33,3;31,2;23,3;20,8;59;50;53;18;5,7;1,2;
2026/02/28;1900 UTC;0;1001,9;1002,6;1001,9;2521,8;31,7;21,3;33,1;31,5;22,7;20,3;55;49;54;49;6,9;3;
2026/02/28;2000 UTC;0;1001,5;1001,9;1001,5;1085,7;31,9;21,9;32,7;31,1;22,5;21;58;51;55;54;6,6;2,7;
2026/02/28;2100 UTC;0;1001,2;1001,5;1001,2;398,4;30,3;21,8;31,9;30,2;22,3;21,2;61;54;60;38;5,8;2,4;
2026/02/28;2200 UTC;0;1001,8;1001,8;1001,2;156,7;29,6;21,3;30,6;29,6;21,8;20,9;61;58;61;52;6,9;2,3;
2026/02/28;2300 UTC;0;1002,3;1002,3;1001,8;5,2;28,8;21,9;29,6;28,8;21,9;21,3;67;61;66;54;5,3;2,2;
2026/03/01;0000 UTC;0;1002,7;1002,7;1002,3;0;28,3;22,1;28,8;28,2;22,1;21,8;69;66;69;50;4,8;2,3;
2026/03/01;0100 UTC;0;1003,8;1003,8;1002,7;0;28;22,3;28,3;27,9;22,3;22,1;72;69;71;55;4,1;1,7;
2026/03/01;0200 UTC;0;1004,6;1004,6;1003,8;0;27,2;22,5;28;27,2;22,5;22,3;75;71;75;72;4;1,2;
2026/03/01;0300 UTC;0;1004,8;1004,9;1004,6;0;26,7;22,7;27,3;26,7;22,7;22,4;79;75;79;64;3,3;1,1;
2026/03/01;0400 UTC;0;1004,3;1004,8;1004,3;0;26,8;22,5;27;26,6;22,7;22,5;79;77;78;63;3,1;1,3;
2026/03/01;0500 UTC;0;1003,8;1004,4;1003,7;0;26,7;22,4;26,8;26,4;22,6;22,4;79;78;78;60;3,3;1,4;
2026/03/01;0600 UTC;0;1003,3;1003,8;1003,3;0;26,2;22,2;26,7;26,2;22,4;22,2;79;77;79;70;3,3;1;
2026/03/01;0700 UTC;0;1002,9;1003,3;1002,9;0;26,1;22,2;26,2;26;22,3;22,2;80;79;79;66;2,8;1,4;
2026/03/01;0800 UTC;0;1002,9;1003,1;1002,9;0;25,8;22,2;26,1;25,8;22,2;22;81;78;81;49;3,4;1,5;
2026/03/01;0900 UTC;0;1002,9;1002,9;1002,8;0;25,8;22;25,9;25,7;22,2;21,9;81;79;79;37;3,7;1,7;
2026/03/01;1000 UTC;0;1003,5;1003,5;1002,9;0;25,5;21,7;25,9;25,5;22;21,6;80;77;79;63;3,3;1,3;
2026/03/01;1100 UTC;0;1004,7;1004,7;1003,5;95,9;25,9;21,9;26;25,5;22;21,5;79;78;78;71;3,7;1,2;
2026/03/01;1200 UTC;0;1005,3;1005,3;1004,6;947;28,1;21,9;28,2;25,9;22,6;21,7;78;69;69;45;6,1;3,2;
2026/03/01;1300 UTC;0;1005,9;1005,9;1005,3;1923,8;30,3;22,3;30,3;28,1;22,4;21,4;69;62;62;66;7,8;2,9;
2026/03/01;1400 UTC;0;1005,4;1005,9;1005,4;2674,5;31;21,7;31,2;30;22,8;20,9;63;57;58;41;7,5;3,8;
2026/03/01;1500 UTC;0;1005,1;1005,4;1005;3245,2;32,5;22,8;32,5;30,9;22,8;21,3;60;54;57;53;7,8;2,2;
2026/03/01;1600 UTC;0;1004,6;1005,1;1004,6;3505,5;32,6;21,8;33,4;32,1;23,5;21;58;51;53;29;6,3;2,2;
2026/03/01;1700 UTC;0;1003,1;1004,6;1003,1;3406,3;33,5;22,1;33,8;32,6;23,1;20,4;55;47;52;70;6;2,7;
2026/03/01;1800 UTC;0;1002,1;1003,1;1002,1;1644,7;32,6;21,8;34,4;31,8;23,2;21;58;47;53;90;5,2;1,7;
2026/03/01;1900 UTC;0;1001,2;1002,1;1001,2;1208;33,6;22,3;33,9;31,6;22,9;21,3;58;51;52;14;4,8;1,2;
2026/03/01;2000 UTC;0;1000,3;1001,2;1000,3;1040,9;32;21,4;34,3;32;22,9;21,4;56;48;54;54;6;2,2;
2026/03/01;2100 UTC;0;1000,1;1000,3;1000;197;31,5;22;32,2;31,5;22,3;21,3;58;53;57;64;5;1,3;
2026/03/01;2200 UTC;0;1000,4;1000,4;1000;100,3;31,1;21,5;31,6;31;21,9;21,5;58;55;57;46;5;1,9;
2026/03/01;2300 UTC;0;1001;1001;1000,4;7,3;30,3;22,4;31,1;30,3;22,4;21,2;63;56;63;49;5;2,2;
2026/03/02;0000 UTC;0;1001,5;1001,5;1001;0;29,8;21,8;30,3;29,8;22,4;21,8;63;61;62;54;4,6;1,2;
2026/03/02;0100 UTC;0;1002,3;1002,3;1001,5;0;29,2;22,4;29,8;29,2;22,4;21,7;67;62;67;48;5,3;2,2;
2026/03/02;0200 UTC;0;1002,9;1002,9;1002,3;0;28,8;22,6;29,2;28,7;22,6;22,3;70;67;69;59;5;1,8;
2026/03/02;0300 UTC;0;1003,3;1003,3;1002,9;0;28,3;22,3;28,8;28,3;22,6;22,2;70;69;70;73;4,2;1,5;
2026/03/02;0400 UTC;0;1003,3;1003,4;1003,3;0;27,6;22,8;28,3;27,5;22,8;22,3;75;70;75;69;3,1;1,2;
2026/03/02;0500 UTC;0;1002,5;1003,3;1002,5;0;27,5;22,7;27,7;27,3;22,8;22,6;76;74;75;62;3,5;1,3;
2026/03/02;0600 UTC;0;1001,6;1002,5;1001,6;0;27,7;22,2;27,7;27,4;22,7;22,2;75;72;72;57;4,5;2,1;
2026/03/02;0700 UTC;0;1001,4;1001,7;1001,3;0;27,5;21,8;27,7;27,5;22,3;21,8;73;71;71;49;5,7;2;
2026/03/02;0800 UTC;0;1001,7;1001,7;1001,3;0;27;21,8;27,6;27;21,8;21,6;73;70;73;60;5,6;1,5;
2026/03/02;0900 UTC;0;1002,1;1002,1;1001,7;0;26,5;22,1;27,1;26,5;22,1;21,7;77;72;77;75;4;1,8;
2026/03/02;1000 UTC;0;1002,5;1002,5;1002,1;0;26,6;21,7;26,6;26,3;22,2;21,7;78;75;75;58;5,5;2,3;
2026/03/02;1100 UTC;0;1003,2;1003,2;1002,5;60,9;26,8;21,8;26,8;26,4;21,8;21,6;75;74;74;49;5,5;2,3;
2026/03/02;1200 UTC;0;1004,1;1004,1;1003,2;438,9;28;22,1;28;26,7;22,4;21,6;75;70;70;37;5;2,5;
2026/03/02;1300 UTC;0;1004,1;1004,2;1004,1;1706,2;30,3;21,9;30,3;27,9;22,5;21,4;70;61;61;41;7,3;3,5;
2026/03/02;1400 UTC;0;1004,2;1004,2;1004;2686,1;31,2;21,3;31,3;29,7;22,2;21,3;62;56;56;38;8,4;4,4;
2026/03/02;1500 UTC;0;1003,7;1004,2;1003,7;3260,9;32,7;22;33;31,1;23;20,9;57;51;54;53;8,4;3,3;
2026/03/02;1600 UTC;0;1003,1;1003,7;1003,1;3048,7;32,1;22,2;33,6;31,7;22,8;20,8;56;49;56;37;7,3;2,3;
2026/03/02;1700 UTC;0;1002,1;1003,1;1002,1;2900,7;33,1;22;33,9;32,2;23,1;20,5;56;47;52;33;7,3;1,3;
2026/03/02;1800 UTC;0;1000,9;1002,1;1000,9;1821,2;33;21,6;33,7;32,3;22,4;21;54;49;51;50;5,6;1,7;
2026/03/02;1900 UTC;0;999,7;1000,9;999,7;523,5;32,5;21,3;32,9;31,8;22;20,9;55;51;52;72;6;1,6;
2026/03/02;2000 UTC;0;999,1;999,7;999,1;476,3;32,3;21,5;32,5;31,9;22,4;21,1;56;51;53;39;4,9;2,3;
2026/03/02;2100 UTC;0;999;999,1;998,9;281;31,8;22;32,4;31,8;22,5;21,2;57;52;56;79;4,6;2,6;
2026/03/02;2200 UTC;0;999,5;999,5;999;56,5;30,3;22,7;31,8;30,3;22,9;21,5;64;55;64;269;5,4;,8;
2026/03/02;2300 UTC;0;999,9;999,9;999,5;3,6;29,6;22,8;30,3;29,4;23,2;22,5;70;63;67;170;2,3;,6;
2026/03/03;0000 UTC;0;1000,7;1000,7;999,9;0;29,7;22,7;29,9;29,3;23,5;22,5;70;65;66;56;2,1;,8;
2026/03/03;0100 UTC;;;;;;;;;;;;;;;;;;
2026/03/03;0200 UTC;0;1001,8;1001,8;1001,3;0;29,6;23,1;30,2;29,6;23,1;22,8;68;65;68;59;3,2;1;
2026/03/03;0300 UTC;0;1002,2;1002,2;1001,8;0;29,3;22,6;29,9;29,3;23,1;22,6;68;66;67;49;3;1,4;
2026/03/03;0400 UTC;0;1002;1002,3;1002;0;29,4;22,3;29,5;29,2;22,8;22,3;68;66;66;52;5;2,2;
2026/03/03;0500 UTC;0;1001,4;1002;1001,3;0;28,8;22,2;29,4;28,8;22,3;22,2;68;66;68;57;5,6;1,8;
2026/03/03;0600 UTC;0;1000,7;1001,4;1000,7;0;28;22,4;28,8;27,9;22,5;22,2;72;68;72;62;4,8;1,6;
2026/03/03;0700 UTC;0;1000,5;1000,7;1000,5;0;27,1;22,5;28;27,1;22,5;22,4;76;72;76;71;5;1,3;
2026/03/03;0800 UTC;0;1000,4;1000,5;1000,3;0;27,2;22,4;27,2;27;22,6;22,4;77;75;75;64;4,1;1,7;
2026/03/03;0900 UTC;0;1000,8;1000,8;1000,3;0;26,9;22,2;27,4;26,9;22,4;22,2;76;74;75;58;5,1;1,9;
2026/03/03;1000 UTC;0;1001,6;1001,6;1000,8;0;26,7;22;27,1;26,5;22,3;22;77;74;76;54;5,3;2,2;
2026/03/03;1100 UTC;0;1002,3;1002,3;1001,6;149,7;27;22,5;27;26,4;22,5;22;78;76;76;64;5,5;2;
2026/03/03;1200 UTC;0;1003,3;1003,3;1002,3;983,8;28,6;22;28,6;27;22,5;21,6;76;67;68;51;8,2;3,2;
2026/03/03;1300 UTC;0;1003,7;1003,7;1003,3;1954,1;29,7;21,6;30,1;28,4;22,4;21,5;68;60;62;50;8,3;4,2;
2026/03/03;1400 UTC;0;1003,7;1003,8;1003,6;2690,8;31,7;21,1;32,4;29,7;22,6;21,1;63;53;54;35;8,9;2,8;
2026/03/03;1500 UTC;0;1003,5;1003,8;1003,5;3250,8;32,8;21,8;32,8;31,1;22,5;21;59;52;53;38;9,6;2,7;
2026/03/03;1600 UTC;0;1002,9;1003,6;1002,9;3325,4;33,7;22,2;33,8;32,3;22,6;21,1;55;49;51;1;7,3;1,5;
2026/03/03;1700 UTC;0;1001,8;1002,9;1001,8;2312,9;33;21,4;34,4;32,1;22,8;21;56;47;51;39;5,4;2,5;
2026/03/03;1800 UTC;0;1000,5;1001,8;1000,5;2347,2;32,5;21,3;34,7;32,5;23,3;20,9;56;46;52;38;6,2;2,2;
2026/03/03;1900 UTC;0;999,4;1000,6;999,4;2244,7;34,3;21,9;35,1;32,4;22,7;21,1;54;45;49;43;7,3;2;
2026/03/03;2000 UTC;0;998,8;999,4;998,8;797,1;32,7;21,3;34,7;32,7;22,7;20,5;51;46;51;39;5,1;1,3;
2026/03/03;2100 UTC;0;998,7;998,8;998,6;225,1;32,7;21,5;33,1;32,6;22,1;21,3;53;51;52;79;4,6;2,4;
2026/03/03;2200 UTC;0;999;999;998,6;69,5;32;22,2;32,7;32;22,3;21,6;56;52;56;74;4,6;1,9;
2026/03/03;2300 UTC;0;999,9;999,9;999;2,9;31,2;22,3;32;31;22,4;22;60;56;59;132;3,8;1;
2026/03/04;0000 UTC;0;1000,4;1000,4;999,9;0;31;22,3;31,4;30,9;22,5;21,9;61;58;60;76;3,4;1,2;
2026/03/04;0100 UTC;0;1001;1001;1000,4;0;30,8;22,5;31;30,6;22,6;22,3;62;60;61;80;3,5;1,4;
2026/03/04;0200 UTC;0;1001,9;1001,9;1001;0;29,9;23,7;30,8;29,9;23,7;22,5;69;61;69;81;4;2;
2026/03/04;0300 UTC;0;1002,4;1002,4;1001,9;0;29,1;24,2;29,9;29,1;24,2;23,7;75;69;75;75;4,1;1,3;
2026/03/04;0400 UTC;0;1002,1;1002,4;1002;0;29;23,6;29,3;29;24,1;23,5;75;71;73;78;4,4;2;
2026/03/04;0500 UTC;0;1001,8;1002,1;1001,8;0;28,6;23,2;29;28,6;23,8;23,2;74;72;73;73;3,6;1,6;
2026/03/04;0600 UTC;0;1001,5;1001,8;1001,5;0;28,1;22,6;28,6;28,1;23,1;22,6;72;71;72;72;4,5;1,9;
2026/03/04;0700 UTC;0;1001,1;1001,5;1001;0;27,5;22,7;28,1;27,5;22,8;22,6;75;72;75;67;3,9;1,2;
2026/03/04;0800 UTC;0;1001;1001,1;1000,9;0;27,3;22,6;27,6;27,3;22,8;22,6;76;74;75;60;3,1;1,2;
2026/03/04;0900 UTC;0;1001,5;1001,5;1001;0;27,5;22;27,6;27,3;22,6;22;75;72;72;45;4,5;1,9;
2026/03/04;1000 UTC;0;1002,3;1002,3;1001,5;,1;27,1;21,6;27,5;27,1;22;21,5;73;71;72;42;4,7;1,9;
2026/03/04;1100 UTC;0;1003,3;1003,3;1002,3;155;27,9;21,5;27,9;27;21,6;21,2;72;67;68;41;4,5;1,2;
2026/03/04;1200 UTC;0;1004,5;1004,6;1003,3;1003,7;29,4;21;29,9;27,9;22;20,9;68;60;61;45;6,2;3;
2026/03/04;1300 UTC;0;1004,7;1004,9;1004,5;1951,3;31,2;21,4;31,4;29,3;21,6;20,8;61;54;56;33;7,4;2,5;
2026/03/04;1400 UTC;0;1004,1;1004,7;1004,1;2683,6;32,8;20,3;33,2;31;21,7;19,8;56;47;48;47;7,7;3,6;
2026/03/04;1500 UTC;0;1004;1004,1;1004;3224,2;33,5;21,5;33,9;32,4;22,1;19,7;52;46;50;25;9,3;2,4;
2026/03/04;1600 UTC;0;1003,3;1004;1003,3;3516,2;34,4;21,4;34,6;33,5;22,1;20,2;50;44;47;59;6,8;2,2;
2026/03/04;1700 UTC;0;1001,9;1003,3;1001,9;3184;34,3;21,7;35;33,4;21,9;19,9;49;43;48;33;6,8;2,3;
2026/03/04;1800 UTC;0;1000,9;1001,9;1000,9;2208,5;33,5;20,8;35,3;33,2;22,5;20,5;49;44;47;59;6;2,2;
2026/03/04;1900 UTC;0;999,8;1000,9;999,8;1369,1;34,8;20,8;35,1;33,2;22,7;20,2;52;44;44;8;7,1;1,4;
2026/03/04;2000 UTC;0;999,1;999,8;999,1;796,2;33,6;20,6;34,9;33,6;21,4;20,5;48;44;47;59;5,4;2,6;
2026/03/04;2100 UTC;0;998,7;999,1;998,6;256,9;33,3;21;34,2;33,1;21,4;20,5;50;46;48;77;5,3;2,2;
2026/03/04;2200 UTC;0;998,3;998,7;998,3;113,8;32,8;21,2;33,3;32,8;21,4;20,9;51;48;51;59;4,7;1,2;
2026/03/04;2300 UTC;0;999,2;999,2;998,3;5,6;32,1;21,1;32,9;31,9;21,4;20,6;54;49;52;52;4;1,2;
2026/03/05;0000 UTC;0;1000;1000;999,2;0;31,6;21,6;32,3;31,6;21,6;21,1;56;52;55;78;3;1,5;
2026/03/05;0100 UTC;0;1001,1;1001,1;1000;0;31,1;22,2;31,7;30,8;22,2;21,5;60;55;59;84;3,1;,8;
2026/03/05;0200 UTC;0;1002,2;1002,2;1001,1;0;30,9;21,7;31,4;30,9;22,8;21,6;62;56;58;47;3,4;1,4;
2026/03/05;0300 UTC;;;;;;;;;;;;;;;;;;
2026/03/05;0400 UTC;0;1002,8;1002,9;1002,6;0;30;21,7;30,2;29,8;22,2;21,7;63;60;61;48;3,2;1,5;
2026/03/05;0500 UTC;0;1002,1;1002,8;1002,1;0;29,2;22;30;29;22;21,7;66;61;65;53;2,9;1,2;
2026/03/05;0600 UTC;0;1001,4;1002,1;1001,4;0;28,5;22;29,2;28,5;22;21,9;68;65;68;63;2,3;1,1;
2026/03/05;0700 UTC;0;1001,3;1001,4;1001,2;0;28,3;21,9;28,7;28,1;22,2;21,9;70;67;69;60;2,2;1,2;
2026/03/05;0800 UTC;0;1001,1;1001,3;1001,1;0;27,5;21,8;28,4;27,5;22,1;21,8;71;67;71;33;2,9;,5;
2026/03/05;0900 UTC;0;1001,3;1001,3;1001,1;0;27,8;21,6;27,8;27,2;22,1;21,6;74;69;69;47;3,5;1,9;
2026/03/05;1000 UTC;0;1001,7;1001,7;1001,3;0;27,6;21,4;27,8;27,5;21,6;21,4;70;69;69;39;4;2,1;
2026/03/05;1100 UTC;0;1002,8;1002,8;1001,8;136,6;28,2;21,3;28,2;27,5;21,4;21,2;70;66;66;42;6;2,9;
2026/03/05;1200 UTC;0;1003,8;1003,9;1002,8;1021;30;21,6;30,1;28,2;21,9;21,1;66;60;61;35;7,3;2,6;
2026/03/05;1300 UTC;0;1004,4;1004,4;1003,8;1682,6;31,5;21,4;31,9;29,9;22,1;20,9;60;55;55;45;7,5;2,7;
2026/03/05;1400 UTC;0;1004,8;1004,9;1004,4;2375,7;32,8;21,8;33,1;31,4;22,2;20,6;55;50;52;36;7,2;2,4;
2026/03/05;1500 UTC;0;1004,9;1005;1004,8;2926,2;34,5;21,4;34,7;32,8;22,1;20,8;52;46;46;53;6,4;2,3;
2026/03/05;1600 UTC;0;1004,5;1004,9;1004,5;2683,2;34;21,3;34,9;32,8;22,2;20,6;51;45;48;40;7,3;2,3;
2026/03/05;1700 UTC;0;1003,2;1004,5;1003,2;2288,3;34,2;21,6;35,2;32,8;22,4;20,8;53;44;48;38;5,9;2,4;
2026/03/05;1800 UTC;0;1002,2;1003,2;1002,2;1716,6;34,4;21,9;34,6;33;22,1;20,4;51;44;48;28;5,6;1,8;
2026/03/05;1900 UTC;0;1001,1;1002,2;1001,1;922,4;33,9;22,3;35,3;33,4;22,5;21,1;53;45;51;33;4,5;1,2;
2026/03/05;2000 UTC;0;1000,5;1001,1;1000,5;618,7;33,7;22;34,1;33;23,2;21,3;56;47;51;50;3;,9;
2026/03/05;2100 UTC;0;1000,6;1000,7;1000,4;314,7;32,3;21,8;33,7;32,3;22,6;21,5;55;50;54;327;2,9;,5;
2026/03/05;2200 UTC;0;1001,1;1001,1;1000,5;143,3;31,3;23,4;32,6;31,3;23,4;21,2;63;51;63;212;3,4;,9;
2026/03/05;2300 UTC;0;1001,5;1001,7;1001,1;3,8;30;23,2;31,3;30;23,6;23,1;68;63;67;237;2,5;,5;
2026/03/06;0000 UTC;0;1001,8;1001,8;1001,4;0;29,4;23,4;30;29,4;23,8;22,9;71;67;70;35;2,2;,5;
2026/03/06;0100 UTC;0;1002,3;1002,3;1001,8;0;29,7;22,8;30,7;29,4;23,7;22,4;71;64;66;61;3,5;,9;
2026/03/06;0200 UTC;;;;;;;;;;;;;;;;;;
2026/03/06;0300 UTC;0;1003,7;1003,7;1003,4;0;29,2;22,3;30,1;28,9;22,8;22;69;63;67;97;3;1,5;
2026/03/06;0400 UTC;0;1003,3;1003,7;1003,3;0;27,3;24;29,2;27,3;24;21,9;82;66;82;78;5,5;2,5;
2026/03/06;0500 UTC;0;1002,6;1003,3;1002,5;0;27;23,8;27,3;27;24,1;23,6;83;81;82;120;5;1,3;
2026/03/06;0600 UTC;0;1002,7;1002,8;1002,5;0;26,6;24;27;26,6;24;23,4;86;81;86;89;4;,7;
2026/03/06;0700 UTC;0;1002,7;1002,7;1002,5;0;26,1;23,5;26,6;26,1;24;23,5;86;85;86;160;3,6;1;
2026/03/06;0800 UTC;0;1002,9;1003;1002,7;0;25,7;23,4;26,1;25,7;23,5;23,4;87;86;87;93;3,4;1,6;
2026/03/06;0900 UTC;0;1003,1;1003,1;1002,9;0;25,6;23,4;25,8;25,6;23,5;23,3;88;87;88;136;3,9;1,4;
2026/03/06;1000 UTC;2,2;1003,5;1003,5;1003,1;,2;25,2;23,8;25,6;24,8;23,9;23,4;94;88;92;111;3,6;1,2;
2026/03/06;1100 UTC;0;1004,2;1004,2;1003,5;93,6;25,8;23,9;25,8;25,2;24;23,8;92;89;89;81;3,6;1,6;
2026/03/06;1200 UTC;0;1005,2;1005,2;1004,2;645;27,2;24,1;27,2;25,8;24,2;23,6;89;83;83;75;3,8;1,9;
2026/03/06;1300 UTC;0;1006;1006;1005,2;756,9;27,5;23,2;28,2;27,2;24,5;23;83;75;77;67;5,4;2,5;
2026/03/06;1400 UTC;4,8;1006,3;1006,6;1006;237,4;25,1;24,1;27,6;24,7;24,1;23,1;94;77;94;61;8,1;1,7;
2026/03/06;1500 UTC;0;1005,9;1006,3;1005,9;461,6;26,2;24,8;26,3;25,1;24,8;24;94;90;92;51;3,4;,9;
2026/03/06;1600 UTC;,2;1005,1;1005,9;1005;880,3;27,4;24,5;28,2;26,3;24,7;23,9;92;80;84;86;4,9;2,5;
2026/03/06;1700 UTC;,8;1003,8;1005,1;1003,8;1523,4;29;24,8;29,3;26,7;25,6;24,1;89;78;78;86;5,6;2,3;
2026/03/06;1800 UTC;,2;1003,3;1003,8;1003;875,7;27,2;24,4;29;26,9;25,3;23,8;88;76;84;182;5,4;1,2;
2026/03/06;1900 UTC;0;1003,2;1003,3;1002,7;490,2;26,6;24,5;28,3;26,6;25,1;23,9;88;78;88;230;5,1;1,5;
2026/03/06;2000 UTC;9,2;1002,9;1003,6;1002,9;162,2;24,4;23,3;26,6;24,1;24,7;23,2;96;88;94;227;4,4;1,6;
2026/03/06;2100 UTC;0;1002,8;1002,9;1002,5;262,6;24,7;23,3;24,9;24,3;24,1;23;95;92;92;263;3,4;,8;
2026/03/06;2200 UTC;0;1002,9;1003;1002,6;126,5;25;23,1;25,1;24,7;23,7;23,1;94;89;89;115;2,9;,5;
2026/03/06;2300 UTC;0;1002,6;1003;1002,6;6,5;25;23,5;25,2;24,7;23,5;23,2;93;89;92;52;1,9;1,2;
2026/03/07;0000 UTC;0;1003,2;1003,2;1002,5;0;24,8;23,7;25;24,8;23,7;23,3;94;91;94;35;3;,9;
2026/03/07;0100 UTC;,2;1004,4;1004,4;1003,2;0;24,1;22,7;24,8;24,1;23,8;22,7;95;92;92;339;2,8;,6;
2026/03/07;0200 UTC;0;1004,9;1004,9;1004,4;0;24,2;22,3;24,3;24;22,7;22,2;92;88;89;55;3,3;1,6;
2026/03/07;0300 UTC;,2;1005;1005,1;1004,9;0;24,3;22,5;24,4;24,1;22,6;22,3;91;89;89;78;3;1;
2026/03/07;0400 UTC;0;1004,3;1005;1004,3;0;24,3;22,5;24,5;24,3;22,6;22,5;90;89;90;48;3,2;1,4;
2026/03/07;0500 UTC;0;1003,4;1004,3;1003,4;0;23,9;22,5;24,4;23,9;22,5;22,3;92;88;92;340;2,6;,2;
2026/03/07;0600 UTC;0;1002,7;1003,4;1002,7;0;23,6;22,3;23,9;23,6;22,7;22,3;94;91;92;244;,8;,1;
2026/03/07;0700 UTC;0;1002,4;1002,7;1002,4;0;23,8;22,7;23,9;23,6;22,9;22,3;94;92;93;10;,7;,3;
2026/03/07;0800 UTC;0;1002,9;1002,9;1002,4;0;23,9;22,6;24,2;23,7;22,8;22,5;94;91;92;65;1,2;,5;
2026/03/07;0900 UTC;0;1003,2;1003,2;1002,9;0;24,2;22,6;24,3;23,9;22,7;22,4;93;89;91;47;1,9;1,2;
2026/03/07;1000 UTC;0;1003,5;1003,6;1003,2;0;24,2;22,6;24,3;24,1;22,8;22,6;92;91;91;46;2,5;,9;
2026/03/07;1100 UTC;0;1004,3;1004,3;1003,5;72,5;24,7;22,9;24,7;24,1;22,9;22,6;91;89;90;56;2,1;,7;
2026/03/07;1200 UTC;0;1004,9;1004,9;1004,3;339,1;26;23,1;26;24,7;23,3;22,7;90;84;84;81;3,1;1,4;
2026/03/07;1300 UTC;0;1005,6;1005,6;1004,9;815,2;27,5;23,4;27,5;26;23,5;22,8;85;78;78;76;4,1;1,5;
2026/03/07;1400 UTC;0;1005,8;1005,8;1005,6;1187,7;28,6;24,3;28,6;27,4;24,5;23,3;80;77;78;60;4,6;2;
2026/03/07;1500 UTC;0;1005,3;1005,8;1005,3;1404;29,2;24,2;29,5;28,4;24,5;23,6;79;73;75;64;5,3;2,3;
2026/03/07;1600 UTC;0;1004,1;1005,3;1004;2290,7;30,8;23,8;31,1;29,2;24,8;23,3;75;65;66;64;6;2,4;
2026/03/07;1700 UTC;0;1002,6;1004,1;1002,6;2715,5;31,7;22,7;32,1;30,4;24,3;22,7;68;59;59;65;5,3;2;
2026/03/07;1800 UTC;0;1001,8;1002,6;1001,7;1994,2;28,6;22,6;33,2;28,6;24;22,5;71;56;70;25;8,1;2,2;
2026/03/07;1900 UTC;0;1000,9;1001,8;1000,9;1489,2;28,9;23,9;29,7;28,2;24,5;22,8;76;70;74;290;5,8;,9;
2026/03/07;2000 UTC;0;1000,5;1000,9;1000,2;1053,2;28,5;23,9;29,4;28,3;24;23,3;76;71;76;60;4,1;1,1;
2026/03/07;2100 UTC;0;1000,6;1000,9;1000,4;201,5;28,1;23,7;28,8;28,1;24,1;23,1;77;73;77;61;4,1;1,7;
2026/03/07;2200 UTC;0;1000,6;1000,9;1000,5;22,2;27,3;24,2;28,1;27,2;24,4;23,3;84;76;83;299;3,7;,4;
2026/03/07;2300 UTC;0;1000,9;1000,9;1000,5;,2;26,6;24,4;27,3;26,6;24,5;24,2;88;83;88;170;1,6;,3;
2026/03/08;0000 UTC;0;1002,1;1002,1;1000,9;0;26,5;24,5;26,7;26,2;24,5;24,2;90;87;88;44;2,9;1,4;
2026/03/08;0100 UTC;0;1003,5;1003,5;1002,1;0;26,4;24,5;26,6;26,3;24,6;24,4;90;88;90;10;3,1;,9;
2026/03/08;0200 UTC;0;1003,8;1003,9;1003,6;0;25,7;24,2;26,4;25,7;24,5;24,2;92;90;92;318;2,1;,4;
2026/03/08;0300 UTC;0;1003,8;1004;1003,7;0;25,8;24,2;25,8;25,5;24,3;24,1;92;91;91;48;2,4;1,1;
2026/03/08;0400 UTC;0;1003,6;1004,1;1003,6;0;25,7;24;25,9;25,6;24,3;24;91;90;90;46;2,7;1,3;
2026/03/08;0500 UTC;0;1003,3;1003,6;1003,3;0;25,2;23,4;25,7;25,2;24;23,3;91;89;90;41;3,9;1,7;
2026/03/08;0600 UTC;0;1002,9;1003,3;1002,9;0;24,5;23,2;25,2;24,5;23,4;23,1;92;90;92;46;3,9;,5;
2026/03/08;0700 UTC;0;1002,6;1002,9;1002,6;0;24,7;22,4;24,8;24,5;23;22,4;92;87;87;54;2,8;1,3;
2026/03/08;0800 UTC;0;1002,6;1002,6;1002,5;0;24,4;22,1;24,7;24,4;22,4;21,9;87;85;87;72;3,8;1,4;
2026/03/08;0900 UTC;0;1003,1;1003,1;1002,6;0;24,5;22,5;24,6;24,4;22,5;22,1;89;87;89;74;2,8;1;
2026/03/08;1000 UTC;0;1003,6;1003,6;1003,1;0;24,4;22,8;24,5;24,4;22,8;22,5;91;89;91;45;2,2;1,3;
2026/03/08;1100 UTC;0;1004,4;1004,4;1003,6;143,6;25,4;22,8;25,4;24,4;23,1;22,7;91;85;86;59;3,4;1,4;
2026/03/08;1200 UTC;0;1005,3;1005,3;1004,4;509,3;26;21,7;26,3;25,4;22,8;21,4;86;76;77;59;6,5;2,4;
2026/03/08;1300 UTC;0;1006,1;1006,1;1005,3;543,5;26,1;22,7;26,2;25,8;22,7;21,6;82;77;82;48;6,8;3,4;
2026/03/08;1400 UTC;0;1006,3;1006,4;1006,1;1525,9;28,5;22,7;29,2;26,2;23,5;22,3;82;69;71;74;6,8;2,7;
2026/03/08;1500 UTC;0;1006,4;1006,6;1006,3;1078,4;26,4;23,7;29,1;26,2;24,8;22,5;89;70;85;21;6,9;1,4;
2026/03/08;1600 UTC;6;1005,7;1006,6;1005,7;381,3;25,7;22,6;26,4;24,5;24,1;22,4;96;81;83;41;9,4;2,4;
2026/03/08;1700 UTC;,8;1004,2;1005,7;1004,2;841,3;26;23,8;26;24,9;23,8;21,9;90;82;88;20;5,4;1,2;
2026/03/08;1800 UTC;0;1002,7;1004,2;1002,7;1599,2;27,1;23,1;27,5;26;24,3;22,6;88;77;79;47;4,6;1,5;
2026/03/08;1900 UTC;0;1001,1;1002,7;1001,1;525,2;27,1;22,8;27,4;26,9;23,4;22,6;80;76;77;110;3,9;1,5;
2026/03/08;2000 UTC;0;1000,4;1001,1;1000,4;393,9;26,8;23,5;27,2;26,8;23,6;22,8;82;77;82;59;3,4;1,1;
2026/03/08;2100 UTC;0;1000,3;1000,5;1000,3;313;27,1;23,5;27,1;26,8;23,7;23,1;83;80;81;305;3,4;,4;
2026/03/08;2200 UTC;0;1001,4;1001,4;1000,3;247;27,1;23,3;27,7;27,1;23,7;23,2;81;78;80;289;2,2;,6;
2026/03/08;2300 UTC;0;1002;1002;1001,3;4,5;26,5;23,7;27,1;26,4;23,8;23,3;85;80;85;245;2;,3;
2026/03/09;0000 UTC;0;1002,6;1002,6;1002;0;26,1;23,7;26,7;26;23,8;23,4;87;83;86;184;2,2;,5;
2026/03/09;0100 UTC;0;1003,6;1003,6;1002,4;0;26,3;23,8;26,3;25,6;23,9;23,6;90;86;86;44;1,5;1;
2026/03/09;0200 UTC;0;1004,5;1004,5;1003,6;0;26;23,8;26,3;26;23,9;23,7;88;86;88;78;1,7;,8;
2026/03/09;0300 UTC;0;1005;1005;1004,5;0;26;23,5;26,3;26;23,9;23,4;88;84;86;57;4,2;1,7;
2026/03/09;0400 UTC;0;1004,3;1005;1004,3;0;25,3;23,5;26;25,3;23,6;23,4;90;86;90;53;4,1;1,5;
2026/03/09;0500 UTC;0;1003,7;1004,3;1003,7;0;25;23,4;25,3;25;23,5;23,4;91;89;91;45;3,1;1,4;
2026/03/09;0600 UTC;0;1003,2;1003,7;1003,2;0;24,9;23,4;25;24,7;23,5;23,3;93;91;92;105;2,1;,5;
2026/03/09;0700 UTC;0;1002,9;1003,2;1002,9;0;24,6;23,4;25;24,6;23,6;23,4;94;91;93;48;1,3;,1;
2026/03/09;0800 UTC;0;1003,1;1003,1;1002,9;0;24,6;23,5;24,8;24,5;23,5;23,3;94;92;94;72;,9;,5;
2026/03/09;0900 UTC;0;1003,6;1003,6;1003,1;0;24,7;23,6;25;24,5;23,6;23,4;94;91;93;42;1,7;,2;
2026/03/09;1000 UTC;0;1004,1;1004,1;1003,6;0;25,1;23,5;25,1;24,6;23,6;23,5;94;91;91;53;1,7;1,1;
2026/03/09;1100 UTC;0;1005,1;1005,1;1004,1;71,4;25,6;23,5;25,6;25,1;23,6;23,5;91;88;88;44;3,3;1,9;
2026/03/09;1200 UTC;0;1006,6;1006,6;1005,1;334,1;26,3;23,3;26,3;25,6;23,6;23,2;89;83;84;42;5;2,4;
2026/03/09;1300 UTC;0;1007,2;1007,2;1006,6;650;26,9;23,2;27;26,3;23,5;23;84;79;80;44;6;2,8;
2026/03/09;1400 UTC;0;1007,4;1007,4;1007,2;1532,1;27,8;23,2;28,2;26,9;23,9;22,9;81;75;76;31;6,1;3;
2026/03/09;1500 UTC;0;1007,1;1007,5;1007,1;1328,3;28,3;22,2;28,5;27,9;23,4;21,8;76;68;70;52;7;3,1;
2026/03/09;1600 UTC;0;1006;1007,1;1006;804,4;27,9;22,7;28,4;27,7;23;21,8;74;68;73;43;7,3;2,5;
2026/03/09;1700 UTC;0;1004,6;1006;1004,6;1219,3;28,8;22,5;29,1;27,8;23,3;22,4;74;69;69;64;5,8;2,7;
2026/03/09;1800 UTC;0;1003,3;1004,6;1003,3;1265,7;28,7;22,8;29,1;28,4;23,5;22,3;72;69;71;31;7,1;2,8;
2026/03/09;1900 UTC;0;1002,4;1003,3;1002,4;1391,6;29,1;22,7;29,7;28,6;23,1;22,1;71;66;69;40;6,5;3,2;
2026/03/09;2000 UTC;0;1002,1;1002,4;1002,1;766,2;29,1;22,8;29,4;28,7;23,3;22,5;71;68;69;57;6,3;2,3;
2026/03/09;2100 UTC;0;1002,1;1002,1;1001,8;404;28,9;23;29,3;28,8;23,1;22,6;71;68;71;63;5,8;1,6;
2026/03/09;2200 UTC;0;1001,9;1002,1;1001,8;129,9;27,8;23,6;28,9;27,8;23,7;23;78;71;78;110;4,3;1,3;
2026/03/09;2300 UTC;0;1002,7;1002,7;1001,9;1,6;27,3;23,4;27,8;27,3;23,7;23,4;80;78;79;122;3,7;1,3;
2026/03/10;0000 UTC;0;1003,6;1003,6;1002,7;0;27,4;23,4;27,5;27,2;23,5;23,3;80;78;79;120;3,5;1,1;
2026/03/10;0100 UTC;0;1004,3;1004,3;1003,6;0;27,4;23,5;27,5;27,3;23,6;23,4;80;79;80;99;2,9;,8;
2026/03/10;0200 UTC;0;1004,8;1004,8;1004,2;0;27,3;23,7;27,4;27,2;23,7;23,5;81;79;81;96;3,1;1,5;
2026/03/10;0300 UTC;0;1005,2;1005,2;1004,8;0;26,8;23,9;27,3;26,8;23,9;23,6;84;80;84;17;3;1;
2026/03/10;0400 UTC;0;1004,9;1005,2;1004,9;0;25,3;23,3;26,8;25,3;24;23,2;89;84;89;34;6,3;1,7;
2026/03/10;0500 UTC;0;1004,6;1005;1004,5;0;25,1;23,1;25,3;25;23,3;23;89;88;89;25;5,7;1;
2026/03/10;0600 UTC;0;1004,4;1004,6;1004,4;0;24,9;22,8;25,1;24,9;23,1;22,6;89;86;88;34;5,9;1,4;
2026/03/10;0700 UTC;0;1004;1004,4;1004;0;24,6;22,8;24,9;24,6;22,8;22,7;90;88;90;26;4,4;1,4;
2026/03/10;0800 UTC;0;1003,9;1004,1;1003,9;0;24,4;22,6;24,6;24,4;22,8;22,6;90;89;90;50;4,1;1,5;
2026/03/10;0900 UTC;0;1003,9;1003,9;1003,8;0;24,4;22,5;24,5;24,3;22,6;22,5;90;89;89;61;3,4;1,1;
2026/03/10;1000 UTC;0;1004,4;1004,4;1003,8;0;24,5;22,2;24,6;24,4;22,5;22,2;89;86;87;67;3,2;1;
2026/03/10;1100 UTC;0;1005,4;1005,4;1004,5;154,7;25,5;22,7;25,5;24,5;22,7;22,2;88;85;85;78;2,4;1,3;
2026/03/10;1200 UTC;0;1006,4;1006,4;1005,4;1057,2;27,2;23;27,8;25,5;23,5;22,5;85;76;78;82;5;2,3;
2026/03/10;1300 UTC;0;1006,9;1006,9;1006,4;1753,3;29,5;24,1;29,5;27,2;24,3;23,1;78;73;73;76;5,6;2,7;
2026/03/10;1400 UTC;0;1007;1007,1;1006,8;2001,1;29,2;23,5;30,1;28,7;24,3;23,2;74;69;71;86;6,6;3;
2026/03/10;1500 UTC;1,6;1006,5;1007,3;1006,5;1465,5;29;24,9;29,2;24,5;24,9;21,8;90;70;79;71;9;1,7;
2026/03/10;1600 UTC;0;1005,2;1006,5;1005,2;3185,8;30,7;24,4;30,7;28,6;24,8;23,2;78;68;69;62;5,7;1,4;
2026/03/10;1700 UTC;0;1004;1005,2;1004;1631;30,9;23,6;31,5;30,2;24,2;23,3;70;63;65;69;6,3;2,6;
2026/03/10;1800 UTC;,2;1003,6;1004,5;1003,3;880,6;27;22,8;30,8;24,9;24,2;21,3;89;65;77;43;12,3;2,3;
2026/03/10;1900 UTC;0;1002,3;1003,6;1002,3;734,9;27,9;22,8;28;27;23,7;22,6;80;73;74;52;5;1,3;
2026/03/10;2000 UTC;0;1001;1002,3;1001;649,8;30,1;23,6;30,1;27,9;23,8;22,9;75;67;68;76;5,3;1,8;
2026/03/10;2100 UTC;0;1001,6;1001,6;1000,9;325,8;30,3;23,8;30,4;29,7;24,2;23;70;66;68;82;5,5;1,6;
2026/03/10;2200 UTC;0;1001,4;1001,6;1001;230,3;28,8;22,8;30,3;28,8;24;22,8;70;66;70;47;4,5;2,1;
2026/03/10;2300 UTC;0;1002,5;1002,5;1001,2;5,7;27,7;21,9;28,8;27,7;22,8;20,6;70;64;70;60;4,5;1,7;
2026/03/11;0000 UTC;0;1003,3;1003,3;1002,5;0;27,1;22,7;27,8;26,9;22,7;21,9;77;70;77;63;3,1;1,4;
2026/03/11;0100 UTC;0;1004,9;1004,9;1003,3;0;26;22,7;27,1;26;23;22,7;82;77;82;5;3,1;,4;
2026/03/11;0200 UTC;0;1006;1006;1004,8;0;26,1;23;26,3;25,7;23,1;22,6;85;82;83;28;2,1;,7;
2026/03/11;0300 UTC;;1006;1006,3;1006;0;25,8;23,1;26,1;25,8;23,3;22,9;86;83;85;344;2,1;,3;
2026/03/11;0400 UTC;0;1005,4;1006;1005,4;0;26,2;23;26,3;25,8;23,2;22,9;85;82;83;27;3,6;1,1;
2026/03/11;0500 UTC;0;1004,6;1005,4;1004,6;0;26;23,1;26,2;26;23,1;22,9;84;82;84;41;2,9;,9;
2026/03/11;0600 UTC;0;1004,2;1004,6;1004,2;0;25,7;23,2;26;25,6;23,3;23,1;87;84;86;351;2,3;,5;
2026/03/11;0700 UTC;0;1003,6;1004,3;1003,6;0;25,4;23,5;25,7;25,4;23,5;23,2;90;86;90;27;2;,3;
2026/03/11;0800 UTC;0;1003,1;1003,6;1003;0;24,8;23,5;25,4;24,7;23,6;23,4;93;90;93;3;1,9;,5;
2026/03/11;0900 UTC;0;1003,4;1003,4;1002,9;0;24,4;23,3;24,9;24,4;23,6;23,3;94;92;94;345;2,1;,4;
2026/03/11;1000 UTC;0;1003,9;1003,9;1003,4;0;24;22,9;24,4;24;23,3;22,9;94;93;94;341;1,9;,3;
2026/03/11;1100 UTC;0;1004,8;1004,8;1003,9;174,3;25,7;23,3;25,7;24;23,6;22,9;94;87;87;286;1,3;,5;
2026/03/11;1200 UTC;0;1005,9;1005,9;1004,8;1145,8;29,2;23,6;29,5;25,7;24,2;23,2;87;72;72;38;2,1;,9;
2026/03/11;1300 UTC;0;1006,5;1006,5;1005,9;1928,8;29,9;23,3;30,6;28,7;24,7;23,1;76;67;68;53;3,1;1,5;
2026/03/11;1400 UTC;0;1006,7;1006,8;1006,5;1458;29,1;24,1;31;29,1;24,5;23,3;75;66;75;186;4,6;1,5;
2026/03/11;1500 UTC;0;1005,9;1006,7;1005,9;2081,6;31,1;24,7;31,8;29;25,5;24,2;76;67;69;250;4,6;1,2;
2026/03/11;1600 UTC;0;1004,8;1005,9;1004,8;1068,7;30,6;23,9;31,9;29,4;24,9;23,9;74;65;68;172;4,2;1,2;
2026/03/11;1700 UTC;,2;1003,4;1004,8;1003,3;1992,2;31,4;22,3;32,7;29,9;25,4;22,3;76;59;59;76;4,9;2,5;
2026/03/11;1800 UTC;0;1002,8;1003,5;1002,7;1256,3;30,7;23,5;31,5;30,5;23,7;22;66;57;66;71;6,9;2,6;
2026/03/11;1900 UTC;0;1002,8;1003;1002,4;672,3;29,6;23,4;30,7;29,6;24,9;23,3;75;66;69;93;6,2;2,2;
2026/03/11;2000 UTC;0;1001,3;1002,9;1001,3;483,4;26,9;23,3;29,6;26,8;24,2;23,2;82;70;81;114;6,6;2;
2026/03/11;2100 UTC;0;1000,7;1001,3;1000,6;330,5;27;23,5;27;26,6;23,5;23,1;82;80;81;82;4,2;1,4;
2026/03/11;2200 UTC;0;1000,9;1001,1;1000,6;136,9;26,5;23,6;27,1;26,5;23,7;23,1;84;79;84;56;3,9;1,6;
2026/03/11;2300 UTC;;;;;;;;;;;;;;;;;;
2026/03/12;0000 UTC;0;1004,2;1004,2;1002,5;0;27;24,4;27,1;26,5;24,4;24;87;84;86;307;3,3;,6;
2026/03/12;0100 UTC;0;1005;1005;1004,2;0;26,2;24;27;26,2;24,4;24;89;86;88;285;2,4;,5;
2026/03/12;0200 UTC;0;1005,9;1005,9;1005;0;26,6;24,1;26,6;26,3;24,2;23,9;88;86;86;277;1,9;,5;
2026/03/12;0300 UTC;0;1005,9;1006;1005,9;0;26,3;23,9;26,7;26,2;24,2;23,9;88;85;87;295;1,5;,2;
2026/03/12;0400 UTC;0;1005,5;1006;1005,4;0;26,3;24,3;26,8;26,3;24,5;23,7;89;83;89;251;2,4;,9;
2026/03/12;0500 UTC;0;1004,9;1005,5;1004,9;0;25,7;24,2;26,3;25,6;24,3;24,1;92;89;92;224;3,3;1,3;
2026/03/12;0600 UTC;0;1004,7;1004,9;1004,7;0;25,1;23,7;25,7;25,1;24,2;23,6;93;91;92;227;3;1,3;
2026/03/12;0700 UTC;0;1004,3;1004,7;1004,3;0;25;23,7;25,1;24,8;23,7;23,5;93;91;92;237;3;1;
2026/03/12;0800 UTC;0;1003,7;1004,3;1003,7;0;24,8;23,7;25;24,7;23,7;23,6;94;92;94;225;2,5;,6;
2026/03/12;0900 UTC;0;1004,1;1004,1;1003,5;0;24,3;23,4;24,8;24,3;23,7;23,4;95;94;94;226;3,3;1;
2026/03/12;1000 UTC;0;1005;1005;1004,1;0;24,6;23,4;24,6;24,3;23,5;23,3;95;93;93;230;2,6;,6;
2026/03/12;1100 UTC;0;1005,6;1005,6;1005;73,5;25;23,4;25;24,5;23,4;23,2;93;90;91;240;1,9;,4;
2026/03/12;1200 UTC;0;1006,3;1006,3;1005,6;431;26,2;23,4;26,2;25;23,6;23,4;91;85;85;246;3;1,3;
2026/03/12;1300 UTC;0;1007,1;1007,1;1006,3;689,1;26,5;23,4;26,6;26;23,8;23,2;86;83;83;244;4;1,7;
2026/03/12;1400 UTC;1,4;1007,4;1007,5;1007,1;1310,6;27,5;25;27,5;25,9;25,4;23,6;93;82;86;265;4;,8;
2026/03/12;1500 UTC;0;1006,5;1007,4;1006,5;1632,1;29;24;29;27,3;25,1;23,8;87;74;75;243;3,8;1,1;
2026/03/12;1600 UTC;0;1006,6;1006,7;1006,3;790,2;26,2;22,1;29,3;26,2;24,6;22,1;78;72;78;28;11,5;2,4;
2026/03/12;1700 UTC;31,4;1005,8;1006,9;1005,8;70,4;23,1;22,6;26,2;22,7;22,7;22;98;78;97;32;11,5;2,1;
2026/03/12;1800 UTC;2,4;1004,6;1005,8;1004,6;125,6;23,5;22,7;23,5;23;22,9;22,6;97;95;95;28;6;1,8;
2026/03/12;1900 UTC;1,2;1004,1;1004,7;1004,1;111,7;23,5;22,9;23,6;23,4;23;22,7;97;95;97;356;4,6;,5;
2026/03/12;2000 UTC;1;1003,7;1004,1;1003,7;136,5;23,7;22,7;23,8;23,5;23;22,6;97;94;94;111;3,1;1,3;
2026/03/12;2100 UTC;,2;1002,9;1003,7;1002,9;145,9;23,9;23;24;23,7;23;22,6;94;93;94;80;4;1,1;
2026/03/12;2200 UTC;0;1003;1003;1002,8;58,9;23,8;22,2;24;23,7;23;22;95;89;91;198;4;1,1;
2026/03/12;2300 UTC;0;1003,2;1003,2;1003;2,1;23,5;21,7;23,8;23,5;22,2;21,4;91;88;89;102;2,6;,6;
2026/03/13;0000 UTC;0;1004,6;1004,6;1003,2;0;23,1;22,1;23,5;23,1;22,2;21,6;94;89;94;37;2;,2;
2026/03/13;0100 UTC;0;1006,2;1006,2;1004,6;,6;23,8;22,2;23,9;23,1;22,3;21,8;94;90;91;43;2,4;1;
2026/03/13;0200 UTC;0;1006,8;1006,9;1006,2;,1;23,6;22,1;23,8;23,6;22,3;22;92;90;92;44;2,4;,5;
2026/03/13;0300 UTC;0;1006,8;1006,9;1006,8;0;23,8;22,1;23,8;23,5;22,2;22,1;92;90;90;49;2,4;1,5;
2026/03/13;0400 UTC;0;1005,9;1006,8;1005,9;0;22,9;22;23,8;22,9;22,3;22;95;90;95;330;2,4;,3;
2026/03/13;0500 UTC;0;1005,4;1005,9;1005,4;0;23,1;22,3;23,1;22,8;22,4;22;96;95;96;359;,9;,3;
2026/03/13;0600 UTC;0;1005,1;1005,4;1005,1;0;23;22,2;23,1;23;22,4;22,2;96;95;96;122;,7;,1;
2026/03/13;0700 UTC;0;1004,8;1005,2;1004,8;0;23,1;22,5;23,3;23;22,5;22,2;96;94;96;112;1,2;,2;
2026/03/13;0800 UTC;0;1004,7;1004,9;1004,7;0;23,4;22,3;23,4;23,1;22,5;22,3;96;93;93;48;1,7;1,2;
2026/03/13;0900 UTC;0;1005,1;1005,1;1004,7;0;23,1;22,1;23,4;23,1;22,3;22;94;92;94;121;1,7;,3;
2026/03/13;1000 UTC;0;1005,6;1005,6;1005,1;0;23,6;22,4;23,6;22,9;22,4;22;96;93;93;79;1,8;,9;
2026/03/13;1100 UTC;0;1006,1;1006,1;1005,6;74,7;24,2;22,7;24,2;23,5;22,7;22,3;93;91;91;82;2;1,1;
2026/03/13;1200 UTC;0;1007,1;1007,1;1006,1;523,8;25,6;23,6;25,6;24,2;23,6;22,7;91;88;89;86;4;2;
2026/03/13;1300 UTC;0;1007,6;1007,6;1007,1;1567,6;27,5;23;27,7;25,6;23,9;23;89;76;76;82;4,7;2,1;
2026/03/13;1400 UTC;0;1007,8;1007,9;1007,6;2719,4;29,8;23;30,3;27,5;24,1;22,7;77;66;67;80;5,4;2;
2026/03/13;1500 UTC;0;1007,6;1007,8;1007,6;2633,6;30,4;23;30,8;28,9;23,6;22,3;70;63;65;70;7,2;2,8;
2026/03/13;1600 UTC;0;1006,9;1007,6;1006,9;2965,1;31,2;24,2;31,2;30,1;24,2;22,7;68;63;66;80;7,3;2,8;
2026/03/13;1700 UTC;0;1005,6;1006,9;1005,6;1877,9;30,3;23,8;31,5;29,8;24,3;23,3;70;64;68;75;7,6;3,2;
2026/03/13;1800 UTC;,2;1005,2;1005,6;1005,1;651,6;25,9;23,3;30,5;25,9;24,3;23;86;66;86;27;10,2;3,4;
2026/03/13;1900 UTC;,2;1003,4;1005,2;1003,4;559,7;27,4;22,6;27,4;25,6;23,2;22,2;86;74;75;48;10,2;2,4;
2026/03/13;2000 UTC;0;1002;1003,4;1002;709,5;29,2;23,1;29,2;27,3;23,5;22,3;76;70;70;60;7,5;2,5;
2026/03/13;2100 UTC;0;1001,1;1002;1001,1;151,8;28,6;22;29,2;28,4;23,1;21,8;72;66;67;48;6,3;2,9;
2026/03/13;2200 UTC;0;1001,3;1001,4;1001,1;65,2;27,8;22,1;28,6;27,8;22,2;21,8;72;67;71;81;6,2;1,5;
2026/03/13;2300 UTC;0;1002;1002;1001,3;2,7;27,3;22,3;27,8;27,3;22,3;22;74;71;74;68;3,2;1,7;
2026/03/14;0000 UTC;0;1003,2;1003,2;1002;0;26,7;22,3;27,4;26,7;22,4;22,2;77;73;77;65;3,2;1;
2026/03/14;0100 UTC;0;1004,2;1004,2;1003,2;0;26,5;22,4;27;26,5;22,5;22,3;79;76;78;47;2,2;1;
2026/03/14;0200 UTC;0;1005,3;1005,3;1004,2;0;26,4;22,3;26,6;26,4;22,5;22,3;79;78;78;78;2,5;1,3;
2026/03/14;0300 UTC;0;1006;1006;1005,3;0;25,9;22,3;26,4;25,9;22,4;22,3;81;78;81;69;2,7;1;
2026/03/14;0400 UTC;0;1005,6;1006;1005,6;0;25,7;22,6;26;25,7;22,6;22,3;83;80;83;75;4;1,6;
2026/03/14;0500 UTC;0;1005,4;1005,6;1005,3;0;25,1;22,2;25,7;25,1;22,6;22,2;85;83;84;42;4;1,8;
2026/03/14;0600 UTC;0;1004,8;1005,4;1004,8;0;24,5;22,3;25,2;24,5;22,3;22,2;88;84;88;55;4,5;1,9;
2026/03/14;0700 UTC;0;1004,6;1004,8;1004,6;0;24,2;22,1;24,5;24,2;22,3;22,1;89;87;88;46;3,9;1,5;
2026/03/14;0800 UTC;0;1004,4;1004,6;1004,4;0;23,8;22,1;24,3;23,8;22,1;22;90;88;90;51;3,5;,5;
2026/03/14;0900 UTC;0;1004,9;1004,9;1004,4;0;23,8;22,1;24;23,7;22,2;22,1;90;89;90;39;2,8;1,2;
2026/03/14;1000 UTC;0;1005,2;1005,2;1004,9;0;23,8;22,2;23,9;23,5;22,3;22,1;92;90;91;53;2,9;1,3;
2026/03/14;1100 UTC;0;1005,2;1005,2;1005;87,5;24,2;22,5;24,2;23,7;22,5;22,2;92;90;90;43;2,4;1,3;
2026/03/14;1200 UTC;0;1006,1;1006,1;1005,2;694,9;26,3;22,8;26,4;24,2;23,4;22,4;90;81;81;44;3,1;1,5;
2026/03/14;1300 UTC;0;1006,6;1006,6;1006,1;1802,9;30,1;23,2;30,2;26,2;24,2;22,7;81;66;66;15;3,7;,9;
2026/03/14;1400 UTC;0;1006,7;1006,8;1006,5;2783;31,4;22,3;32,1;29,9;23,9;21,7;68;56;59;42;4,3;1,9;
2026/03/14;1500 UTC;0;1006,1;1006,7;1006,1;3290,2;32,4;22;33;31,2;22,6;20,7;60;49;54;42;5,4;2,1;
2026/03/14;1600 UTC;0;1005;1006,1;1005;2744,5;32,3;22,2;33,6;31,9;23,2;21,6;57;52;55;61;5,1;1,9;
2026/03/14;1700 UTC;0;1003,7;1005,1;1003,7;2038;32,9;21,9;33,6;31,9;23,1;21,1;57;50;52;79;6,4;2,6;
2026/03/14;1800 UTC;0;1002,1;1003,7;1002;2819,7;32,4;22,9;33,8;32,1;23,2;21,1;57;50;57;98;7,5;2,2;
2026/03/14;1900 UTC;0;1001,1;1002,1;1001,1;1495,7;32,6;22,6;33,6;32;23,4;22,3;58;53;56;89;6,9;2,3;
2026/03/14;2000 UTC;0;1000,3;1001,1;1000,3;506,5;32,6;22,4;32,9;31,9;23,1;22;58;54;55;93;7,1;2,5;
2026/03/14;2100 UTC;0;1000;1000,3;999,9;134,4;31,9;22;32,6;31,6;22,5;21,8;58;54;56;88;5,3;1,5;
2026/03/14;2200 UTC;0;1000,3;1000,3;1000;66,9;31,2;21,5;32;31,2;22,1;21,4;57;55;57;136;5;1,5;
2026/03/14;2300 UTC;0;1001,1;1001,1;1000,3;2,1;30,7;21,2;31,2;30,6;21,9;21,1;58;56;57;127;3,5;1,4;
2026/03/15;0000 UTC;0;1002;1002;1001,1;0;30;22,4;30,8;30;22,6;21,2;64;57;64;130;3,7;,9;
2026/03/15;0100 UTC;0;1003;1003;1002;0;29,9;22,8;30,2;29,8;22,9;22,2;66;62;66;76;3,3;1,5;
2026/03/15;0200 UTC;0;1003,8;1003,8;1003;0;28,8;24,9;29,9;28,8;25;22,8;80;66;80;64;3,7;1,3;
2026/03/15;0300 UTC;0;1004,1;1004,1;1003,8;0;28,9;25;28,9;28,7;25;24,9;80;79;79;79;3,4;1,4;
2026/03/15;0400 UTC;,4;1004;1004,2;1004;,1;27,6;24,7;29;27,6;25,6;24,6;88;79;85;62;5,7;1,9;
2026/03/15;0500 UTC;6,6;1003,3;1004;1003,3;,5;26,7;24,9;27,6;25,7;25,2;23,9;93;84;90;79;5,7;1,2;
2026/03/15;0600 UTC;0;1003,5;1003,6;1003;2,6;26,4;24,3;26,9;26,4;25;24,2;91;87;88;22;4,3;1,3;
2026/03/15;0700 UTC;0;1003,2;1003,5;1003,1;,2;25,6;24,3;26,4;25,6;24,5;24,1;93;88;93;339;3,9;,4;
2026/03/15;0800 UTC;0;1002,9;1003,2;1002,9;0;24,5;23,3;25,7;24,5;24,3;23,2;94;92;93;342;2,2;,7;
2026/03/15;0900 UTC;0;1002,4;1002,9;1002,4;0;24,8;22,7;24,8;24,3;23,2;22,7;93;88;88;46;3,5;2;
2026/03/15;1000 UTC;0;1002;1002,5;1001,9;,1;25;22,7;25;24,8;22,8;22,7;89;87;87;71;3,5;1,4;
2026/03/15;1100 UTC;0;1004,3;1004,3;1002;156,7;26,1;23,4;26,1;24,9;23,6;22,8;90;85;85;264;3,2;,4;
2026/03/15;1200 UTC;0;1004,9;1004,9;1004,3;1153,2;28,4;23,9;28,4;26,1;24,6;23,3;86;76;76;58;3,3;,5;
2026/03/15;1300 UTC;0;1005,2;1005,2;1004,9;2073,7;29,9;22,3;30,6;28,2;24,2;22,3;77;63;64;47;5,4;2,4;
2026/03/15;1400 UTC;0;1005,4;1005,5;1005,2;2599,3;31,1;23,3;31,6;29,9;23,9;22,6;66;61;64;44;7;2,5;
2026/03/15;1500 UTC;0;1004,8;1005,4;1004,8;2537;31,5;23;32,1;31,1;24,2;22,5;65;58;61;51;7,5;2,2;
2026/03/15;1600 UTC;0;1004,1;1004,8;1004,1;2863,8;32,4;23,6;32,5;31;24,1;22,9;65;59;60;87;6;2,8;
2026/03/15;1700 UTC;0;1003;1004,1;1003;3005,9;32,6;22,9;33,5;32,2;24,2;22,8;61;56;57;93;6,7;2,8;
2026/03/15;1800 UTC;0;1001,7;1003,1;1001,7;1999,5;33,1;24,5;33,3;31,8;24,5;23,1;62;57;61;88;6,5;2,5;
2026/03/15;1900 UTC;0;1000,6;1001,7;1000,6;1073,4;31,9;23,8;33,2;31,7;24,3;23,1;63;58;62;77;7;2,5;
2026/03/15;2000 UTC;0;1000,1;1000,6;1000,1;773,3;31,5;23;32,3;31,5;24,2;22,8;63;59;61;77;7,2;3,1;
2026/03/15;2100 UTC;0;1000,2;1000,6;1000,1;234,3;30,7;23,7;31,5;30,7;23,8;23;67;61;66;71;6,4;1,9;
2026/03/15;2200 UTC;0;999,3;1000,2;999,3;86;29,9;23,8;30,7;29,6;23,8;22;70;63;70;64;4,3;1,7;
2026/03/15;2300 UTC;0;1000,6;1000,6;999,3;2,2;29,3;24,1;29,9;29,3;24,2;23,7;74;69;74;59;4,4;,8;
2026/03/16;0000 UTC;0;1001,9;1001,9;1000,6;0;29,2;24,7;29,5;28,8;24,8;24,1;78;74;77;89;3;1,3;
2026/03/16;0100 UTC;0;1002,6;1002,6;1001,9;0;27,9;24,5;29,2;27,8;24,9;24,2;82;77;82;15;3;,4;
2026/03/16;0200 UTC;0;1002,9;1002,9;1002,6;0;28,2;25,1;28,7;27,9;25,1;24,4;83;80;83;74;4,6;2;
2026/03/16;0300 UTC;0;1003,7;1003,7;1002,9;0;27,6;23,4;28,2;27,6;25,1;23,2;84;76;78;70;5,5;1,2;
2026/03/16;0400 UTC;0;1003,7;1004;1003,7;0;27;23,5;27,6;27;23,5;23,4;81;78;81;96;3,8;1,7;
2026/03/16;0500 UTC;0;1003,6;1003,8;1003,5;0;26,6;23,9;27;26,6;23,9;23,5;85;81;85;43;3,8;1,4;
2026/03/16;0600 UTC;0;1003,4;1003,6;1003,2;0;26,3;23,9;26,6;26,2;24;23,8;87;85;87;28;2,4;,7;
2026/03/16;0700 UTC;0;1002,8;1003,4;1002,8;0;26,7;24,3;26,7;26;24,3;23,9;89;86;86;80;3,4;1,4;
2026/03/16;0800 UTC;0;1002,6;1002,9;1002,6;0;26,6;24,5;26,7;26,6;24,5;24,2;88;86;88;88;3,8;1,4;
2026/03/16;0900 UTC;0;1002,7;1002,8;1002,6;0;26,3;24,5;26,6;26,3;24,5;24,4;90;88;90;84;2,7;1,3;
2026/03/16;1000 UTC;0;1003,1;1003,2;1002,7;,3;26,2;24,7;26,3;26,1;24,7;24,5;92;90;92;93;2,6;1,2;
2026/03/16;1100 UTC;0;1004,1;1004,1;1003,1;121,1;26,6;24,8;26,6;26,2;24,9;24,7;92;90;90;91;3,4;1,2;
2026/03/16;1200 UTC;0;1004,7;1004,8;1004,1;838,9;28,1;25;28,6;26,6;25,4;24,8;90;82;83;71;3,8;1,8;
2026/03/16;1300 UTC;0;1005,1;1005,1;1004,7;1917,7;30,4;24,9;30,6;28,2;25,7;24,7;83;72;73;66;4,8;2,2;
2026/03/16;1400 UTC;0;1005,7;1005,7;1005;2353,6;31,1;24,7;31,4;30,3;25,3;24,4;74;68;69;65;5,6;2,5;
2026/03/16;1500 UTC;0;1005,9;1005,9;1005,6;1414,4;30,5;24,4;31,5;30,5;25,2;24,2;71;67;70;75;6,1;2,6;
2026/03/16;1600 UTC;0;1004,5;1006;1004,5;2486,7;32,3;24,3;32,5;30,4;25,6;24,2;74;62;63;64;7,1;2;
2026/03/16;1700 UTC;0;1003,5;1004,6;1003,3;2469,3;30,7;23,1;33,2;30,7;25,4;23,1;66;59;64;74;8,5;3,4;
2026/03/16;1800 UTC;,8;1003,2;1003,7;1003,2;524,7;27;23,9;30,6;26,5;25,2;23;92;64;84;40;9,4;3,4;
2026/03/16;1900 UTC;0;1000,9;1003,2;1000,9;687,6;28,4;22,9;28,5;26,9;24;22,4;84;72;72;43;8;3,1;
2026/03/16;2000 UTC;0;1000,6;1001;1000,6;596;28,4;23,3;29;28,1;23,7;22,6;74;70;74;6;6,2;1,7;
2026/03/16;2100 UTC;0;1000;1000,6;999,5;154,8;28,4;22,9;28,5;28,1;23,7;22,8;76;72;72;60;7,2;2,4;
2026/03/16;2200 UTC;0;1001,1;1001,1;1000;64;28;23,2;28,5;28;23,2;22,9;75;72;75;33;4,7;2;
2026/03/16;2300 UTC;0;1001,9;1002,1;1001,1;1,4;27;23,5;28;26,9;23,5;23,2;82;75;81;360;4,5;,6;
2026/03/17;0000 UTC;0;1002;1002;1001,5;0;27,4;23,3;27,5;26,9;23,5;23,2;82;78;78;62;4,4;1,6;
2026/03/17;0100 UTC;0;1002,6;1002,6;1001,9;0;27,5;23;27,8;27,4;23,3;22,9;78;75;76;44;4,3;1,7;
2026/03/17;0200 UTC;0;1003,3;1003,3;1002,6;0;27,4;23;27,6;27,3;23,1;22,9;77;76;77;50;4;1,5;
2026/03/17;0300 UTC;0;1003,8;1004;1003,3;0;26,8;23,2;27,4;26,5;23,2;23;82;77;81;41;4;1,7;
2026/03/17;0400 UTC;0;1003,6;1003,9;1003,6;0;26,3;23,1;26,8;26,2;23,2;23,1;83;81;82;54;3,2;,9;
2026/03/17;0500 UTC;0;1003,5;1003,9;1003,5;0;25,5;22,9;26,3;25,5;23,2;22,9;86;82;86;33;2,1;,3;
2026/03/17;0600 UTC;0;1002,7;1003,6;1002,7;0;26,3;22,8;26,3;25,4;23,3;22,8;88;81;81;84;1,8;1;
2026/03/17;0700 UTC;0;1002,2;1002,7;1002,2;0;26,5;22,6;26,6;26,3;22,7;22,5;81;79;79;63;2,9;1,5;
2026/03/17;0800 UTC;0;1001,9;1002,2;1001,9;0;26,1;23,2;26,5;26;23,2;22,6;84;79;84;73;2,5;1,4;
2026/03/17;0900 UTC;0;1002,1;1002,1;1001,9;0;26,2;23,6;26,2;26;23,6;23,2;86;84;86;64;2,9;1,5;
2026/03/17;1000 UTC;0;1002,2;1002,4;1002,1;0;26,2;23,7;26,2;26;23,8;23,6;87;86;86;75;3,9;2,1;
2026/03/17;1100 UTC;0;1003,5;1003,5;1002,2;135;26,7;24,1;26,7;26,2;24,2;23,7;88;86;86;56;4,4;1,3;
2026/03/17;1200 UTC;0;1004,4;1004,4;1003,4;816,6;28,3;23,9;28,3;26,7;24,3;23,7;86;77;77;63;4,9;2,2;
2026/03/17;1300 UTC;0;1005,4;1005,4;1004,4;1022,1;29,3;23,7;29,6;28,3;24,3;23,7;78;72;72;60;6,1;2,8;
2026/03/17;1400 UTC;0;1005,4;1005,6;1005,3;934,7;29,6;23,8;29,8;29;24,1;23,6;74;71;71;39;7,3;3,8;
2026/03/17;1500 UTC;0;1005;1005,4;1005;1478,8;30,2;24,1;30,6;29,5;24,5;23,6;72;69;70;28;8,4;2,2;
2026/03/17;1600 UTC;0;1004,4;1005;1004,4;785,9;29,1;23,9;30,3;29,1;24,3;23,5;74;68;74;36;7,5;3,3;
2026/03/17;1700 UTC;0;1003,8;1004,5;1003,8;180,5;28,1;23,8;29;27,9;24,5;23,1;80;73;78;76;7,1;2,8;
2026/03/17;1800 UTC;0;1002,6;1003,9;1002,6;151,5;26,3;23,6;28,1;26,3;24,2;23,6;86;78;85;68;9,5;2,7;
2026/03/17;1900 UTC;0;1001,8;1002,7;1001,8;239,1;26,2;23,7;26,7;26,2;23,7;23,3;86;82;86;67;6,6;2,2;
2026/03/17;2000 UTC;,2;1001,7;1001,8;1001,3;215,7;26,2;24,1;26,2;26;24,2;23,6;89;86;88;80;4,8;1,4;
2026/03/17;2100 UTC;0;1000,4;1001,7;1000,4;139,8;26,4;24;26,4;26,2;24,2;23,9;89;86;87;66;4,2;1,6;
2026/03/17;2200 UTC;0;1000,6;1000,6;1000,1;86;26,3;24;26,5;26,3;24,2;23,9;88;86;87;73;3,6;1,5;
2026/03/17;2300 UTC;0;1001,8;1001,8;1000,5;1,3;26,1;24,3;26,3;26,1;24,3;24;90;87;90;73;3,4;1,5;
2026/03/18;0000 UTC;0;1003,4;1003,4;1001,8;0;26,2;24,4;26,2;26,1;24,5;24,3;91;90;90;135;3;,8;
2026/03/18;0100 UTC;0;1004,3;1004,3;1003,4;0;26,2;24,6;26,3;26,1;24,6;24,4;91;90;91;79;2,3;,1;
2026/03/18;0200 UTC;0;1005,2;1005,2;1004,3;0;26,1;24,6;26,2;25,8;24,7;24,5;93;91;92;135;1,6;,7;
2026/03/18;0300 UTC;0;1005,3;1005,4;1005,2;,1;26,3;24,7;26,3;26;24,7;24,6;92;91;91;66;1,7;,7;
2026/03/18;0400 UTC;0;1003,9;1005,3;1003,9;0;25,1;23;26,3;24,9;24,8;23;92;88;88;56;3,6;1,4;
2026/03/18;0500 UTC;0;1003,3;1003,9;1003,3;0;25,3;23,3;25,4;25,1;23,5;23;89;87;89;29;3;,8;
2026/03/18;0600 UTC;0;1002,8;1003,3;1002,8;0;25,5;23,6;25,5;25,2;23,6;23,3;90;89;89;76;2,6;1,2;
2026/03/18;0700 UTC;0;1002,5;1002,8;1002,4;0;24,8;23,6;25,5;24,8;23,6;23,5;93;89;93;141;2,5;,3;
2026/03/18;0800 UTC;0;1002,7;1002,8;1002,5;0;24,7;23,8;24,9;24,7;23,8;23,6;95;93;95;88;,8;,3;
2026/03/18;0900 UTC;0;1002,5;1002,7;1002,4;0;25,6;23,9;25,7;24,7;24,1;23,8;95;90;90;80;2,9;1,3;
2026/03/18;1000 UTC;0;1002,9;1002,9;1002,3;0;25,4;24,3;25,7;25,4;24,3;23,9;93;90;93;23;2,9;,5;
2026/03/18;1100 UTC;0;1003,7;1003,7;1002,9;66,6;25,8;24,2;25,8;25,4;24,3;24,2;93;91;91;83;3,4;1,5;
2026/03/18;1200 UTC;0;1004,6;1004,6;1003,7;333,4;26,6;24,4;26,6;25,8;24,5;24;91;88;88;70;4,3;1,8;
2026/03/18;1300 UTC;0;1004,9;1004,9;1004,5;1277,2;28,1;23,4;28,7;26,6;24,8;23,4;88;75;76;49;7,1;3,5;
2026/03/18;1400 UTC;0;1005,1;1005,2;1004,9;1339,2;29;23,5;29,1;28,1;24,1;23,3;77;72;72;45;7,1;3,4;
2026/03/18;1500 UTC;0;1005,1;1005,2;1005;1811,7;29,2;22,8;30,2;28,9;24;22,8;73;67;68;48;7,9;3,3;
2026/03/18;1600 UTC;0;1004,8;1005,1;1004,8;1258,6;29,5;23,2;29,7;29;23,6;22,7;71;68;69;66;7,9;3;
2026/03/18;1700 UTC;0;1003,9;1004,8;1003,9;896,1;29,2;23,4;29,5;28,8;23,5;22,7;72;68;71;48;7,4;3,1;
2026/03/18;1800 UTC;0;1002,1;1003,8;1002,1;1686,5;29,9;23,2;30,9;29,1;24,2;23,2;72;66;68;49;5,7;3,1;
2026/03/18;1900 UTC;0;1001;1002,1;1000,9;1288,5;29,7;23,5;31,7;29,7;24,6;23,1;70;62;70;20;6,1;1,8;
2026/03/18;2000 UTC;0;1001;1001,1;1000,9;258,6;29,6;23,5;29,7;29,3;23,8;23,3;72;69;70;44;5,5;2,4;
2026/03/18;2100 UTC;1,2;1001,1;1001,4;1000,9;139,4;25,3;23,4;29,6;25,1;24,4;23,1;90;70;89;58;9,8;1,9;
2026/03/18;2200 UTC;,2;1001;1001,2;1000,9;68,9;25,6;23,1;25,8;25,1;23,6;22,9;91;85;86;59;3,8;,9;
2026/03/18;2300 UTC;0;1001,5;1001,5;1000,9;2,9;26,6;23,2;26,6;25,5;23,3;23,1;88;81;81;57;2,9;1,4;
2026/03/19;0000 UTC;0;1002,3;1002,3;1001,5;1,4;26,5;23,4;26,8;26,5;23,5;23,2;84;81;84;61;2,8;1,2;
2026/03/19;0100 UTC;0;1004,1;1004,1;1002,3;,1;26,3;23,7;26,5;26,1;23,9;23,4;88;83;86;139;2,2;1,1;
2026/03/19;0200 UTC;0;1004,5;1004,6;1004,1;,2;26,5;23,9;26,6;26,3;24;23,6;87;85;86;85;2;,8;
2026/03/19;0300 UTC;0;1004,4;1004,6;1004,3;0;26,5;24,2;26,5;26,2;24,3;23,9;88;86;87;67;2;1,1;
2026/03/19;0400 UTC;0;1003,8;1004,4;1003,8;0;26,4;24,4;26,5;26,4;24,4;24,2;89;87;89;81;2,5;1,1;
2026/03/19;0500 UTC;0;1003,4;1003,8;1003,4;0;26;24,6;26,4;26;24,7;24,4;92;89;92;114;1,9;,7;
2026/03/19;0600 UTC;0;1002,8;1003,4;1002,8;0;25,7;24,5;26,1;25,7;24,6;24,4;93;91;93;170;2,4;,5;
2026/03/19;0700 UTC;0;1002,3;1002,8;1002,3;0;25,7;24,6;25,8;25,7;24,6;24,4;93;92;93;225;1,9;,3;
2026/03/19;0800 UTC;,6;1002,1;1002,3;1002;0;25,5;24,7;25,8;25,5;24,7;24,6;96;93;96;161;1,7;,5;
2026/03/19;0900 UTC;0;1002,3;1002,3;1002;0;25,3;24,5;25,5;25,3;24,7;24,5;96;95;95;196;2,6;1,2;
2026/03/19;1000 UTC;0;1002,7;1002,7;1002,2;,7;25,3;24,4;25,4;25,2;24,5;24,4;96;94;95;171;3,1;,6;
2026/03/19;1100 UTC;0;1003,8;1003,8;1002,7;87,2;25,9;24,5;25,9;25,3;24,6;24,4;95;92;92;104;2,2;1,1;
2026/03/19;1200 UTC;6;1005,5;1005,5;1003,8;121,7;23,3;22,6;26,2;23,3;24,7;22,5;96;90;96;283;7,2;2;
2026/03/19;1300 UTC;35,6;1005,9;1006,1;1005,5;64,6;22,8;22,5;23,3;22,6;22,6;22,1;98;96;98;256;9,7;1,6;
2026/03/19;1400 UTC;5,6;1006,7;1006,8;1005,9;57,5;23,2;22,8;23,2;22,6;22,8;22,3;98;98;98;258;6;1,7;
2026/03/19;1500 UTC;4,4;1006,7;1006,9;1006,7;99,5;23,2;22,4;23,3;23,1;22,8;22,4;98;95;95;255;8,8;2,8;
2026/03/19;1600 UTC;2,8;1006;1006,8;1006;372,1;23,6;22,5;23,6;23,2;22,7;22,3;96;94;94;256;8;2,4;
2026/03/19;1700 UTC;,8;1005,2;1006;1005,2;569,4;24,2;23,1;24,2;23,5;23,1;22,5;95;92;94;267;6,9;1,3;
2026/03/19;1800 UTC;0;1004,4;1005,2;1004,4;752;24,3;22,4;24,6;24,1;23,3;22,3;94;88;89;257;8,9;2,3;
2026/03/19;1900 UTC;,6;1003,4;1004,4;1003,4;549,2;24,1;22,4;24,3;24;22,8;22,2;92;89;90;255;6,6;1,8;
2026/03/19;2000 UTC;,2;1002,5;1003,4;1002,5;510,9;24,6;22,9;24,6;24,1;22,9;22,3;92;89;90;257;6,6;1,4;
2026/03/19;2100 UTC;0;1002,6;1002,6;1002,4;419,2;25;22,8;25,2;24,6;23,4;22,6;91;87;88;254;4,5;1,2;
2026/03/19;2200 UTC;,2;1002,8;1002,8;1002,6;116,5;24,6;22,8;25;24,6;23;22,6;90;87;90;268;3,1;,6;
2026/03/19;2300 UTC;,2;1003,1;1003,1;1002,8;,8;24,1;23;24,6;24;23,1;22,8;94;90;94;30;1,7;,5;
2026/03/20;0000 UTC;0;1003,4;1003,4;1003,1;0;24;22,7;24,2;24;23,2;22,7;94;92;93;39;2,9;1;
2026/03/20;0100 UTC;0;1004;1004,1;1003,4;0;23,6;22,2;24;23,6;22,7;22,2;93;92;92;48;2,9;1,2;
2026/03/20;0200 UTC;0;1004,2;1004,3;1004;0;23,5;22,1;23,7;23,4;22,3;22,1;92;91;92;41;4,7;2,2;
2026/03/20;0300 UTC;0;1003,9;1004,4;1003,9;0;23,4;22,1;23,5;23,3;22,2;22;93;92;92;53;3,6;1,7;
2026/03/20;0400 UTC;0;1003;1003,9;1003;0;23,3;21,7;23,4;23,2;22,1;21,7;93;91;91;69;4,6;1,6;
2026/03/20;0500 UTC;0;1003;1003,1;1002,8;0;23,1;21,6;23,4;23,1;22;21,6;93;90;91;40;4,5;1,7;
2026/03/20;0600 UTC;0;1002,5;1003;1002,5;0;22,8;21,5;23,1;22,8;21,6;21,4;92;91;92;54;3,6;,8;
2026/03/20;0700 UTC;0;1002,1;1002,7;1001,9;0;22,6;21,5;22,9;22,5;21,6;21,4;94;92;94;63;2,6;,4;
2026/03/20;0800 UTC;0;1001,3;1002,1;1001,3;0;22,7;21,4;22,7;22,5;21,6;21,4;94;92;92;110;1,8;,9;
2026/03/20;0900 UTC;0;1002,2;1002,2;1000,3;0;22,7;21,4;22,9;22,7;21,5;21,4;93;91;93;354;3,8;,3;
2026/03/20;1000 UTC;0;1002,6;1002,7;1002,2;0;22,5;21,6;22,7;22,5;21,7;21,5;94;93;94;16;2,5;,6;
2026/03/20;1100 UTC;0;1004;1004;1002,6;67,9;22,6;21,5;22,6;22,5;21,7;21,5;95;93;94;11;2,5;,5;
2026/03/20;1200 UTC;0;1004,6;1004,7;1003,9;505,7;24,9;22,4;24,9;22,6;22,5;21,5;94;86;86;70;2,6;,4;
2026/03/20;1300 UTC;0;1005;1005,1;1004,6;1314,3;26,5;21,5;26,7;24,7;23,1;21,5;87;74;74;150;2,4;,8;
2026/03/20;1400 UTC;0;1005,2;1005,2;1005;1999,6;28,2;22,7;28,6;26,5;23,5;20,9;75;65;72;261;2,9;1,1;
2026/03/20;1500 UTC;0;1004,7;1005,2;1004,7;2949,5;30,8;22,5;30,8;28,2;23,4;21,3;73;60;61;246;2,7;,8;
2026/03/20;1600 UTC;0;1004;1004,7;1004;3426,9;31,4;22,4;32;30,3;23,6;21,9;64;57;59;281;4,6;1;
2026/03/20;1700 UTC;0;1002,8;1004,1;1002,8;2736,9;30,2;21,1;33;30,2;23;20,9;63;52;59;115;3,8;1,7;
2026/03/20;1800 UTC;0;1001,6;1002,8;1001,6;1662,8;31,5;21,3;31,5;30,2;22,5;20,8;59;54;55;224;4,6;1,7;
2026/03/20;1900 UTC;0;1000,9;1001,6;1000,9;1267,7;31,7;21;33,3;31,4;22,6;20,8;56;50;53;211;4,4;1,3;
2026/03/20;2000 UTC;0;1000,8;1000,9;1000,8;511;29,9;23,2;32,1;29,8;23,3;20,8;68;52;68;108;3,8;1,8;
2026/03/20;2100 UTC;0;1000,8;1000,9;1000,8;213,4;30,2;22,2;30,2;29,7;23,1;22,1;68;62;62;125;4;1,4;
2026/03/20;2200 UTC;0;1000,8;1000,8;1000,7;92,2;29,6;22,6;30,3;29,6;22,7;21,5;66;60;66;73;3,3;,9;
2026/03/20;2300 UTC;0;1001,3;1001,3;1000,8;1,8;28,3;23,6;29,6;28,3;23,7;22,7;76;66;75;47;3,3;1,3;
2026/03/21;0000 UTC;0;1002;1002;1001,3;0;28,3;23,6;28,4;28,1;23,7;23,4;77;75;76;57;2,7;1,1;
2026/03/21;0100 UTC;0;1002,5;1002,5;1002;0;27,9;23,6;28,3;27,9;23,6;23,4;77;75;77;66;2,3;1,3;
2026/03/21;0200 UTC;0;1002,9;1002,9;1002,5;0;27,5;23,6;27,9;27,4;23,6;23,2;80;76;79;63;2,4;,7;
2026/03/21;0300 UTC;0;1003;1003;1002,9;0;27,4;22,7;27,7;27,3;23,7;22,6;80;75;76;74;3;1,3;
2026/03/21;0400 UTC;0;1002,5;1003;1002,5;0;26,6;23,5;27,4;26,6;23,5;22,7;83;76;83;53;2,9;,8;
2026/03/21;0500 UTC;0;1001,8;1002,5;1001,8;0;26,3;23,9;26,7;26,3;23,9;23,5;87;83;87;71;2,5;1,2;
2026/03/21;0600 UTC;0;1001,6;1001,8;1001,5;0;26;23,6;26,3;25,9;24;23,6;89;87;87;80;2,6;1,4;
2026/03/21;0700 UTC;0;1001,6;1001,6;1001,5;0;25,7;22,8;26;25,7;23,6;22,8;87;84;84;78;3,2;1,4;
2026/03/21;0800 UTC;0;1001,5;1001,6;1001,5;0;25,3;22,9;25,7;25,3;22,9;22,7;87;84;87;71;4,4;1,6;
2026/03/21;0900 UTC;0;1001,9;1001,9;1001,5;0;25,1;22,9;25,3;25;23,1;22,9;89;87;88;72;3,7;1,9;
2026/03/21;1000 UTC;0;1002,7;1002,7;1001,9;0;25;22,7;25,1;24,9;22,9;22,7;88;87;87;72;3,6;1,7;
2026/03/21;1100 UTC;0;1003,5;1003,5;1002,6;208,2;25,8;23;25,8;25;23,1;22,6;87;84;84;74;4,4;2,3;
2026/03/21;1200 UTC;0;1004,2;1004,2;1003,5;825,2;27,2;23,5;27,2;25,8;23,6;22,9;85;80;80;72;6;2,1;
2026/03/21;1300 UTC;0;1004,9;1004,9;1004,2;1862,3;29,3;23,7;29,3;27,1;24,1;23,2;80;72;72;74;6,6;2,6;
2026/03/21;1400 UTC;0;1005,2;1005,3;1004,9;2552,3;30,5;23,8;30,8;28,9;24,4;23;73;66;67;50;7;2,8;
2026/03/21;1500 UTC;0;1004,6;1005,2;1004,6;2715,6;31,2;23,2;32;29,8;24,1;22,6;69;59;63;57;6;2,2;
2026/03/21;1600 UTC;0;1003,6;1004,6;1003,6;3717,4;31,8;23,8;33,4;31,2;24,5;22,2;63;57;63;85;5,3;2,4;
2026/03/21;1700 UTC;0;1002,4;1003,6;1002,4;2462,7;33,1;22,2;33,3;31;24;21,7;64;53;53;62;6;2,4;
2026/03/21;1800 UTC;0;1001,3;1002,4;1001,3;2667,6;32,6;23,6;33,7;32,3;24;21,6;60;52;59;101;6,4;2,9;
2026/03/21;1900 UTC;0;1000,6;1001,3;1000,6;1206,4;33,1;23,4;33,3;31,9;24,1;22,9;61;56;57;83;7,1;2,6;
2026/03/21;2000 UTC;0;1000,6;1000,6;1000,4;357;32,5;23,4;33,3;32,4;23,8;23;60;56;59;104;6,9;1,8;
2026/03/21;2100 UTC;0;1000,8;1000,8;1000,5;138;32,1;22,9;32,7;32;23,6;22,9;61;57;59;110;5;1,7;
2026/03/21;2200 UTC;0;1000,9;1000,9;1000,7;66,1;31,5;23;32,1;31,5;23,2;22,8;61;59;61;74;4,9;1,7;
2026/03/21;2300 UTC;0;1001,3;1001,3;1000,9;2,2;30,8;23,2;31,5;30,6;23,3;22,8;65;60;64;74;3,2;1,3;
2026/03/22;0000 UTC;0;1001,9;1001,9;1001,3;0;30,2;23,9;30,8;30,1;23,9;23,2;69;64;69;78;3,1;1,4;
2026/03/22;0100 UTC;0;1002,5;1002,5;1001,9;0;29,5;24,8;30,2;29,5;24,8;23,9;76;69;76;77;3,4;1,7;
2026/03/22;0200 UTC;0;1003;1003;1002,5;0;29,3;24,2;29,5;29,3;24,9;24,2;76;74;74;74;3,5;1,9;
2026/03/22;0300 UTC;0;1003,2;1003,2;1003;0;28,7;24,3;29,3;28,7;24,3;24;77;73;77;75;4,3;1,7;
2026/03/22;0400 UTC;0;1002,8;1003,2;1002,8;0;28,2;23,6;28,7;28,2;24,3;23,5;78;74;76;63;4,8;1,7;
2026/03/22;0500 UTC;0;1002,4;1002,8;1002,4;0;27,7;22,9;28,2;27,7;23,7;22,9;78;74;75;70;4,5;1,6;
2026/03/22;0600 UTC;0;1001,9;1002,4;1001,8;0;27,1;23,1;27,7;27,1;23,1;23;79;75;79;75;3,4;1,8;
2026/03/22;0700 UTC;0;1001,8;1001,9;1001,8;0;26,9;23,6;27,1;26,9;23,6;23,1;82;79;82;79;3,4;1,7;
2026/03/22;0800 UTC;0;1001,8;1001,8;1001,7;0;26,7;23,3;26,9;26,6;23,7;23,3;84;82;82;83;4,1;1,9;
2026/03/22;0900 UTC;0;1002,1;1002,1;1001,7;0;26,3;23,3;26,7;26,3;23,3;23,2;84;81;84;57;4,1;1,3;
2026/03/22;1000 UTC;0;1002,7;1002,7;1002,1;,1;26,2;23,3;26,4;26,1;23,5;23,2;85;84;84;66;3,4;1,4;
2026/03/22;1100 UTC;0;1003,7;1003,7;1002,7;197,4;26,8;23,1;26,8;26;23,4;23;85;80;80;70;3,5;1,8;
2026/03/22;1200 UTC;0;1004,3;1004,3;1003,6;1111,1;28,3;23,6;28,4;26,8;24;23,1;80;76;76;71;5,7;2,8;
2026/03/22;1300 UTC;0;1004,8;1004,8;1004,3;2054,4;30;23,9;30,1;28,3;24,2;23,4;76;69;70;88;6,6;2,8;
2026/03/22;1400 UTC;0;1005;1005,1;1004,8;2777,2;30,8;23,9;31,1;29,8;24,2;23,5;70;66;67;63;6,3;2,2;
2026/03/22;1500 UTC;0;1004,1;1005;1004,1;3233;32,9;24,9;32,9;30,7;24,9;23,5;68;61;63;61;6,1;2,1;
2026/03/22;1600 UTC;0;1003,3;1004,1;1003,3;3403,7;32,8;24,1;34;32,1;25;23,7;63;57;60;57;4,8;1,8;
2026/03/22;1700 UTC;0;1002,4;1003,3;1002,3;2730,4;33;23,6;34,4;32,4;24,8;23,4;62;54;58;84;6,2;1,9;
2026/03/22;1800 UTC;0;1001,6;1002,4;1001,6;1101,7;32,5;23,2;34,1;32,4;24,4;23;61;55;58;77;6,2;2,4;
2026/03/22;1900 UTC;0;1000,7;1001,6;1000,7;801,2;33,5;23,5;34,6;32,3;24,6;22,7;61;53;56;138;5,4;1,4;
2026/03/22;2000 UTC;0;1000,1;1000,7;1000;251,4;33,6;23,2;33,9;32,9;23,6;22,5;59;52;55;90;5,2;1,9;
2026/03/22;2100 UTC;0;1000;1000,1;1000;130,2;32,9;23,2;33,6;32,9;23,6;22,5;58;54;57;75;4,3;2,1;
2026/03/22;2200 UTC;0;999,8;1000;999,7;67,6;32,1;23,2;33;32,1;23,5;22,9;60;56;59;57;4;1,5;
2026/03/22;2300 UTC;0;1000,3;1000,3;999,8;2,1;31,5;23,6;32,1;31,5;23,7;23,1;63;59;63;69;2,9;1,5;
2026/03/23;0000 UTC;0;1000,8;1000,8;1000,3;0;30,9;23,9;31,5;30,9;23,9;23,6;67;63;67;68;2,8;1,2;
2026/03/23;0100 UTC;0;1001,9;1001,9;1000,8;0;30,2;24,2;30,9;30,2;24,3;23,9;70;66;70;72;2,9;,8;
2026/03/23;0200 UTC;0;1002,2;1002,2;1001,9;0;30;24;30,4;29,9;24,4;24;72;70;70;65;2,5;1,4;
2026/03/23;0300 UTC;0;1002,5;1002,6;1002,2;0;29,5;24,3;30;29,5;24,3;24,1;74;70;74;72;2,6;,9;
2026/03/23;0400 UTC;0;1002,5;1002,6;1002,5;0;29,4;24;29,6;29,3;24,4;24;75;72;73;75;3,1;1,2;
2026/03/23;0500 UTC;0;1001,9;1002,5;1001,9;0;28,6;24,8;29,4;28,6;24,8;24;80;73;80;44;2,6;1,2;
2026/03/23;0600 UTC;0;1001,7;1001,9;1001,6;0;28,4;25,2;28,6;28,2;25,2;24,7;83;80;83;63;1,9;1,1;
2026/03/23;0700 UTC;0;1001,4;1001,8;1001,4;0;28;25,1;28,4;28;25,2;25,1;84;83;84;78;2,7;1,4;
2026/03/23;0800 UTC;0;1001,5;1001,5;1001,2;0;27,8;24,4;28;27,8;25,1;24,4;84;81;82;74;3,9;1,7;
2026/03/23;0900 UTC;0;1001,9;1001,9;1001,5;0;27,5;24;27,8;27,5;24,5;24;83;80;81;67;3,6;1,5;
2026/03/23;1000 UTC;0;1002,7;1002,7;1001,9;,1;27,3;23,5;27,6;27,2;24;23,5;83;80;80;78;3,8;2;
2026/03/23;1100 UTC;0;1003,5;1003,5;1002,7;94;27,5;24,1;27,5;27,2;24,1;23,5;82;80;82;65;4,1;1,6;
2026/03/23;1200 UTC;0;1004;1004;1003,5;968,1;29,2;24,4;29,4;27,5;24,5;24;82;74;75;77;5,7;2,7;
2026/03/23;1300 UTC;0;1004,6;1004,7;1004;1239,7;28,8;25,2;29,8;28,4;25,4;24,3;81;74;81;109;5,7;2,3;
2026/03/23;1400 UTC;0;1004;1004,6;1003,9;2741,3;30,9;24,5;31,3;28,8;25,4;24,2;81;67;69;64;6,6;3,4;
2026/03/23;1500 UTC;0;1003,8;1004,1;1003,8;3091,5;32,6;25,3;32,6;30,9;25,6;24,4;70;65;66;76;6,4;2,2;
2026/03/23;1600 UTC;0;1003,3;1003,9;1003,3;2930,9;32,8;25,2;33,7;31,6;25,9;24,5;69;62;64;109;6,5;2,9;
2026/03/23;1700 UTC;0;1002,4;1003,3;1002,4;2340,5;31,2;24,9;33,3;31,2;25,7;24,4;69;63;69;50;6,5;1,4;
2026/03/23;1800 UTC;0;1001,3;1002,8;1001,2;763,1;29,6;21,6;31,2;27,9;25,1;21,1;70;61;62;357;5,6;1,1;
2026/03/23;1900 UTC;0;1000,2;1001,3;1000,1;1144,4;30;22,2;30,4;29,1;22,2;20,3;63;58;63;44;5,6;2,7;
2026/03/23;2000 UTC;0;999,1;1000,2;999;734,4;30,5;21,5;30,9;29,9;23,2;21;65;56;59;56;5,9;1,5;
2026/03/23;2100 UTC;0;999,3;999,3;999;311,7;30;21,8;30,7;30;22,3;21,2;63;57;62;44;3,6;1,5;
2026/03/23;2200 UTC;0;999,3;999,3;999,1;102,2;30;21;30,4;29,7;22,4;20,3;64;55;59;53;3,6;1,2;
2026/03/23;2300 UTC;0;1000,1;1000,1;999,3;1;28,8;22,4;30;28,5;22,9;21,1;71;59;69;166;2,2;,4;
2026/03/24;0000 UTC;0;1001,4;1001,4;1000,1;0;29,1;24,3;29,9;28,8;24,5;22,5;76;69;75;103;2,6;1;
2026/03/24;0100 UTC;0;1002,1;1002,2;1001,4;0;28,6;24,5;29,1;28,4;24,9;24,4;81;76;78;115;2,8;1,3;
2026/03/24;0200 UTC;0;1002,6;1002,6;1001,8;0;28,6;24,3;28,8;28,5;24,4;24,1;78;76;78;119;4,2;1,1;
2026/03/24;0300 UTC;0;1002,8;1003,1;1002,6;0;28,3;24,6;28,7;28,3;25,1;24,4;82;78;81;82;5;1,5;
2026/03/24;0400 UTC;0;1002,5;1002,9;1002,5;0;27,8;24,8;28,3;27,8;24,8;24,6;84;81;84;68;4,2;1,4;
2026/03/24;0500 UTC;0;1001,8;1002,5;1001,7;0;27,7;24,9;27,8;27,6;24,9;24,8;85;84;85;96;3,8;1;
2026/03/24;0600 UTC;0;1001,6;1001,8;1001,4;0;27,4;25,1;27,7;27,2;25,2;24,9;88;85;87;107;2,6;1,2;
2026/03/24;0700 UTC;0;1001,4;1001,6;1001,2;0;27;24,7;27,4;27;25,1;24,7;87;86;87;90;4,4;1,1;
2026/03/24;0800 UTC;0;1001,9;1001,9;1001,4;0;26,6;24,8;27;26,5;24,8;24,7;90;87;90;131;3,5;1;
2026/03/24;0900 UTC;0;1002,2;1002,2;1001,9;0;26,4;24,8;26,6;26,2;24,9;24,7;92;90;91;102;3,1;1,1;
2026/03/24;1000 UTC;0;1002,4;1002,4;1002;0;26,2;24,5;26,3;26,2;24,8;24,4;91;90;91;83;4,4;1,5;
2026/03/24;1100 UTC;0;1003,5;1003,5;1002,4;205,9;27,2;24,7;27,2;26,1;24,7;24,4;91;86;87;90;4;1,8;
2026/03/24;1200 UTC;0;1004,1;1004,1;1003,5;624,3;28,1;25,3;28,2;27;25,4;24,6;88;84;85;80;4,5;1,9;
2026/03/24;1300 UTC;0;1004,5;1004,5;1004;1581;30,3;24,3;30,4;28;25,4;24,1;85;70;70;70;5,2;2,2;
2026/03/24;1400 UTC;0;1004,8;1004,9;1004,5;2602,1;31,4;24,4;31,7;29,9;25,1;23,7;71;66;67;78;6;2,6;
2026/03/24;1500 UTC;0;1004,3;1004,8;1004,3;3038,4;32,4;24,6;32,4;31,2;24,9;24,2;68;63;64;72;6,5;2,6;
2026/03/24;1600 UTC;0;1003,4;1004,3;1003,4;2502,5;32,6;24,9;33,1;32;25,2;24,1;65;62;64;75;6,7;2,2;
2026/03/24;1700 UTC;0;1002;1003,4;1002;1296,7;31,1;24,6;33,5;31,1;25,4;24;68;60;68;155;6,6;1,5;
2026/03/24;1800 UTC;12,4;1000,6;1002,1;1000,6;216,4;26,7;23,2;31;25,5;25,1;22,4;94;69;81;116;7,3;3;
2026/03/24;1900 UTC;,2;999,5;1000,6;999,1;778,8;32,8;24,8;32,8;26,6;25,1;22,3;82;60;63;71;7,1;1,2;
2026/03/24;2000 UTC;0;998,5;999,5;998,5;559,2;29,7;25,4;33,1;29,7;25,9;24,4;78;61;78;143;5,1;1,6;
2026/03/24;2100 UTC;0;999,8;999,8;998,2;290,7;28,6;22,7;29,7;28,6;25,4;22,6;79;70;70;285;4,8;1,2;
2026/03/24;2200 UTC;0;999,4;1000;999,4;127,4;29;22,3;29;28,2;23;21,6;72;67;67;114;4,6;1,3;
2026/03/24;2300 UTC;0;1000,9;1000,9;999,4;1,4;29,2;23,9;29,2;28,7;23,9;22,2;74;66;73;61;4;1,5;
2026/03/25;0000 UTC;0;1002;1002;1000,9;0;27,6;22,2;29,2;27,6;24,2;21,8;76;71;72;29;5,7;2,6;
2026/03/25;0100 UTC;0;1003;1003;1001,9;0;27,1;22,9;27,6;27;23,3;22,3;80;72;78;281;5,1;,5;
2026/03/25;0200 UTC;0;1003,9;1003,9;1002,8;0;26,1;23,1;27,1;26,1;23,2;22,7;84;78;84;283;1,9;,4;
2026/03/25;0300 UTC;24,6;1004,3;1005,1;1003,9;,1;23,9;23,4;26,4;23,8;23,9;23,1;97;82;97;210;5,6;1,1;
2026/03/25;0400 UTC;2;1002,7;1004,3;1002,7;0;24,8;24;24,8;23,9;24;23,3;97;95;95;58;3,1;1,5;
2026/03/25;0500 UTC;2;1002,1;1002,7;1002,1;0;26;23,7;26,2;24,8;24;23,7;95;87;88;90;4;1,9;
2026/03/25;0600 UTC;0;1001,3;1002,1;1001,3;2,8;26,1;23,7;26,1;25,6;23,9;23,5;89;86;87;82;4,3;2,1;
2026/03/25;0700 UTC;0;1001,4;1001,4;1001,1;3,4;25,7;24;26,3;25,7;24;23,6;90;86;90;44;5,3;,8;
2026/03/25;0800 UTC;0;1001,5;1001,6;1001,3;1;26;24,1;26,1;25,5;24,4;24,1;93;89;89;120;2,4;,9;
2026/03/25;0900 UTC;0;1001,9;1001,9;1001,4;1,4;26;24;26,1;25,8;24,2;23,9;90;88;89;118;2,6;,8;
2026/03/25;1000 UTC;0;1002;1002,1;1001,8;1,5;26,1;24;26,1;26;24,1;23,9;89;88;88;141;3,5;1,3;
2026/03/25;1100 UTC;0;1002,5;1002,5;1002;114,3;26,4;24,2;26,4;26;24,2;23,9;89;88;88;108;3,6;1,3;
2026/03/25;1200 UTC;0;1003,5;1003,5;1002,5;603,6;27,8;25;27,8;26,4;25,1;24,2;88;85;85;113;3,7;1,4;
2026/03/25;1300 UTC;0;1003,6;1003,7;1003,5;1635,6;29,1;24,9;29,6;27,8;25,7;24,9;85;77;78;100;5,3;2,1;
2026/03/25;1400 UTC;0;1003,9;1003,9;1003,6;1375,9;29,9;25,1;30,8;28,6;26,2;24,5;81;73;76;86;5,8;2,5;
2026/03/25;1500 UTC;0;1003,6;1004;1003,6;1584;30,4;25,2;31,2;29,7;25,9;24,8;77;70;74;108;6,4;2,1;
2026/03/25;1600 UTC;2,6;1003;1003,6;1002,9;579,8;26,8;25,4;30,6;26,8;25,4;24,6;92;71;92;347;6,8;1;
2026/03/25;1700 UTC;,8;1002,4;1003;1001,9;791;28,6;26,7;28,6;26,3;26,9;24,9;94;88;90;307;3,8;,6;
2026/03/25;1800 UTC;,4;1002,8;1002,8;1002;217;27,2;24,2;28,6;27,1;26,5;24,2;92;83;83;265;3,8;,8;
2026/03/25;1900 UTC;24,4;1004,4;1004,8;1002,8;15,9;22,9;22,5;27,2;22,5;23,9;22;98;81;98;244;12,2;1,8;
2026/03/25;2000 UTC;11;1004,3;1004,4;1003,7;15,4;22,4;21,9;23,1;22,4;22,7;21,9;98;96;97;234;10,3;3,1;
2026/03/25;2100 UTC;4,6;1004,5;1004,8;1004,3;12,7;22,5;21,7;22,6;22,4;22,2;21,7;98;96;96;227;7,1;2,3;
2026/03/25;2200 UTC;2,4;1003,9;1004,5;1003,9;8;22,7;21,9;22,7;22,5;21,9;21,6;96;95;96;235;6,8;2,3;
2026/03/25;2300 UTC;,4;1004,8;1004,8;1003,9;,1;22,8;22;22,9;22,6;22,1;21,8;96;95;95;158;5,6;,8;
2026/03/26;0000 UTC;2,4;1004,6;1004,9;1004,6;0;22,8;22,2;22,9;22,7;22,3;22;97;95;96;72;2,7;1,7;
2026/03/26;0100 UTC;0;1003,3;1004,6;1003,3;0;22,9;22,1;22,9;22,8;22,2;22;96;95;95;76;4,6;2;
2026/03/26;0200 UTC;0;1003,8;1003,8;1002,9;1,2;23,1;22,1;23,3;22,9;22,4;22;95;93;94;78;5,4;2,3;
2026/03/26;0300 UTC;0;1004,9;1005,1;1003,8;,2;23,3;22,5;23,3;23,1;22,5;22,1;96;94;95;348;4,3;,6;
2026/03/26;0400 UTC;,4;1004,1;1004,9;1004,1;0;23;22,4;23,3;23;22,7;22,4;96;95;96;45;2,6;,8;
2026/03/26;0500 UTC;0;1003;1004,1;1003;0;23,6;22,8;23,6;23;22,8;22,4;96;95;95;102;4,4;1,8;
2026/03/26;0600 UTC;0;1003,1;1003,3;1003;,1;23,7;22,9;23,8;23,6;22,9;22,8;96;94;95;18;3,7;1;
2026/03/26;0700 UTC;0;1002,6;1003,1;1002,5;0;23,6;22,7;23,7;23,5;22,9;22,7;96;95;95;79;3,5;2;
2026/03/26;0800 UTC;0;1002,5;1002,5;1002,3;,2;23,8;22,6;23,9;23,6;22,8;22,3;95;91;93;66;3,7;1,5;
2026/03/26;0900 UTC;0;1003,2;1003,2;1002,5;0;23,4;22,8;23,8;23,3;22,8;22,6;97;93;97;305;2,8;,2;
2026/03/26;1000 UTC;0;1003,4;1003,4;1003,2;,1;23,3;22,5;23,4;23,2;22,8;22,5;97;96;96;73;2,2;,9;
2026/03/26;1100 UTC;0;1004,2;1004,2;1003,4;60,8;23,7;22,7;23,8;23,2;22,8;22,5;96;94;94;31;1,8;,9;
2026/03/26;1200 UTC;0;1005,2;1005,2;1004,2;366;25;22,4;25,1;23,7;23,1;22,3;94;85;85;119;2,2;,6;
2026/03/26;1300 UTC;0;1006;1006;1005,2;723,8;25,6;22,8;25,8;24,9;23;22,1;87;82;85;125;2,2;1,2;
2026/03/26;1400 UTC;0;1005,9;1006;1005,8;1165;26,7;22,7;27,2;25,6;23,2;22,3;84;76;79;123;2,9;1;
2026/03/26;1500 UTC;0;1005,1;1005,9;1005,1;2382,3;28,9;23,6;29,1;26,4;23,7;22,5;81;69;73;82;4,2;1,7;
2026/03/26;1600 UTC;0;1003,9;1005,1;1003,9;3494,9;29,6;23,1;30;28,7;24,2;22,8;74;66;68;80;7,1;3,3;
2026/03/26;1700 UTC;0;1003;1003,9;1003;3115,3;30,2;23,4;30,5;29,7;23,9;22,8;70;65;67;97;7,1;2,5;
2026/03/26;1800 UTC;0;1001,8;1003;1001,8;2559,5;31;23,4;31,7;30;24,4;22,9;69;62;64;136;6,1;2,2;
2026/03/26;1900 UTC;0;1000,7;1001,8;1000,7;1018,5;31,7;23,7;31,8;30,5;24,1;22,8;67;61;63;83;6;2,1;
2026/03/26;2000 UTC;0;1000;1000,7;1000;420,3;31,2;23,5;32,1;30,7;24;22,7;65;59;64;75;5,6;2,3;
2026/03/26;2100 UTC;0;999,6;1000;999,5;171,7;30,6;22,8;31,2;30,6;23,5;22,8;65;63;63;130;6,2;2;
2026/03/26;2200 UTC;0;1000,3;1000,3;999,6;76,1;30,5;23,2;30,8;30,5;23,3;22,7;65;62;65;66;5,5;1,8;
2026/03/26;2300 UTC;0;1000,9;1000,9;1000,2;1,2;29,8;23,4;30,5;29,6;23,5;23;69;65;69;39;4,4;1,2;
2026/03/27;0000 UTC;0;1001,7;1001,7;1000,9;0;28,4;23,8;29,8;28,4;24;23,4;77;69;76;56;2,2;,5;
2026/03/27;0100 UTC;0;1002,3;1002,3;1001,7;0;27,8;24,2;28,7;27,8;24,4;23,9;82;76;81;85;1,7;,6;
2026/03/27;0200 UTC;0;1003,5;1003,5;1002,3;0;28,7;23,8;28,8;27,5;24,5;23,7;83;74;75;82;2,4;,8;
2026/03/27;0300 UTC;0;1003,9;1003,9;1003,5;0;28,5;24,2;28,8;28,5;24,2;23,8;78;74;78;79;2,6;1,3;
2026/03/27;0400 UTC;0;1003,6;1003,9;1003,6;0;28,2;24,5;28,5;27,5;24,6;24,2;84;78;80;83;2,3;1;
2026/03/27;0500 UTC;0;1002,9;1003,6;1002,9;0;27,8;24,6;28,3;27,8;24,7;24,5;83;80;83;69;2,4;1,2;
2026/03/27;0600 UTC;0;1002,7;1002,9;1002,7;0;27,4;24;27,8;27,4;24,6;24;83;82;82;78;2,4;1,2;
2026/03/27;0700 UTC;0;1002,5;1002,7;1002,5;0;27,1;23,9;27,4;27,1;24,1;23,9;83;82;83;79;2,8;,8;
2026/03/27;0800 UTC;0;1002,5;1002,6;1002,4;0;26,8;24,5;27,2;26,7;24,6;23,8;88;82;88;109;2,1;,5;
2026/03/27;0900 UTC;0;1003;1003;1002,4;0;26,4;24,9;26,7;26,2;24,9;24,5;92;88;91;69;1,6;,7;
2026/03/27;1000 UTC;0;1003,3;1003,5;1003;,1;26,2;24,7;26,4;25,9;24,9;24,7;93;91;91;122;1,7;,9;
2026/03/27;1100 UTC;0;1004;1004;1003,3;176;27,3;24,4;27,3;26;25;24,2;93;84;84;122;2,4;,9;
2026/03/27;1200 UTC;0;1004,1;1004,2;1004;1041,5;28,7;24,5;28,7;27,3;24,7;24,1;84;78;78;119;4,2;1,5;
2026/03/27;1300 UTC;0;1004,8;1004,8;1004,1;1967,7;30,1;24,3;30,2;28,5;25,1;24;79;70;71;102;4,8;2,2;
2026/03/27;1400 UTC;0;1005,1;1005,2;1004,8;2393,8;30,4;24,2;31,4;29,9;25,1;24;72;67;70;80;5,5;2,7;
2026/03/27;1500 UTC;0;1004,5;1005,1;1004,5;2729,4;31,2;24,1;31,8;29,9;24,9;23,6;72;64;66;97;6,8;2,8;
2026/03/27;1600 UTC;0;1003,2;1004,5;1003,2;3092;32,3;23,4;32,8;31,2;25,1;23,4;68;59;59;73;7;3,1;
2026/03/27;1700 UTC;0;1001,9;1003,2;1001,9;3552,4;32,6;23,1;33;31,9;24,1;22,8;63;56;57;96;7,9;3,5;
2026/03/27;1800 UTC;0;1000;1001,9;1000;2617;32,7;23,4;33,4;32,4;24,4;22,9;61;56;58;76;7,2;3,6;
2026/03/27;1900 UTC;0;999,1;1000;999;1141,2;32,8;23,7;33,5;32,1;24,2;23;62;56;59;105;7,2;2;
2026/03/27;2000 UTC;0;998,7;999,2;998,7;416,6;32,5;22,7;33,2;32,3;24,2;22,5;60;55;57;86;6,4;2,7;
2026/03/27;2100 UTC;0;998,6;998,7;998,4;202,1;31,9;23;32,6;31,9;23,1;22;59;54;59;84;6,4;2,4;
2026/03/27;2200 UTC;0;999,5;999,5;998,6;91;31,3;23,1;32;31,3;23,2;22,8;62;58;62;67;5,7;1,8;
2026/03/27;2300 UTC;0;1000,7;1000,7;999,5;,7;31;23,6;31,3;30,9;23,6;23,2;65;62;65;78;3,8;1,3;
2026/03/28;0000 UTC;0;1001,4;1001,4;1000,5;0;30,7;22,9;31;30,6;23,6;22,8;66;62;63;86;3,7;1,3;
2026/03/28;0100 UTC;0;1003,2;1003,2;1001,4;0;30,6;23,2;30,7;30,4;23,2;22,9;65;63;65;64;3,4;1,5;
2026/03/28;0200 UTC;0;1003,4;1003,5;1003,2;0;29,8;24;30,6;29,7;24;23,2;71;64;71;59;3,2;1,3;
2026/03/28;0300 UTC;0;1003,7;1003,8;1003,3;0;28,7;23,9;29,8;28,7;24,2;23,4;75;71;75;54;5,3;1,9;
2026/03/28;0400 UTC;0;1003,3;1004;1003,3;0;28,2;23,4;28,8;28,2;24;23,3;76;73;75;54;6,1;2,3;
2026/03/28;0500 UTC;0;1004;1004,3;1003,3;0;27,3;24,2;28,2;27,3;24,2;23,3;84;75;84;193;5,1;1,3;
2026/03/28;0600 UTC;0;1003,7;1004,2;1003,7;0;25,7;23,5;27,3;25,7;24,3;23,5;89;84;87;257;4,3;1,2;
2026/03/28;0700 UTC;0;1003,1;1003,7;1003,1;0;25,2;23,2;25,7;25,1;23,3;23;89;87;89;239;4,3;1,4;
2026/03/28;0800 UTC;,2;1003,4;1003,4;1003,1;0;24,6;23,5;25,2;24,6;23,5;23,2;94;89;94;226;2,9;,3;
2026/03/28;0900 UTC;,4;1003,6;1003,6;1003,3;0;24,6;23,9;24,7;24,6;23,9;23,5;96;94;96;340;2,6;,5;
2026/03/28;1000 UTC;,6;1004,4;1004,6;1003,6;0;24,2;23,5;24,6;24,2;24;23,5;96;95;96;345;3,3;,6;
2026/03/28;1100 UTC;,2;1004,5;1004,5;1004,1;19,8;24,1;23,1;24,2;23,9;23,5;23,1;96;94;94;57;2,2;,8;
2026/03/28;1200 UTC;0;1006,3;1006,3;1004,5;106,7;25,1;23,8;25,1;24,1;23,9;23,2;95;92;93;251;3;,8;
2026/03/28;1300 UTC;0;1006,8;1006,8;1006,1;443,9;26,5;24,3;26,7;25;24,7;23,7;93;87;88;269;3,8;,5;
2026/03/28;1400 UTC;0;1006,9;1007;1006,8;1095,8;28,7;24,5;28,8;26,3;25,2;24,2;90;78;78;156;1,9;,6;
2026/03/28;1500 UTC;0;1006,4;1006,9;1006,3;1508,1;28,9;24,9;29,7;28,3;25,4;23,8;81;74;79;234;2,6;,9;
2026/03/28;1600 UTC;0;1005,8;1006,4;1005,8;1270,1;29,8;25;29,8;28,1;25,2;24,2;81;75;75;257;3,6;1,3;
2026/03/28;1700 UTC;6,8;1004,9;1005,8;1004,9;932,7;25,3;24,3;31,1;25,3;25,5;24,3;94;69;94;244;5,1;2;
2026/03/28;1800 UTC;25,6;1004,5;1005,3;1004,5;109,9;23,8;23;25,5;23,8;25;22,6;97;93;95;129;4,4;1;
2026/03/28;1900 UTC;6,2;1003,4;1004,5;1003,3;87,3;25;24,3;25,1;23,8;24,6;23,1;98;95;96;62;2,9;1;
2026/03/28;2000 UTC;2,6;1002,3;1003,9;1002,3;91,9;23,5;22,7;25,2;23,3;24,5;22,4;96;91;96;47;7,8;,8;
2026/03/28;2100 UTC;0;1002,1;1002,3;1001,9;196,2;24,7;24;24,7;23,5;24;22,8;97;95;96;117;2;,3;
2026/03/28;2200 UTC;0;1002,1;1002,1;1001,8;94,5;25;24,3;25,3;24,7;24,6;24;97;94;95;257;2,3;,3;
2026/03/28;2300 UTC;0;1002,3;1002,4;1002,1;1,3;25,3;24,2;25,4;24,8;24,3;24,1;96;93;94;66;2,1;1;
2026/03/29;0000 UTC;0;1003,1;1003,1;1002,3;0;24,8;24,1;25,5;24,8;24,2;23,9;96;92;96;100;2,2;,2;
2026/03/29;0100 UTC;0;1005,1;1005,1;1003,1;0;25,2;24,1;25,5;24,8;24,3;24,1;96;93;94;96;2,2;,6;
2026/03/29;0200 UTC;0;1006,3;1006,3;1005,1;0;25,2;24,4;25,5;25,1;24,5;24,1;95;93;95;115;2,2;,4;
2026/03/29;0300 UTC;0;1006,5;1006,5;1006,2;0;25;24,4;25,4;25;24,5;24,4;97;95;97;67;1,1;,5;
2026/03/29;0400 UTC;0;1006,1;1006,6;1006,1;0;25,1;24,4;25,3;25;24,6;24,4;97;95;96;16;1,5;,2;
2026/03/29;0500 UTC;0;1005,1;1006,1;1005,1;0;25;24,3;25,2;25;24,5;24,3;96;96;96;35;1,3;,4;
2026/03/29;0600 UTC;0;1004,4;1005,1;1004,4;0;24,7;24;25;24,7;24,3;24;96;96;96;69;1,5;,7;
2026/03/29;0700 UTC;0;1003,9;1004,4;1003,8;0;24,6;23,6;25;24,6;24,1;23,6;96;94;94;46;2,1;,4;
2026/03/29;0800 UTC;0;1004;1004;1003,7;0;24,3;23,5;24,6;24,2;23,7;23,5;96;94;96;22;1,6;,3;
2026/03/29;0900 UTC;0;1004,2;1004,3;1003,9;0;24,3;23,5;24,3;24,2;23,6;23,4;96;95;95;31;1;,3;
2026/03/29;1000 UTC;0;1005;1005;1004,2;0;24,2;23,3;24,3;24,2;23,5;23,3;95;94;95;72;1;,3;
2026/03/29;1100 UTC;0;1005,7;1005,7;1005;87,6;24,9;23,8;24,9;24,2;23,9;23,3;95;93;93;353;,8;,3;
2026/03/29;1200 UTC;0;1006,9;1006,9;1005,7;680,4;26,4;23,7;26,6;24,9;24,3;23,5;94;85;85;272;1,9;,6;
2026/03/29;1300 UTC;0;1007,8;1007,8;1006,9;888,5;27,3;24,1;27,6;26,4;24,5;23,3;86;81;83;291;2,1;,7;
2026/03/29;1400 UTC;0;1008,1;1008,2;1007,8;886,3;28;24,2;28;27,2;24,4;23,3;84;77;80;134;2,5;1;
2026/03/29;1500 UTC;0;1007,9;1008,1;1007,9;879,5;28,2;24,1;28,3;27,8;24,5;23,4;81;77;79;165;4;1,2;
2026/03/29;1600 UTC;0;1006,8;1007,9;1006,8;1143,7;28,4;24,1;29,3;28,2;24,9;23,5;80;72;77;170;4;1,3;
2026/03/29;1700 UTC;,2;1005,8;1006,8;1005,8;602,1;26,5;22,7;28,8;26,3;24,5;22,7;85;74;80;120;5,2;1,8;
2026/03/29;1800 UTC;0;1004,5;1005,8;1004,5;645,2;25,9;23;27,5;25,9;23,7;22,6;85;76;84;121;5,3;1,4;
2026/03/29;1900 UTC;0;1003,6;1004,5;1003,6;626,5;26,5;22,7;26,6;25,6;23,3;22,4;86;79;79;126;3,8;1,3;
2026/03/29;2000 UTC;0;1003,8;1003,9;1003,6;567,2;26,6;22,6;26,7;26,3;23,5;22,3;83;78;79;116;4,1;1,7;
2026/03/29;2100 UTC;0;1002,9;1003,8;1002,9;344,4;26,6;22,5;26,8;26,4;22,8;22,2;80;77;78;131;4,1;1,3;
2026/03/29;2200 UTC;0;1002,8;1002,9;1002,7;78,1;25,9;22,4;26,6;25,8;22,8;22,2;82;77;81;176;2,8;,4;
2026/03/29;2300 UTC;0;1003,2;1003,3;1002,8;,9;25,8;22,9;26,1;25,5;22,9;22,5;84;81;84;127;2,2;,8;
2026/03/30;0000 UTC;0;1004,4;1004,4;1003,2;0;25,8;23,3;25,9;25,6;23,3;22,6;87;82;86;84;2,6;1,4;
2026/03/30;0100 UTC;0;1005,3;1005,3;1004,4;0;25,7;23,7;25,9;25,7;23,9;23,3;89;86;89;80;4,2;1,8;
2026/03/30;0200 UTC;0;1005,5;1005,5;1005,2;0;25,8;23;25,9;25,7;23,9;23;89;84;84;85;3,8;1,5;
2026/03/30;0300 UTC;0;1005,7;1005,8;1005,5;0;25,8;23,1;25,9;25,8;23,2;22,8;86;83;85;112;4,5;1,1;
2026/03/30;0400 UTC;0;1005,2;1005,8;1005,2;0;25,7;23,1;25,9;25,7;23,1;22,9;85;84;85;109;3,6;1,1;
2026/03/30;0500 UTC;0;1004,4;1005,2;1004,4;0;25,5;23,4;25,7;25,4;23,5;23,1;89;85;89;78;2,8;1,1;
2026/03/30;0600 UTC;0;1004,1;1004,4;1004;0;25,3;23,6;25,5;25,2;23,6;23,4;91;89;90;95;2,4;,7;
2026/03/30;0700 UTC;0;1004,3;1004,3;1004,1;0;25,2;23,7;25,3;24,8;23,7;23,5;93;90;91;165;1,9;,7;
2026/03/30;0800 UTC;0;1004,6;1004,7;1004,3;0;25,1;23,7;25,3;25;23,7;23,6;92;91;92;52;1,9;,3;
2026/03/30;0900 UTC;0;1004,7;1004,7;1004,6;0;25,4;23,8;25,4;24,9;23,9;23,7;93;91;91;118;1,9;,8;
2026/03/30;1000 UTC;0;1005;1005;1004,5;0;25,3;23,8;25,4;25,3;23,8;23,7;91;91;91;80;2,7;1,1;
2026/03/30;1100 UTC;0;1005,9;1005,9;1005;79;25,6;23,9;25,6;25,3;24,1;23,8;92;90;90;111;2,3;,9;
2026/03/30;1200 UTC;0;1006,9;1006,9;1005,9;226,8;26,3;23,9;26,3;25,6;24,1;23,7;90;86;87;94;3,3;1;
2026/03/30;1300 UTC;0;1007,1;1007,1;1006,9;1100;27,9;23,6;28,3;26,3;24,1;22,7;87;75;77;90;4,4;1,6;
2026/03/30;1400 UTC;0;1007,1;1007,3;1007;1138,4;28,1;23,3;28,6;27,5;24,1;22,7;79;73;75;94;4,7;1,3;
2026/03/30;1500 UTC;0;1006,9;1007,1;1006,9;1728,4;28,8;24;28,9;27,4;24,9;23,3;83;73;75;61;7;2,5;
2026/03/30;1600 UTC;,2;1006;1006,9;1006;1687,5;27,7;24,1;29,2;26,9;25;23,5;88;73;81;82;7;2,1;
2026/03/30;1700 UTC;,4;1004,4;1006;1004,3;1161,6;29,1;24,4;29,1;27,2;24,4;23,4;83;72;76;89;3,9;1,6;
2026/03/30;1800 UTC;0;1002,8;1004,4;1002,8;2098,8;30,7;22,9;31;29,1;24,1;22,8;76;63;63;90;6,3;2,4;
2026/03/30;1900 UTC;0;1002,1;1002,8;1002,1;1338,6;30,7;24,1;31,5;30,4;24,3;23;69;63;68;110;5,7;1,8;
2026/03/30;2000 UTC;0;1001,5;1002,1;1001,5;638,4;30,1;23,4;31;30;24,3;22,7;70;63;68;120;4,7;1;
2026/03/30;2100 UTC;0;1001,6;1001,6;1001,2;226,9;29,2;23,6;30,1;29,2;24,1;23,3;73;67;72;113;4,2;1,3;
2026/03/30;2200 UTC;0;1002,2;1002,2;1001,5;83;28,2;22,9;29,2;28,2;24;22,7;75;72;73;42;5,8;2,4;
2026/03/30;2300 UTC;,4;1002,9;1002,9;1002,2;,1;25,2;23;28,1;25,2;23,3;22,6;88;72;88;348;5,8;,5;
2026/03/31;0000 UTC;0;1003,8;1003,8;1002,9;0;25,5;23,7;25,5;25,2;24,1;23;92;87;90;22;1;,4;
2026/03/31;0100 UTC;0;1004,9;1004,9;1003,8;0;25,8;23,7;25,9;25,5;23,9;23,6;90;88;88;352;3,6;1,2;
2026/03/31;0200 UTC;0;1005,3;1005,5;1004,9;0;25,2;23,2;25,8;25,2;23,7;23,1;89;88;88;9;4,4;1,1;
2026/03/31;0300 UTC;0;1005,2;1005,4;1005,2;0;25;22,7;25,3;25;23,3;22,7;89;87;87;21;5,5;1,5;
2026/03/31;0400 UTC;0;1005;1005,2;1005;0;24,9;22,6;25,1;24,9;22,7;22,5;87;86;87;14;5,5;1,5;
2026/03/31;0500 UTC;0;1003,9;1005;1003,9;0;24,5;22,6;24,9;24,5;22,6;22,5;89;87;89;12;4,2;,4;
2026/03/31;0600 UTC;0;1003;1003,9;1003;0;24,6;22,5;24,7;24,5;22,6;22,4;89;87;88;81;2;1;
2026/03/31;0700 UTC;0;1003;1003;1002,8;0;24,1;22,6;24,7;24,1;22,6;22,5;91;88;91;1;2,4;,3;
2026/03/31;0800 UTC;0;1002,9;1003;1002,9;0;23,9;22,7;24,1;23,8;22,7;22,5;93;91;93;337;1,5;,3;
2026/03/31;0900 UTC;0;1003;1003;1002,7;0;23,6;22,7;23,9;23,6;22,7;22,5;94;93;94;289;1,5;,4;
2026/03/31;1000 UTC;0;1003,2;1003,3;1003;,2;23,5;22,7;23,8;23,5;22,7;22,6;96;93;96;95;1,2;,2;
2026/03/31;1100 UTC;0;1004,2;1004,2;1003,2;98,9;24,2;22,8;24,3;23,4;23;22,7;96;92;92;45;1,7;,6;
2026/03/31;1200 UTC;0;1005,3;1005,3;1004,2;553,6;26,2;23,5;26,2;24,2;23,5;22,8;92;85;85;32;3;1,2;
2026/03/31;1300 UTC;0;1006,3;1006,3;1005,3;887;27,3;23,4;27,7;26,1;24;23,1;85;77;79;320;3,1;,7;
2026/03/31;1400 UTC;0;1006,7;1006,7;1006,3;918,4;28,3;23,8;28,3;27,2;24,2;23;81;75;77;30;3,8;1,2;
2026/03/31;1500 UTC;0;1006,1;1006,7;1006,1;1586;29,3;23,8;29,9;28,1;24,6;23,2;77;70;72;325;3,6;,9;
2026/03/31;1600 UTC;0;1004,5;1006,1;1004,5;2212,6;31;23,7;31,3;29,4;24,6;23,2;74;63;65;21;4;1,2;
2026/03/31;1700 UTC;1;1003;1004,5;1003;1960,2;27,6;24,7;31,1;27,6;25,2;23;87;63;84;47;5;1,8;
2026/03/31;1800 UTC;,6;1001,6;1003;1001,6;802,1;26,6;23,2;28,5;26,3;25;23,1;87;78;82;66;5,2;1,5;
2026/03/31;1900 UTC;,6;1000,9;1001,9;1000,9;282,3;24,6;22,6;26,6;24,6;24,5;22,6;94;82;89;309;4,3;,8;
2026/03/31;2000 UTC;,4;1000;1001;1000;208,5;25,1;23,7;25,1;24,3;23,8;22,3;92;88;92;269;2,5;,6;
2026/03/31;2100 UTC;,4;1000,9;1000,9;1000;188,8;25,2;23,8;25,4;25;24,2;23,6;94;91;92;282;2,1;,5;
2026/03/31;2200 UTC;0;1001,5;1001,5;1000,8;65,8;24,8;23,5;25,2;24,7;23,8;23,4;93;90;93;43;2,1;,5;
2026/03/31;2300 UTC;0;1002,4;1002,4;1001,5;,2;24,8;23,4;24,8;24,7;23,6;23,4;94;92;92;20;1,6;,4;
2026/04/01;0000 UTC;0;1003,7;1003,7;1002,4;0;24,7;22,8;24,8;24,6;23,4;22,8;92;89;89;24;1,4;,5;
2026/04/01;0100 UTC;0;1004,2;1004,2;1003,7;0;24,7;23,3;24,7;24,6;23,3;22,8;92;89;92;11;2;,4;
2026/04/01;0200 UTC;0;1005,3;1005,3;1004,2;0;25,1;23,4;25,1;24,6;23,6;23,3;93;91;91;55;2,6;1,3;
2026/04/01;0300 UTC;0;1005;1005,3;1004,9;0;24,8;23,4;25,1;24,7;23,5;23,3;93;90;92;206;2,8;,5;
2026/04/01;0400 UTC;0;1004,8;1005,2;1004,7;,8;25,1;23,2;25,2;24,8;23,5;23,1;92;88;90;277;2,4;,7;
2026/04/01;0500 UTC;0;1003,6;1005;1003,6;0;24,3;22,6;25,1;24,3;23,3;22,6;91;90;90;289;6,5;1,2;
2026/04/01;0600 UTC;,2;1003,7;1004;1003,4;0;24,3;23;24,4;24;23;22,5;92;90;92;265;4;,7;
2026/04/01;0700 UTC;,8;1003,2;1003,7;1003,1;0;24,1;23;24,3;24,1;23,3;23;95;92;94;118;3,7;1;
2026/04/01;0800 UTC;2;1002,5;1003,2;1002,5;0;23,3;22,6;24,1;23,3;23;22,6;96;94;96;211;3,6;,9;
2026/04/01;0900 UTC;1,4;1002,7;1002,7;1002,4;0;23,2;22,5;23,3;23,1;22,6;22,3;96;95;96;134;2,3;,5;
2026/04/01;1000 UTC;,4;1004,1;1004,1;1002,7;0;23,1;22,5;23,2;23;22,5;22,3;96;95;96;31;1,9;,2;
2026/04/01;1100 UTC;,2;1005,4;1005,4;1004,1;26,3;23,5;22,8;23,5;23;22,8;22,4;97;95;96;50;1,8;,9;
2026/04/01;1200 UTC;3;1006,2;1006,2;1005,4;113,5;23,9;23,2;23,9;23,5;23,2;22,8;96;95;96;58;3,4;1,6;
2026/04/01;1300 UTC;1,8;1007;1007;1006,2;215;24,1;23,1;24,2;23,8;23,3;23;96;94;94;74;3,5;1,9;
2026/04/01;1400 UTC;,2;1007,3;1007,3;1007;609,7;24,8;22,8;25,1;24;23,7;22,6;94;88;88;54;3,9;1,6;
2026/04/01;1500 UTC;,2;1007;1007,3;1007;782,4;25,1;23,2;25,2;24,6;23,4;22,7;92;88;89;53;4,3;1,7;
2026/04/01;1600 UTC;,2;1006,7;1007,1;1006,6;800,4;25,7;23,2;25,7;25,1;23,8;23;91;86;86;53;4,8;2,4;
2026/04/01;1700 UTC;0;1005,8;1006,7;1005,8;1510,5;27,9;23,8;27,9;25,7;24,3;22,8;88;76;78;38;4,5;1,8;
2026/04/01;1800 UTC;0;1004,3;1005,8;1004,3;1583,6;27,5;22,7;28,1;27,2;23,7;22,5;79;74;75;69;5,3;1,8;
2026/04/01;1900 UTC;0;1002,9;1004,3;1002,9;1206,9;28,1;23,2;29,4;27,6;24;22,4;76;69;75;80;4,3;2;
2026/04/01;2000 UTC;0;1002,1;1002,9;1002,1;598,6;27,8;22,5;29,1;27,7;23,6;22,3;76;69;73;48;4,6;2,1;
2026/04/01;2100 UTC;0;1002;1002,2;1001,8;221,8;27,3;22,7;28,5;27,2;23,3;22,4;77;72;76;40;5,2;1,7;
2026/04/01;2200 UTC;0;1002,5;1002,5;1002;38,6;25,5;23,7;27,3;25,5;23,7;22,7;90;76;90;332;3,4;,6;
2026/04/01;2300 UTC;,2;1002,5;1002,6;1002,4;0;24,7;23,4;25,5;24,7;23,7;23,3;93;90;92;351;3,2;,3;
2026/04/02;0000 UTC;0;1003,2;1003,2;1002,5;0;24,6;23,4;24,8;24,6;23,6;23,4;93;92;93;11;2;,6;
2026/04/02;0100 UTC;0;1003,9;1003,9;1003,2;0;24,3;23,1;24,6;24,3;23,4;23;94;92;93;27;2;,3;
2026/04/02;0200 UTC;0;1004,8;1004,8;1003,9;0;24,6;23,2;24,6;24,3;23,3;23;94;91;92;48;1,1;,6;
2026/04/02;0300 UTC;0;1004,7;1005;1004,7;0;24,9;23,3;25,1;24,5;23,3;23,1;92;90;91;90;1,8;,5;
2026/04/02;0400 UTC;0;1004,2;1004,7;1004,2;0;24,5;23,1;25,1;24,5;23,3;23;92;89;92;260;1,7;,2;
2026/04/02;0500 UTC;0;1003,8;1004,2;1003,8;0;24,4;23,2;24,6;24,1;23,3;23,1;95;92;93;27;1,6;,3;
2026/04/02;0600 UTC;0;1003,5;1003,8;1003,5;0;24,5;23,3;24,5;24;23,3;23,1;95;93;93;52;1,5;,8;
2026/04/02;0700 UTC;0;1003,4;1003,5;1003,2;0;24,6;23,3;24,6;24,1;23,3;23,2;95;93;93;67;1,9;,9;
2026/04/02;0800 UTC;0;1003,6;1003,6;1003,4;0;24,5;23,3;24,7;24,5;23,4;23,3;93;92;93;60;4;1,7;
2026/04/02;0900 UTC;0;1004;1004;1003,5;0;24,2;23;24,5;24,2;23,3;23;93;93;93;54;5,4;1,9;
2026/04/02;1000 UTC;0;1004,7;1004,7;1004;,1;24;22,4;24,2;24;23;22,4;93;91;91;51;5,1;2;
2026/04/02;1100 UTC;0;1005,9;1005,9;1004,7;134,1;24,4;22,6;24,4;24;22,6;22,4;91;89;89;52;5,2;2,3;
2026/04/02;1200 UTC;0;1006,9;1006,9;1005,9;338,4;25;22,6;25;24,4;22,7;22,5;90;87;87;71;5,7;1,7;
2026/04/02;1300 UTC;0;1007;1007;1006,8;806,9;26,3;22,6;26,3;25;23;22,3;87;80;80;71;5,2;1,7;
2026/04/02;1400 UTC;0;1007,4;1007,4;1007;2048,2;27,6;22,9;27,9;26,1;23,3;22,3;81;74;76;82;5,7;2,5;
2026/04/02;1500 UTC;0;1006,7;1007,4;1006,7;2734,2;28,5;23;29,2;27,5;23,5;22,4;75;69;72;76;5,7;2,4;
2026/04/02;1600 UTC;0;1005,9;1006,7;1005,9;2440,3;29,1;22,4;29,1;28,2;23,6;21,9;74;66;67;93;5,4;2,6;
2026/04/02;1700 UTC;0;1004,4;1006;1004,4;3061,9;30,6;22,9;30,8;29,1;23,7;21,9;70;61;63;91;5,5;1,9;
2026/04/02;1800 UTC;0;1003,2;1004,4;1003,2;1893,8;30,5;23,1;31,7;30;23,7;22,4;66;59;65;76;5,9;2;
2026/04/02;1900 UTC;0;1002,4;1003,2;1002,4;1042,5;30,3;23;31,2;30,3;23,5;22,3;66;60;65;91;5,2;1,4;
2026/04/02;2000 UTC;0;1001,6;1002,4;1001,6;407,3;30,4;22,8;30,7;29,8;23,2;22,4;66;62;64;78;4,1;1,5;
2026/04/02;2100 UTC;0;1001,3;1001,7;1001,3;349,1;29,8;22,8;30,4;29,4;24,1;22,5;72;63;66;57;3,4;1,3;
2026/04/02;2200 UTC;0;1001,6;1001,6;1001,2;84;29,3;22,7;30,1;29,3;23,1;22,4;68;65;68;79;3,7;1,8;
2026/04/02;2300 UTC;0;1002,4;1002,4;1001,6;2,2;27,7;22,6;29,4;27,7;23,2;22,2;74;67;74;69;5,4;2,5;
2026/04/03;0000 UTC;0;1003,1;1003,1;1002,4;0;27;22,7;27,7;26,9;22,8;22,3;78;73;78;72;5;1,7;
2026/04/03;0100 UTC;0;1004;1004;1003,1;0;26,9;22,6;27;26,8;22,8;22,4;79;76;77;82;4;1,6;
2026/04/03;0200 UTC;0;1005,1;1005,1;1004;0;26,4;22,5;26,9;26,3;22,6;22,4;80;77;79;52;3,6;1,3;
2026/04/03;0300 UTC;0;1005,3;1005,4;1005,1;0;26,5;22,2;26,6;26,4;22,5;22,1;79;77;77;49;2,6;1;
2026/04/03;0400 UTC;0;1005,1;1005,4;1005,1;0;26,8;21,9;26,9;26,5;22,2;21,9;77;74;75;44;2,2;1,2;
2026/04/03;0500 UTC;0;1004,1;1005,1;1004,1;0;26,8;22;27;26,8;22,1;21,8;75;74;75;73;2,5;1,2;
2026/04/03;0600 UTC;0;1003,7;1004,1;1003,7;0;26,7;22,5;26,9;26,4;22,6;22;79;75;78;48;2,5;1;
2026/04/03;0700 UTC;0;1003,3;1003,7;1003,3;0;26,6;22,9;26,7;26,5;22,9;22,4;80;77;80;78;2,4;,9;
2026/04/03;0800 UTC;0;1002,9;1003,3;1002,9;0;26,3;23,3;26,6;26,2;23,3;22,9;84;80;84;42;2,5;1,3;
2026/04/03;0900 UTC;0;1002,9;1003;1002,5;0;26;23,3;26,3;26;23,4;23,2;85;83;85;58;3,6;1,3;
2026/04/03;1000 UTC;0;1003,9;1003,9;1002,9;,3;25,6;23,3;26;25,5;23,5;23,3;88;85;87;51;2,8;1,5;
2026/04/03;1100 UTC;0;1004,4;1004,4;1003,9;162;26,4;23;26,4;25,6;23,3;23;87;82;82;64;4;2,1;
2026/04/03;1200 UTC;0;1005,2;1005,2;1004,4;1172,8;28,1;23,7;28,1;26,4;23,8;23,1;82;76;77;58;4,3;2,1;
2026/04/03;1300 UTC;0;1005,4;1005,4;1005,2;2073,4;30;23,7;30;28;24,3;23,4;78;69;69;77;6,2;2,4;
2026/04/03;1400 UTC;0;1005,8;1005,8;1005,4;2766,9;30,9;23;31,2;29,8;23,8;22,8;69;63;63;97;6,7;2,7;
2026/04/03;1500 UTC;0;1005,3;1005,8;1005,2;3311,9;31,6;23,6;32,1;30,6;24,2;22,9;65;60;62;90;7,9;2,9;
2026/04/03;1600 UTC;0;1004,7;1005,3;1004,7;3086,5;31,9;24,3;33;31,2;24,5;23,2;66;58;64;109;7,9;2,1;
2026/04/03;1700 UTC;0;1003,8;1004,7;1003,8;3423;32,6;22,9;33;31,8;24,5;22,6;65;56;57;84;6,4;3;
2026/04/03;1800 UTC;0;1002,4;1003,8;1002,4;2493,2;33,9;21,3;33,9;32,4;23,8;20,1;61;46;48;105;6,5;2,7;
2026/04/03;1900 UTC;0;1001,6;1002,4;1001,6;1007,3;33,6;22;33,9;32,8;22,2;19,2;53;42;51;90;6,5;2,7;
2026/04/03;2000 UTC;0;1000,5;1001,6;1000,5;541,9;32;23,5;33,8;32;23,6;21,2;62;49;61;156;7;1,5;
2026/04/03;2100 UTC;0;1000,3;1000,5;1000,3;157,8;31,3;23,3;32,1;31,3;24;23;63;60;63;108;5,1;1,8;
2026/04/03;2200 UTC;0;1001;1001;1000,3;76,6;30,6;23,7;31,3;30,6;23,7;23,3;67;63;67;88;4,6;1,6;
2026/04/03;2300 UTC;0;1002,2;1002,2;1001;,3;30,3;23,9;30,6;30,2;24;23,7;69;67;69;65;3,9;1,4;
2026/04/04;0000 UTC;0;1003,3;1003,3;1002,2;0;30;24,2;30,3;29,9;24,2;23,7;71;68;71;78;3,3;1,3;
2026/04/04;0100 UTC;0;1004,6;1004,6;1003,3;0;28,9;24,4;30;28,9;24,5;24,1;77;71;77;96;2,4;,3;
2026/04/04;0200 UTC;0;1005;1005,1;1004,6;0;29,4;24,7;29,5;28,9;24,7;23,9;78;73;76;79;2,2;1,4;
2026/04/04;0300 UTC;0;1005;1005,3;1005;0;28,8;24,9;29,4;28,8;24,9;24,7;79;76;79;75;2,2;1,1;
2026/04/04;0400 UTC;0;1004,7;1005,1;1004,7;0;28,3;24,4;28,8;28;25,1;24,4;84;79;79;64;2,2;,7;
2026/04/04;0500 UTC;0;1003,7;1004,7;1003,7;0;28,7;24,3;28,7;28,2;24,5;24,2;80;77;77;68;2,3;1,2;
2026/04/04;0600 UTC;0;1003,2;1003,7;1003,1;0;28,2;24;28,7;28,2;24,3;23,9;78;76;78;62;4,1;1,9;
2026/04/04;0700 UTC;0;1003,4;1003,4;1003,1;0;27,8;23,7;28,2;27,8;24,1;23,7;79;78;79;84;4,1;1,8;
2026/04/04;0800 UTC;0;1003,7;1003,7;1003,4;0;27,3;23,9;27,8;27,3;23,9;23,6;82;79;82;44;3,4;,9;
2026/04/04;0900 UTC;38,6;1004,6;1004,8;1003,7;1,5;22,8;22,3;27,3;22,7;24,1;22,3;97;81;97;263;9,5;2,2;
2026/04/04;1000 UTC;8,6;1005,6;1005,6;1004,5;,3;22,9;22,6;23,1;22,6;22,8;22,2;98;97;98;244;6,6;1,2;
2026/04/04;1100 UTC;27;1006,2;1006,3;1005,6;6,6;22,8;22,5;23;22,8;22,7;22,4;98;98;98;269;5;1;
2026/04/04;1200 UTC;10;1007,8;1007,8;1006,2;45;22,6;22,3;22,9;22,4;22,6;22,1;98;98;98;21;5;,6;
2026/04/04;1300 UTC;6,2;1008,4;1008,4;1007,8;73,9;22,7;22,3;22,9;22,6;22,6;22,3;98;98;98;295;3,8;1,1;
2026/04/04;1400 UTC;6;1008,7;1008,9;1008,4;91,2;22,8;22,2;22,9;22,6;22,5;22,1;98;96;97;266;5,3;1,3;
2026/04/04;1500 UTC;4,4;1008,6;1008,9;1008,6;258,2;22,9;22,5;23,1;22,7;22,6;22,2;97;97;97;265;5,3;1,2;
2026/04/04;1600 UTC;5,4;1008,3;1008,7;1008,3;245,7;22,8;22,1;23,2;22,7;22,8;21,9;98;96;96;286;6,8;1,4;
2026/04/04;1700 UTC;5,2;1007,5;1008,3;1007,5;161,5;23;22,4;23,2;22,8;22,7;22;97;95;96;267;5,9;1,1;
2026/04/04;1800 UTC;4,2;1006,5;1007,5;1006,5;216,5;23,2;22,6;23,2;22,9;22,7;22,4;97;96;96;260;5,8;1,1;
2026/04/04;1900 UTC;,4;1005,5;1006,5;1005,5;433,2;23,9;22,9;23,9;23,2;23;22,5;96;94;94;262;4,7;1,5;
2026/04/04;2000 UTC;0;1004,4;1005,6;1004,4;626,2;24,7;23,2;24,7;23,9;23,3;22,7;95;90;91;263;4,3;,9;
2026/04/04;2100 UTC;0;1003,1;1004,4;1003,1;408,8;25;23,1;25,1;24,7;23,2;22,8;91;88;89;271;3,8;,8;
2026/04/04;2200 UTC;0;1003,7;1003,8;1003,1;144,7;24,4;22,5;25,1;24,4;23,3;22,4;90;87;89;18;3,3;,7;
2026/04/04;2300 UTC;0;1003,3;1003,7;1003,1;2,5;23,8;22,6;24,4;23,8;22,6;22,4;93;89;93;15;2,2;,5;
2026/04/05;0000 UTC;0;1004,4;1004,4;1003,2;0;23,9;22,4;24;23,7;22,6;22,4;94;91;91;53;2,6;,7;
2026/04/05;0100 UTC;0;1005,2;1005,2;1004,4;0;23,4;22,3;24;23,2;22,5;22,2;94;91;94;76;1,8;,8;
2026/04/05;0200 UTC;0;1006;1006;1005;0;23,7;22,5;23,9;23,3;22,6;22,2;94;93;93;56;1,8;,8;
2026/04/05;0300 UTC;0;1006,3;1006,3;1006;0;23,7;22,6;23,8;23,6;22,7;22,5;94;93;94;72;2,4;1,4;
2026/04/05;0400 UTC;0;1005,8;1006,3;1005,8;0;23,2;22,5;23,7;23,1;22,7;22,4;96;93;96;88;2,4;,5;
2026/04/05;0500 UTC;0;1005;1005,8;1005;0;23,2;22,5;23,3;23,2;22,6;22,4;96;95;96;347;1,5;,3;
2026/04/05;0600 UTC;0;1004,2;1005;1004,2;0;23,1;22,6;23,2;22,9;22,6;22,4;97;96;97;290;,9;,3;
2026/04/05;0700 UTC;0;1004;1004,2;1003,9;0;23;22,3;23,2;23;22,7;22,3;97;96;96;315;1;,3;
2026/04/05;0800 UTC;0;1004,4;1004,5;1004;0;22,8;22,3;23;22,7;22,3;22,2;97;96;97;15;1,6;,4;
2026/04/05;0900 UTC;0;1005,3;1005,3;1004,4;0;22,8;22,2;22,8;22,7;22,3;22,1;97;96;97;60;1,2;,3;
2026/04/05;1000 UTC;0;1006,3;1006,3;1005,3;0;23;22,1;23,1;22,8;22,3;22,1;97;94;95;59;1,8;,7;
2026/04/05;1100 UTC;0;1007,1;1007,1;1006,3;78;23,5;22,4;23,5;23;22,4;22,1;95;94;94;78;1,7;,4;
2026/04/05;1200 UTC;,4;1007,8;1007,8;1007,1;402;24,4;22,8;24,4;23,5;22,9;22,2;94;91;91;52;1,8;1,2;
2026/04/05;1300 UTC;0;1008,3;1008,3;1007,8;1668,1;27,3;23,4;27,9;24,3;24,7;22,5;91;75;79;43;2,7;,9;
2026/04/05;1400 UTC;0;1008,1;1008,3;1008,1;2266,3;29,1;23,4;29,1;27;23,6;21,2;79;67;71;115;3;1;
2026/04/05;1500 UTC;0;1007,8;1008,1;1007,8;2615,6;29,6;22;30,2;28,7;23,3;20,9;73;61;64;319;2,8;,6;
2026/04/05;1600 UTC;0;1006,9;1007,8;1006,9;2537,9;29,2;22;31;29,2;24,3;21,8;72;61;65;14;3,3;1,3;
2026/04/05;1700 UTC;0;1005,7;1006,9;1005,7;1780,3;29,6;23,4;30,6;29;24,5;20,9;72;60;69;251;4,1;,9;
2026/04/05;1800 UTC;0;1004,3;1005,7;1004,3;763,9;29,7;23,2;30,3;29,1;24,1;22,3;71;64;68;45;3,7;1,3;
2026/04/05;1900 UTC;0;1003;1004,3;1003;1103,4;31,7;23,6;31,8;29,6;24;22,2;69;60;62;262;3,7;1,1;
2026/04/05;2000 UTC;0;1001,9;1003;1001,9;573,4;30,2;23,1;32;30,1;23,8;22,6;66;58;66;215;3,9;,9;
2026/04/05;2100 UTC;0;1001,9;1001,9;1001,7;220,3;29,7;22,8;30,7;29,7;23,7;21,7;69;59;66;100;3,6;,7;
2026/04/05;2200 UTC;0;1002,1;1002,1;1001,9;68,9;29,1;23,2;29,7;29,1;23,4;22,8;71;66;71;126;2,8;1,1;
2026/04/05;2300 UTC;0;1002,3;1002,3;1002;,7;28,4;23,6;29,1;28,4;23,7;23;75;70;75;140;2,7;1,1;
2026/04/06;0000 UTC;0;1003,3;1003,3;1002,3;0;28,1;23,7;28,6;27,9;24,1;23,3;80;74;77;67;2;1,1;
2026/04/06;0100 UTC;0;1004,4;1004,4;1003,3;0;28,2;23,7;28,4;28;24;23,5;78;75;77;71;3;1;
2026/04/06;0200 UTC;0;1005,3;1005,3;1004,4;0;27,4;24,1;28,2;27,4;24,6;23,7;83;77;82;67;6,7;3,1;
2026/04/06;0300 UTC;0;1005,3;1005,4;1005,2;0;26,6;23,9;27,4;26,6;24,1;23,5;85;81;85;118;6,7;,9;
2026/04/06;0400 UTC;0;1005,2;1005,4;1005;0;26,7;24;26,7;26,6;24;23,9;86;85;85;65;2,9;1,2;
2026/04/06;0500 UTC;0;1004,5;1005,2;1004,5;0;26,3;24,1;26,7;26,2;24,1;23,9;88;85;88;59;2,7;,7;
2026/04/06;0600 UTC;0;1003,8;1004,5;1003,7;0;26,1;23,5;26,3;25,9;24,1;23,5;89;85;85;61;2,4;1,1;
2026/04/06;0700 UTC;0;1003,5;1003,8;1003,5;0;25,7;23,1;26,1;25,7;23,5;23;86;85;86;63;2,4;1;
2026/04/06;0800 UTC;0;1003,8;1003,8;1003,4;0;25,6;23,2;25,9;25,6;23,2;23;87;84;87;61;2,7;1,3;
2026/04/06;0900 UTC;0;1004,3;1004,3;1003,8;0;25,2;23,1;25,6;25,2;23,2;23,1;88;87;88;89;2,4;1,2;
2026/04/06;1000 UTC;0;1004,7;1004,7;1004,3;,1;25,3;22,9;25,3;25;23,1;22,9;89;86;87;69;3,4;1,4;
2026/04/06;1100 UTC;0;1005,6;1005,6;1004,7;205,3;26,1;23,1;26,1;25,2;23,1;22,8;87;83;84;65;5;1,8;
2026/04/06;1200 UTC;0;1006,5;1006,5;1005,6;1111,3;27,6;22,8;27,7;26,1;23,2;22,6;84;75;75;58;6;2,7;
2026/04/06;1300 UTC;0;1006,5;1006,6;1006,5;1734,2;28,5;22,9;28,7;27,5;23,6;22,7;76;71;72;49;6,4;3;
2026/04/06;1400 UTC;0;1006,3;1006,6;1006,3;2758,3;30,6;24;30,6;28,3;24,1;22,9;74;66;68;57;6,4;2,2;
2026/04/06;1500 UTC;0;1005,5;1006,4;1005,5;2651,1;31,2;24;31,7;30,4;24,9;22,9;69;61;66;77;5,4;2,2;
2026/04/06;1600 UTC;0;1004,6;1005,5;1004,6;2930,2;31,9;24,1;31,9;30,5;24,9;23,6;69;62;64;74;5,7;1,8;
2026/04/06;1700 UTC;0;1003,5;1004,6;1003,5;2602,3;31,4;23,9;32,7;31,3;24,9;23,3;67;60;65;97;6;2,2;
2026/04/06;1800 UTC;0;1002,9;1003,5;1002,9;1005,9;32,1;24,5;32,2;28,2;25,2;23,4;79;63;64;54;6,1;,9;
2026/04/06;1900 UTC;0;1001,9;1002,9;1001,9;1022,5;31,7;24,7;33,3;30,5;26;23,9;70;59;67;248;5;1,4;
2026/04/06;2000 UTC;4,2;1002,3;1002,4;1001,9;270,7;26;24;31,8;25,6;24,6;23,8;93;64;89;55;11,3;1,5;
2026/04/06;2100 UTC;1;1001,3;1002,3;1001,3;160,2;27,3;23,6;27,3;25,5;24,8;23,1;94;79;80;105;4,2;1,6;
2026/04/06;2200 UTC;0;1001,9;1001,9;1001,3;116,4;27,4;23,5;27,7;27,2;23,9;23,1;81;77;79;72;3,6;1,8;
2026/04/06;2300 UTC;0;1001,7;1001,9;1001,3;,7;27,2;24,3;27,4;27;24,3;23,5;84;79;84;79;3,6;1,5;
2026/04/07;0000 UTC;0;1002,5;1002,5;1001,7;0;27,1;24,5;27,2;26,8;24,6;24,3;87;84;86;69;3,5;1,6;
2026/04/07;0100 UTC;0;1003,8;1003,8;1002,5;0;27;24,2;27,1;26,7;24,8;24,1;88;84;84;62;3,3;1,8;
2026/04/07;0200 UTC;0;1004,8;1004,8;1003,8;0;26,6;24,2;27,1;26,5;24,3;24,1;87;84;87;65;3,3;1,3;
2026/04/07;0300 UTC;0;1005,5;1005,5;1004,8;0;26,8;23,2;26,8;26,6;24,2;23,2;87;80;80;73;3;1,7;
2026/04/07;0400 UTC;0;1005,1;1005,5;1005,1;0;26,6;23,4;26,8;26,6;23,4;23,1;83;80;83;66;3,1;1,3;
2026/04/07;0500 UTC;0;1004,3;1005,1;1004,3;0;26,1;23,6;26,6;26;23,6;23,4;86;83;86;75;3;1,2;
2026/04/07;0600 UTC;0;1003,8;1004,3;1003,8;0;25,8;23,7;26,2;25,8;23,7;23,5;88;86;88;73;3,3;1,2;
2026/04/07;0700 UTC;0;1003,5;1003,9;1003,5;0;25,5;23,7;25,8;25,5;23,7;23,7;90;88;90;53;2,4;,9;
2026/04/07;0800 UTC;0;1003,7;1003,7;1003,4;0;25,1;23,5;25,6;25,1;23,7;23,5;91;89;91;88;2,3;,3;
2026/04/07;0900 UTC;0;1004,2;1004,2;1003,7;0;25,1;23,6;25,3;24,9;23,7;23,5;93;91;91;57;1,8;,8;
2026/04/07;1000 UTC;0;1004,7;1004,7;1004,2;,1;25,3;23,5;25,3;25;23,6;23,5;92;90;90;62;2,3;,8;
2026/04/07;1100 UTC;0;1005,6;1005,6;1004,7;134,8;25,9;23,7;25,9;25,3;23,7;23,4;90;88;88;76;2,8;1,6;
2026/04/07;1200 UTC;0;1006,4;1006,4;1005,6;890,2;27,8;23,9;28;25,9;24,5;23,6;88;79;79;62;5;2,4;
2026/04/07;1300 UTC;0;1006,3;1006,4;1006,2;1531,8;29;24;29,3;27,7;25;24;81;74;74;46;6,9;2,1;
2026/04/07;1400 UTC;0;1006,5;1006,6;1006,3;1813,3;29,8;24,2;30,4;28,9;25,3;24;76;71;72;94;5,7;2,4;
2026/04/07;1500 UTC;0;1006,1;1006,6;1006,1;1718,5;30,4;24,2;30,8;29,5;25;24;74;69;69;75;5,7;1,8;
2026/04/07;1600 UTC;0;1005,2;1006,1;1005,2;1903,9;30,4;24;31,2;30,3;24,9;23,7;71;66;69;88;6,1;3;
2026/04/07;1700 UTC;0;1004;1005,2;1004;1974,1;31,4;24,4;31,4;30,5;24,9;23,7;70;65;67;54;6;1,7;
2026/04/07;1800 UTC;0;1003,1;1004;1003,1;1226,2;30,1;24,9;31,6;30;24,9;23,7;74;65;74;47;4,7;2,4;
2026/04/07;1900 UTC;2,2;1003,3;1003,5;1002,8;659,4;26,5;24,4;31,4;26,5;25,5;24;89;66;88;65;8,6;3,6;
2026/04/07;2000 UTC;,2;1002,3;1003,3;1002,3;264,5;27,2;24,8;27,2;26,3;25,1;24,3;91;86;87;68;8,6;1,1;
2026/04/07;2100 UTC;0;1002,3;1002,4;1002,1;319,4;28,1;24;28,2;27,2;24,7;23,4;87;76;79;78;3,8;1,1;
2026/04/07;2200 UTC;0;1002,7;1002,8;1002,3;73;27,6;23,9;28,1;27,5;24,2;23,8;82;79;81;94;3,2;1,3;
2026/04/07;2300 UTC;0;1003,9;1003,9;1002,7;,2;27,3;24,2;27,6;27,2;24,2;23,9;83;80;83;87;2,5;1;
2026/04/08;0000 UTC;0;1004,3;1004,3;1003,9;0;27,2;24,4;27,4;27;24,5;24,2;85;83;85;88;2,4;,8;
2026/04/08;0100 UTC;0;1005,2;1005,2;1004,3;0;27,2;24,6;27,4;27,1;24,7;24,4;87;84;86;117;2,5;1;
2026/04/08;0200 UTC;0;1005,5;1005,6;1005,2;0;26,9;24,8;27,2;26,5;24,8;24,6;90;86;88;89;2,1;1;
2026/04/08;0300 UTC;0;1005,7;1005,9;1005,5;0;26,8;24,8;27,1;26,8;24,8;24,5;89;86;89;48;2,9;,9;
2026/04/08;0400 UTC;0;1005,4;1005,8;1005,3;0;27;23,6;27;26,7;24,8;23,4;89;81;82;57;2,5;1;
2026/04/08;0500 UTC;0;1004,9;1005,4;1004,9;0;26;23,4;27;26;23,8;23,2;86;81;86;46;1,9;,8;
2026/04/08;0600 UTC;0;1004,6;1004,9;1004,6;0;25,7;23,6;26,2;25,6;23,7;23,4;89;85;89;17;1,8;,4;
2026/04/08;0700 UTC;0;1004,3;1004,7;1004,3;0;25,4;23,5;25,7;25,3;23,8;23,5;91;88;89;338;1,1;,2;
2026/04/08;0800 UTC;0;1004,6;1004,6;1004,2;0;24,8;23,4;25,4;24,8;23,5;23,2;92;89;92;343;,7;,2;
2026/04/08;0900 UTC;0;1005,2;1005,3;1004,6;0;24,8;23,6;24,8;24,6;23,7;23,3;94;92;93;6;1,3;,4;
2026/04/08;1000 UTC;0;1006,2;1006,2;1005,2;0;24,7;23,7;24,9;24,7;23,7;23,5;94;93;94;10;1,1;,3;
2026/04/08;1100 UTC;0;1006,8;1006,8;1006,2;150,7;25,7;24,3;25,8;24,7;24,3;23,7;95;91;92;341;1,4;,5;
2026/04/08;1200 UTC;0;1007,8;1007,8;1006,8;666,4;27,5;24,2;27,5;25,7;24,5;23,8;92;82;82;314;2,3;,5;
2026/04/08;1300 UTC;0;1008,4;1008,5;1007,8;1333,7;29,4;24,9;29,5;27,5;25,2;24;83;74;77;36;2,5;1;
2026/04/08;1400 UTC;0;1008,1;1008,5;1008,1;1495;29,4;24,3;29,9;28,7;25;23,6;77;72;74;47;3,6;1,9;
2026/04/08;1500 UTC;0;1007,6;1008,1;1007,6;1723,9;30,4;25,1;30,7;29,1;25,3;23,7;77;70;73;335;3,6;,8;
2026/04/08;1600 UTC;0;1007,2;1007,6;1007,1;1029,8;27,9;23,4;30,9;27,9;25,9;23;77;69;76;6;6;1,8;
2026/04/08;1700 UTC;0;1005,9;1007,5;1005,9;1206,6;27,3;23,5;27,9;26,4;24,1;23,1;85;76;80;11;6,3;1,1;
2026/04/08;1800 UTC;0;1004,7;1005,9;1004,7;1139,9;29,3;23,5;29,4;27,3;24;22,8;80;70;71;346;4,6;,7;
2026/04/08;1900 UTC;0;1003,2;1004,7;1003,2;854,8;28,9;23,6;29,4;28,5;24,3;22,6;75;68;73;25;3,6;1,3;
2026/04/08;2000 UTC;0;1002,6;1003,2;1002,6;647,9;29;23,6;29,3;28,8;24,1;22,8;75;70;73;340;2,7;,6;
2026/04/08;2100 UTC;0;1002,3;1002,6;1002,2;290,6;28,6;24,1;29,1;28,6;24,1;23,3;76;71;76;360;2,4;,5;
2026/04/08;2200 UTC;0;1002,5;1002,7;1002,3;109,6;28,2;23,6;28,7;28,2;24;23,3;77;74;76;46;2,3;,8;
2026/04/08;2300 UTC;0;1002,8;1002,8;1002,5;,1;27,9;24,2;28,2;27,7;24,4;23,4;82;76;80;247;3,1;,5;
2026/04/09;0000 UTC;0;1003,5;1003,5;1002,8;0;26,9;24,1;27,9;26,8;24,3;23,9;85;80;85;18;1,4;,3;
2026/04/09;0100 UTC;0;1004,5;1004,5;1003,5;0;26,6;24,1;26,9;26,5;24,1;23,9;86;84;86;8;1,2;,2;
2026/04/09;0200 UTC;0;1005,3;1005,3;1004,5;0;26,3;24,2;26,6;26,3;24,3;24;89;86;88;59;,8;,2;
2026/04/09;0300 UTC;0;1005,6;1005,6;1005,2;0;25,8;24,3;26,3;25,8;24,5;24,1;91;88;91;346;,9;,2;
2026/04/09;0400 UTC;0;1005;1005,6;1005;0;25,7;24,3;26;25,7;24,4;24,2;92;90;92;8;,8;,2;
2026/04/09;0500 UTC;0;1004,5;1005;1004,5;0;25,5;24,2;25,7;25,4;24,4;24,1;93;92;93;248;,7;,3;
2026/04/09;0600 UTC;0;1004;1004,5;1004;0;25,1;24,2;25,5;25,1;24,3;24,1;95;92;95;332;,7;,3;
2026/04/09;0700 UTC;0;1003,9;1004;1003,7;0;25;24,2;25,1;24,9;24,2;24,1;95;94;95;179;,6;,3;
2026/04/09;0800 UTC;0;1004,3;1004,3;1003,9;0;25;24,3;25,1;24,9;24,3;24,2;96;95;96;237;,6;,2;
2026/04/09;0900 UTC;0;1004,4;1004,4;1004,2;0;24,7;24;25;24,7;24,4;24;96;96;96;338;,7;,3;
2026/04/09;1000 UTC;0;1005;1005;1004,3;,1;24,6;24;24,7;24,6;24,1;24;97;96;96;53;1;,5;
2026/04/09;1100 UTC;0;1005,9;1005,9;1005;130,1;25,9;24,9;25,9;24,6;24,9;24;97;94;94;13;1;,2;
2026/04/09;1200 UTC;0;1006,7;1006,8;1005,9;934,6;28,4;25,8;28,6;25,9;25,9;24,8;94;83;86;251;1,6;,7;
2026/04/09;1300 UTC;0;1007,8;1007,8;1006,7;1317,7;29,7;24,9;30;28,4;25,8;24,9;86;75;75;10;1,6;,7;
2026/04/09;1400 UTC;0;1008;1008,1;1007,8;1336;29,7;25;30,3;29,1;26;24,7;80;75;76;197;3,4;1,6;
2026/04/09;1500 UTC;0;1007,4;1008;1007,3;852,9;29,9;24,9;30,2;28,8;25,8;24,7;81;74;75;55;3,7;1;
2026/04/09;1600 UTC;,8;1007,3;1007,8;1006,7;1284,6;24,1;22,6;31,6;24,1;25,3;21,5;91;65;91;77;14,1;4,9;
2026/04/09;1700 UTC;,8;1006,1;1007,3;1006,1;133,9;24,1;22,8;24,1;23,8;22,8;22,3;93;90;92;44;10,2;2,1;
2026/04/09;1800 UTC;,4;1004,5;1006,1;1004,5;327,5;24,4;22,8;24,5;24,1;23,1;22;93;88;90;37;3,9;,9;
2026/04/09;1900 UTC;0;1003,6;1004,5;1003,6;634,3;26,3;23,2;26,3;24,4;23,5;22,4;91;83;83;38;3;,8;
2026/04/09;2000 UTC;0;1003;1003,6;1003;419,9;26,8;23,1;26,8;26,3;23,4;22,5;84;78;80;9;2,9;,9;
2026/04/09;2100 UTC;0;1002,6;1003;1002,6;199,2;26,2;23;26,8;26,1;23,2;22,4;83;78;82;41;4,4;1,9;
2026/04/09;2200 UTC;0;1003,2;1003,2;1002,5;62,8;25,9;22,9;26,2;25,9;23,3;22,8;85;82;84;47;3,7;2,1;
2026/04/09;2300 UTC;0;1003,9;1003,9;1003,2;,1;26,1;23;26,1;25,9;23,1;22,9;84;83;83;75;3,6;1,3;
2026/04/10;0000 UTC;0;1004,9;1004,9;1003,8;0;25,6;23,2;26,1;25,6;23,2;23;86;83;86;65;3,5;,8;
2026/04/10;0100 UTC;0;1005,5;1005,5;1004,8;0;25,7;23,1;26;25,6;23,2;23;87;84;86;76;3,3;1,5;
2026/04/10;0200 UTC;0;1006;1006,1;1005,5;0;25,3;23,3;25,9;25,3;23,5;23,1;89;86;89;347;3,3;,5;
2026/04/10;0300 UTC;0;1005,9;1006;1005,9;0;25,2;23,5;25,4;25,1;23,6;23,3;91;89;90;74;1,9;,8;
2026/04/10;0400 UTC;0;1005,4;1005,9;1005,4;0;24,7;23,5;25,5;24,7;23,7;23,4;93;90;93;12;2;,4;
2026/04/10;0500 UTC;0;1005,2;1005,4;1005,2;0;24,5;23,7;24,7;24,5;23,7;23,4;95;93;95;9;,7;,2;
2026/04/10;0600 UTC;0;1004,7;1005,2;1004,7;0;24,4;23,7;24,5;24,3;23,7;23,5;96;95;96;349;,6;,3;
2026/04/10;0700 UTC;0;1004,7;1004,7;1004,4;0;24,6;23,7;24,6;24,4;23,8;23,6;96;95;95;339;,7;,3;
2026/04/10;0800 UTC;0;1004,9;1005;1004,7;0;24,8;24;24,8;24,5;24;23,7;96;95;95;324;,6;,2;
2026/04/10;0900 UTC;0;1005,2;1005,2;1004,9;0;25;24,4;25;24,5;24,4;23,8;96;94;96;218;2,2;,8;
2026/04/10;1000 UTC;0;1005,8;1005,8;1005,2;,5;25,4;24,5;25,5;25,1;24,6;24,4;96;95;95;236;2,5;,6;
2026/04/10;1100 UTC;0;1006,4;1006,5;1005,8;127,6;26;24,6;26;25,3;24,6;24,3;95;92;92;184;2,9;,8;
2026/04/10;1200 UTC;0;1007,2;1007,2;1006,4;719,7;27,1;24,3;27,3;25,9;25,2;23,9;92;83;85;216;3,5;1,4;
2026/04/10;1300 UTC;0;1007,8;1007,8;1007,2;829,9;28,3;24,4;28,4;27,1;25,2;24,1;86;80;80;128;3,3;1;
2026/04/10;1400 UTC;0;1007,9;1008;1007,8;1588,5;29,4;24,8;29,6;28,1;25,3;24,1;82;75;76;121;3,5;1,5;
2026/04/10;1500 UTC;0;1007,1;1007,9;1007,1;2664,5;30,5;24,2;30,9;29,4;25,9;23,8;77;69;69;148;4,4;1,7;
2026/04/10;1600 UTC;0;1005,8;1007,1;1005,8;1971,5;30,9;25,1;30,9;29,9;25,2;23,6;74;68;71;111;4,4;2,1;
2026/04/10;1700 UTC;0;1004,1;1005,8;1004,1;2672,7;31,7;23,8;31,7;30,3;25;23,2;72;61;63;90;4,7;2,1;
2026/04/10;1800 UTC;0;1002,7;1004,1;1002,7;2013,9;31,9;23,1;32,5;31,4;24,7;22,6;64;58;60;62;5,3;2;
2026/04/10;1900 UTC;0;1001,7;1002,7;1001,7;736;32,1;23,3;32,7;31,3;24,2;22,7;63;57;60;101;5,1;1,4;
2026/04/10;2000 UTC;0;1001,4;1001,8;1001,2;302,4;31,1;23,9;32,1;30,6;24,5;23;68;59;66;93;5,8;1,6;
2026/04/10;2100 UTC;0;1001,8;1001,8;1001,3;183,3;30,7;23,7;31,3;30,7;24,2;23,5;67;65;66;125;5;1,7;
2026/04/10;2200 UTC;0;1002,8;1002,8;1001,8;50,4;29,1;24,1;30,8;29,1;24,3;23,6;74;66;74;47;5;1,9;
2026/04/10;2300 UTC;0;1003,7;1003,7;1002,8;0;28,1;24,1;29,1;28,1;24,3;24;79;74;79;41;3,9;,8;
2026/04/11;0000 UTC;0;1004,5;1004,5;1003,7;0;27,7;24;28,3;27,7;24,2;23,7;80;76;80;38;3,2;,4;
2026/04/11;0100 UTC;0;1005,4;1005,4;1004,5;0;27,6;23,8;28,1;27,5;24,1;23,7;81;77;80;33;2,3;,7;
2026/04/11;0200 UTC;0;1005,6;1005,6;1005,4;0;27,5;23,5;27,8;27,1;24,1;23,2;84;76;79;51;2,3;1,2;
2026/04/11;0300 UTC;0;1005,9;1006;1005,6;0;26,6;24,2;27,7;26,6;24,2;23,4;86;78;86;2;2,6;,3;
2026/04/11;0400 UTC;0;1005,6;1006;1005,6;0;26,3;24,3;26,6;26,2;24,7;24,3;90;87;88;9;,7;,4;
2026/04/11;0500 UTC;0;1005,1;1005,6;1005,1;0;25,9;24;26,3;25,8;24,4;24;90;88;89;13;1;,2;
2026/04/11;0600 UTC;0;1004,9;1005,2;1004,9;0;25,4;23,8;25,9;25,4;24,1;23,7;91;89;91;349;1,7;,4;
2026/04/11;0700 UTC;0;1004,3;1004,9;1004,3;0;25,3;23,7;25,4;25,1;23,8;23,7;92;90;91;351;1,7;,3;
2026/04/11;0800 UTC;0;1004,3;1004,4;1004,3;0;25;23,6;25,3;24,9;23,8;23,5;93;91;92;251;1;,2;
2026/04/11;0900 UTC;0;1004,6;1004,6;1004,2;0;25,5;24,6;25,5;25;24,6;23,6;95;92;95;213;1,3;,6;
2026/04/11;1000 UTC;0;1005,6;1005,6;1004,6;,8;25,2;24,5;25,5;25,1;24,6;24,4;96;95;96;314;1,3;,2;
2026/04/11;1100 UTC;0;1006,4;1006,4;1005,6;118,2;26,3;24,4;26,3;25,2;24,5;24,2;96;89;89;50;2,2;1,1;
2026/04/11;1200 UTC;0;1006,9;1006,9;1006,4;933,3;28,6;24,9;28,7;26,3;25,4;24,2;89;79;81;89;2,5;,8;
2026/04/11;1300 UTC;0;1007,3;1007,3;1006,9;1326,4;29,1;24,4;30;28,6;25,6;24,3;80;73;76;35;2,9;,8;
2026/04/11;1400 UTC;0;1007;1007,4;1006,9;580,7;28,4;24,5;29,4;28,4;25;24;81;74;80;24;3,4;,6;
2026/04/11;1500 UTC;0;1006,7;1007,3;1006,7;395,3;28,7;24,6;28,7;28,4;24,9;24,1;82;77;78;101;3,6;1,4;
2026/04/11;1600 UTC;0;1004,9;1006,7;1004,8;1746,7;30,5;25,3;31,3;28,7;25,7;24,1;80;69;73;336;3,1;,9;
2026/04/11;1700 UTC;0;1003,9;1004,9;1003,9;1523,6;29,1;24,9;30,7;29,1;25,9;24,7;79;73;79;182;5;2;
2026/04/11;1800 UTC;0;1002,5;1003,9;1002,5;1218,7;29,7;25,1;30,7;28,9;26;24,7;82;73;77;172;4,7;1,6;
2026/04/11;1900 UTC;0;1001,9;1002,5;1001,7;818,6;28,9;25,2;29,7;28,8;25,3;24,4;80;75;80;106;6,3;1,7;
2026/04/11;2000 UTC;0;1001,4;1002,4;1001,3;245,2;26,9;23;28,9;26,4;25,5;22,9;83;77;79;65;6,4;1;
2026/04/11;2100 UTC;,8;1001,4;1001,6;1001,3;95,1;26,5;24,2;27,1;26,4;24,2;22,9;88;78;87;112;2,5;,8;
2026/04/11;2200 UTC;0;1002,1;1002,1;1001,4;89,9;26,4;24,5;26,7;26,2;24,7;24,1;91;86;89;79;2;,9;
2026/04/11;2300 UTC;0;1003,2;1003,2;1002,1;,3;27;23,8;27;26,4;24,6;23,8;89;83;83;86;2,8;1,6;
2026/04/12;0000 UTC;0;1004,1;1004,1;1003,2;,2;26,3;24,1;27;26,3;24,2;23,6;88;82;88;98;2,9;,4;
2026/04/12;0100 UTC;0;1005,3;1005,3;1004,1;0;26,3;24,3;26,8;26,1;24,5;23,9;89;84;89;78;1,7;,3;
2026/04/12;0200 UTC;0;1005,6;1005,6;1005,3;0;26,4;24;26,9;26,3;24,6;23,7;90;83;87;114;1,7;,5;
2026/04/12;0300 UTC;0;1005,9;1005,9;1005,6;0;26,7;23,7;26,9;26,2;24,2;23,7;88;84;84;103;2,8;,6;
2026/04/12;0400 UTC;0;1005,6;1006;1005,6;0;26,3;23,8;26,9;26,2;24,2;23,5;88;82;87;39;2,6;,9;
2026/04/12;0500 UTC;,2;1005;1005,6;1005;0;26,3;24;26,4;25,8;24,1;23,7;90;86;87;84;2,6;1,2;
2026/04/12;0600 UTC;,2;1004,8;1005;1004,7;0;25;22,9;26,3;25;24,7;22,9;93;87;88;83;7,8;3,4;
2026/04/12;0700 UTC;6,6;1005;1005;1004,7;0;23,8;23,1;25;23,4;23,1;22,3;95;88;95;84;7,8;1,7;
2026/04/12;0800 UTC;5,4;1004,8;1005;1004,7;0;23,8;23,2;24;23,8;23,3;23,1;96;95;96;44;3,7;,9;
2026/04/12;0900 UTC;1,4;1005;1005;1004,8;0;23,6;23,1;23,8;23,6;23,2;23,1;97;96;97;167;1,8;,3;
2026/04/12;1000 UTC;,2;1005,7;1005,7;1005;,2;23,7;23,3;23,8;23,6;23,3;23,1;97;97;97;354;,8;,3;
2026/04/12;1100 UTC;,4;1006,5;1006,5;1005,7;58,7;24,1;23,7;24,1;23,7;23,7;23,2;98;97;97;34;,8;,3;
2026/04/12;1200 UTC;0;1007,7;1007,7;1006,5;684,7;25,8;24,1;26,1;24,1;24,9;23,7;98;89;90;6;1,4;,6;
2026/04/12;1300 UTC;0;1008,3;1008,3;1007,7;1121,2;28,1;24,6;28,3;25,8;24,9;23,4;92;77;81;332;1,3;,5;
2026/04/12;1400 UTC;0;1008,5;1008,5;1008,3;1219,5;28,6;24,6;28,6;27;25,1;23,6;85;78;79;284;2,1;,8;
2026/04/12;1500 UTC;0;1008,1;1008,5;1008,1;1232,6;28,4;24,1;29,2;28;25,4;23,6;81;75;78;84;5;1,9;
2026/04/12;1600 UTC;0;1007;1008,1;1007;746,4;27,7;24,1;28,5;27,7;24,8;23,8;83;76;81;112;4,6;1,3;
2026/04/12;1700 UTC;0;1004,9;1007;1004,9;382;26,1;24,4;27,7;26;24,6;24;91;81;90;132;4,5;1,2;
2026/04/12;1800 UTC;0;1004;1004,9;1004;705,5;27,7;24,8;27,7;26,1;24,8;24,1;91;84;84;114;2,8;1,2;
2026/04/12;1900 UTC;0;1002,6;1004;1002,6;820;29,5;23,9;29,5;27,7;25;23,7;84;72;72;89;4,2;1,9;
2026/04/12;2000 UTC;0;1001,6;1002,6;1001,6;322,1;29,8;24,1;30;29;24,7;23,7;75;71;72;58;4,9;1,7;
2026/04/12;2100 UTC;0;1001,4;1001,6;1001,3;193,6;29,1;24,3;30;29;24,3;23,6;76;69;75;42;4;1,2;
2026/04/12;2200 UTC;0;1002,2;1002,2;1001,4;84,9;28;23,5;29,1;28;24,3;23,2;77;73;76;44;6,3;1,8;
2026/04/12;2300 UTC;0;1002,1;1002,2;1001,9;,1;27,1;23;28;27;23,7;23;82;76;78;23;3,5;,6;
2026/04/13;0000 UTC;0;1003,1;1003,1;1002,1;0;26,5;23,8;27,1;26,4;23,8;23;85;78;85;309;1,4;,3;
2026/04/13;0100 UTC;0;1004,2;1004,2;1003,1;0;26,6;23,9;26,8;26,2;24;23,5;87;83;85;153;1,9;,7;
2026/04/13;0200 UTC;0;1005;1005;1004,1;0;27,1;23,6;27,3;26,6;23,8;23,4;85;79;81;74;2;,9;
2026/04/13;0300 UTC;0;1005;1005,1;1005;0;26,4;23,7;27,2;26,2;23,9;23,6;86;81;86;53;1,9;,8;
2026/04/13;0400 UTC;0;1004,7;1005,1;1004,7;0;26,1;23,9;26,4;25,9;24;23,7;89;86;88;193;1,3;,6;
2026/04/13;0500 UTC;0;1004,1;1004,7;1004,1;0;25,7;24;26,1;25,7;24,1;23,9;91;88;91;323;1,2;,2;
2026/04/13;0600 UTC;0;1003,8;1004,2;1003,8;,1;26,4;25,1;26,4;25,6;25,2;24;93;91;93;177;1,3;,6;
2026/04/13;0700 UTC;0;1003,2;1003,8;1003,1;,2;26,2;24,5;26,5;26,2;25,2;24,5;93;90;91;150;2,6;,7;
2026/04/13;0800 UTC;0;1003,7;1003,7;1003,2;0;26,1;24,7;26,3;26;24,7;24,5;92;91;92;76;2,6;,3;
2026/04/13;0900 UTC;1;1004,3;1004,3;1003,6;0;24,4;23,3;26,1;24,4;24,7;22,9;94;88;94;17;2,6;,5;
2026/04/13;1000 UTC;0;1005,2;1005,2;1004,3;1,2;24,4;23,5;24,6;24,4;23,6;23,3;95;94;95;220;1,5;,4;
2026/04/13;1100 UTC;0;1005,6;1005,6;1005,1;238,1;26,4;24,1;26,5;24,4;24,4;23,5;95;86;87;170;1,4;,4;
2026/04/13;1200 UTC;0;1006,4;1006,4;1005,6;965,5;27,9;24,8;27,9;26,4;25;24;87;83;83;165;2,9;1,2;
2026/04/13;1300 UTC;0;1006,8;1006,8;1006,4;1652,8;28,7;24,5;29,4;27,9;26;24,1;85;77;78;143;3,4;1;
2026/04/13;1400 UTC;0;1006,8;1007,1;1006,8;1735,8;29,4;24,7;29,8;28,3;25,6;24,4;81;76;76;133;3,8;1,7;
2026/04/13;1500 UTC;0;1005,6;1006,8;1005,6;2658,7;31,2;24,9;31,5;29,1;26,2;24,2;79;69;69;114;3,8;1,4;
2026/04/13;1600 UTC;0;1004,6;1005,6;1004,5;2178,1;31,3;24,6;31,6;29,9;25,8;24,4;76;67;67;107;5;1,6;
2026/04/13;1700 UTC;,6;1003,9;1004,7;1003,9;998,7;27,7;25,4;31,3;26,1;25,9;23,2;92;67;88;321;5,5;1;
2026/04/13;1800 UTC;0;1002,9;1003,9;1002,9;1258,1;29,4;23,1;30,4;27,6;25,6;22,4;88;66;69;43;4,5;1,6;
2026/04/13;1900 UTC;,2;1001,6;1002,9;1001,6;1038,1;27,8;23,7;31,4;27,8;24,8;22,6;80;64;79;47;7;2,9;
2026/04/13;2000 UTC;0;1000,7;1001,6;1000,7;698,5;28,7;24,6;28,7;27,2;24,6;23,4;83;77;79;28;5,6;1,6;
2026/04/13;2100 UTC;0;1000,4;1000,7;1000,3;389,1;29,3;23,1;29,3;28,7;24,7;23,1;79;69;69;109;4;1,2;
2026/04/13;2200 UTC;0;1001;1001;1000,4;76,1;28;23,6;29,5;28;23,7;23,1;77;69;77;81;3,7;2,2;
2026/04/13;2300 UTC;0;1001,6;1001,6;1001;,1;26,9;23,8;28;26,8;24,1;23,7;84;77;83;73;5,2;1,4;
2026/04/14;0000 UTC;0;1003,3;1003,3;1001,6;0;26,5;23,4;26,9;26,5;23,8;23,3;83;82;83;75;4,2;1,9;
2026/04/14;0100 UTC;0;1004,4;1004,4;1003,3;0;26,1;23,7;26,5;26,1;23,7;23,4;86;83;86;42;4,2;2;
2026/04/14;0200 UTC;0;1004,3;1004,5;1004,2;0;26,1;23,8;26,2;26;23,8;23,7;87;86;87;57;4,6;1,5;
2026/04/14;0300 UTC;0;1004,3;1004,5;1004,3;0;25,7;23,7;26,1;25,7;23,8;23,6;89;87;89;90;4;1,9;
2026/04/14;0400 UTC;0;1004;1004,5;1004;0;25,6;23,7;25,7;25,5;23,7;23,6;90;88;89;77;4;1,2;
2026/04/14;0500 UTC;0;1003,4;1004,1;1003,4;0;25,6;23,5;25,7;25,6;23,7;23,5;89;88;88;84;3,1;1,5;
2026/04/14;0600 UTC;0;1003;1003,4;1003;0;25,5;23,5;25,7;25,4;23,5;23,3;89;88;89;52;3;,8;
2026/04/14;0700 UTC;0;1002,8;1003;1002,8;0;25,6;23,4;25,8;25,5;23,5;23,4;89;86;88;46;2,3;,7;
2026/04/14;0800 UTC;0;1002,8;1003;1002,8;0;25,6;23,3;25,8;25,5;23,5;23,3;88;86;87;42;2,5;1,2;
2026/04/14;0900 UTC;0;1003,5;1003,5;1002,8;0;25,3;23,5;25,6;25,3;23,5;23,3;90;87;90;88;2,5;,6;
2026/04/14;1000 UTC;0;1004,3;1004,3;1003,5;,2;25,4;23,6;25,4;25,2;23,8;23,4;92;89;90;52;1,4;,7;
2026/04/14;1100 UTC;0;1004,9;1004,9;1004,3;80,4;25,6;23,8;25,6;25,4;23,8;23,6;90;89;90;40;2,2;,9;
2026/04/14;1200 UTC;0;1005,5;1005,5;1004,9;322,5;25,9;23,4;26,2;25,6;24;23,3;90;85;86;44;3,7;2,2;
2026/04/14;1300 UTC;4,6;1005,7;1005,9;1005,5;641,9;26,6;24,8;26,6;24,7;25,4;23,4;96;86;90;71;4,2;1;
2026/04/14;1400 UTC;0;1006,2;1006,2;1005,7;1230,3;27,2;23,6;28;26,5;25,4;23,2;90;77;81;33;3,8;1,5;
2026/04/14;1500 UTC;0;1005,7;1006,2;1005,7;1237,9;28,1;24,6;28,9;27,1;25,1;23,4;85;75;82;12;5;1,1;
2026/04/14;1600 UTC;0;1004,9;1005,7;1004,9;906,4;26,5;23,6;28,1;26,3;25;23,2;85;81;84;189;5,4;2;
2026/04/14;1700 UTC;0;1004,1;1004,9;1004;1089,3;26,6;23,4;26,7;26;24,1;23;87;82;83;208;6;1,2;
2026/04/14;1800 UTC;0;1003,7;1004,1;1003,7;332,7;26;23,5;26,8;26;24,1;23,4;86;82;86;221;4,1;2;
2026/04/14;1900 UTC;0;1002,5;1003,7;1002,5;465,5;26,5;23,7;26,6;26;24,1;23;87;82;85;269;4,2;,9;
2026/04/14;2000 UTC;0;1001,4;1002,5;1001,4;535;26,5;23,7;26,8;26,3;23,9;23,3;86;82;85;283;3,6;1,1;
2026/04/14;2100 UTC;0;1000,7;1001,4;1000,7;262,2;26;23,7;26,8;26;23,9;23,5;88;83;87;307;3,7;,7;
2026/04/14;2200 UTC;0;1001;1001,1;1000,7;74,7;25,2;23,4;26;25,2;23,8;23,3;90;86;90;299;2,8;,5;
2026/04/14;2300 UTC;0;1001,3;1001,3;1000,9;0;24,6;23;25,2;24,6;23,4;23;91;89;91;351;1,7;,3;
2026/04/15;0000 UTC;0;1002,2;1002,2;1001,3;0;24,2;23;24,6;24,2;23,2;23;93;91;93;352;1,5;,3;
2026/04/15;0100 UTC;0;1003,4;1003,4;1002,2;0;24,4;23,1;24,4;24,2;23,2;23;93;92;92;40;2,2;,7;
2026/04/15;0200 UTC;0;1003,9;1004,1;1003,4;0;24,5;22,9;24,6;24,4;23,1;22,9;93;91;91;69;3,1;1,2;
2026/04/15;0300 UTC;0;1003,6;1004;1003,6;0;24,3;22,9;24,5;24,3;23;22,9;92;91;92;86;3,1;1,2;
2026/04/15;0400 UTC;0;1002,8;1003,6;1002,8;0;23,8;22,9;24,3;23,7;22,9;22,8;95;92;94;53;2,3;,5;
2026/04/15;0500 UTC;0;1002,5;1002,8;1002,5;0;24;22,9;24,2;23,7;23,1;22,8;95;93;94;54;2,1;1,2;
2026/04/15;0600 UTC;0;1001,9;1002,5;1001,9;0;23,9;23;24;23,9;23;22,9;95;94;95;49;2,2;1;
2026/04/15;0700 UTC;0;1001,9;1001,9;1001,7;0;23,6;23;23,9;23,6;23,1;22,9;96;95;96;356;2,2;,4;
2026/04/15;0800 UTC;0;1002,2;1002,2;1001,8;0;23,3;22,8;23,6;23,2;23;22,7;97;96;97;26;1;,2;
2026/04/15;0900 UTC;0;1002,8;1002,8;1002,2;0;23,2;22,7;23,3;23,1;22,9;22,7;97;97;97;321;,7;,3;
2026/04/15;1000 UTC;0;1003,6;1003,6;1002,8;,4;23,1;22,7;23,2;23,1;22,8;22,6;98;97;98;26;,9;,2;
2026/04/15;1100 UTC;0;1004,2;1004,2;1003,6;250,9;24,7;23,6;24,7;23,1;23,6;22,7;98;94;94;192;,9;,4;
2026/04/15;1200 UTC;0;1004,6;1004,6;1004,2;1135;27,6;24;27,6;24,7;24,2;23,3;94;81;81;1;1,8;,6;
2026/04/15;1300 UTC;0;1005,2;1005,2;1004,6;1945;29,5;23,4;29,6;27,1;24,4;22,7;81;70;70;20;3,3;1;
2026/04/15;1400 UTC;0;1005,3;1005,3;1005,2;2156,4;30,7;23,4;30,9;29;25;23;74;65;65;20;4,1;,6;
2026/04/15;1500 UTC;0;1004,7;1005,3;1004,7;1774,2;31,5;23,8;31,5;29,7;25,1;22,9;73;64;64;43;5,6;,9;
2026/04/15;1600 UTC;,2;1003,5;1004,7;1003,5;1403,2;30,6;25,1;31,5;28,9;25,7;23,4;81;64;72;61;5,6;1,5;
2026/04/15;1700 UTC;0;1001,9;1003,5;1001,9;2375;31,3;23,7;32,2;30,6;25,9;22,9;73;60;64;81;6,7;1,4;
2026/04/15;1800 UTC;0;1000,6;1001,8;1000,6;1731,2;32;24,3;32,6;31,3;24,6;23,3;66;60;64;93;6,1;2,2;
2026/04/15;1900 UTC;5,6;1000,6;1001;1000,5;534,3;25,4;23,6;32,9;25;24,6;23,3;93;59;90;45;9,5;1,8;
2026/04/15;2000 UTC;0;1000;1000,6;1000;385,8;27,1;23,5;27,2;25,4;24,2;23,5;90;80;81;44;4,8;1,8;
2026/04/15;2100 UTC;0;999,4;1000;999,4;287,8;27,7;23,3;27,9;27;24,2;22,9;84;75;77;40;3,6;1,2;
2026/04/15;2200 UTC;0;1000;1000;999,4;98,1;26,8;23,8;27,7;26,8;23,9;23,1;84;76;84;16;3,1;,5;
2026/04/15;2300 UTC;0;1000,5;1000,7;1000;0;26,2;24,1;26,8;26,2;24,2;23,8;88;84;88;19;2,1;,3;
2026/04/16;0000 UTC;0;1001,3;1001,3;1000,5;0;25,9;24,2;26,3;25,9;24,3;23,9;90;87;90;4;1,8;,3;
2026/04/16;0100 UTC;0;1002,5;1002,5;1001,3;0;26;24,4;26,4;25,9;24,5;24,2;91;89;91;40;1,8;,5;
2026/04/16;0200 UTC;0;1002,7;1002,7;1002,5;0;25,7;24,6;26,4;25,6;24,6;24,5;94;90;94;287;1,8;,3;
2026/04/16;0300 UTC;0;1003,3;1003,3;1002,7;0;25,5;24,6;25,7;25,4;24,8;24,5;95;94;95;9;,8;,4;
2026/04/16;0400 UTC;0;1003,2;1003,3;1003,1;0;25,4;24,6;25,5;25,2;24,7;24,5;96;95;96;5;,9;,4;
2026/04/16;0500 UTC;0;1002,8;1003,3;1002,8;0;25,2;24,5;25,4;25,1;24,7;24,5;96;96;96;21;,9;,4;
2026/04/16;0600 UTC;0;1002,6;1002,9;1002,6;0;25,4;24,6;25,5;25,2;24,7;24,5;96;95;95;346;1;,4;
2026/04/16;0700 UTC;0;1002,4;1002,7;1002,4;0;25,4;24,6;25,5;25,3;24,7;24,6;96;95;96;8;1;,3;
2026/04/16;0800 UTC;0;1002,2;1002,4;1002,1;0;25,1;24,5;25,5;25,1;24,7;24,4;97;95;97;82;1,1;,4;
2026/04/16;0900 UTC;0;1002,7;1002,7;1002,2;0;24,8;24;25,1;24,7;24,5;23,9;97;95;96;13;,8;,2;
2026/04/16;1000 UTC;0;1003,3;1003,3;1002,7;,3;25,3;24,6;25,3;24,7;24,6;24;97;96;96;13;,8;,4;
2026/04/16;1100 UTC;,2;1003,8;1003,8;1003,3;73,7;25,9;24,2;26;25,3;24,8;24;96;89;91;31;1,7;,7;
2026/04/16;1200 UTC;1,2;1005;1005;1003,8;87,4;24,5;23,3;26,1;24,5;24,6;23,2;94;88;93;116;4,7;1,9;
2026/04/16;1300 UTC;,6;1005,3;1005,3;1005;244,5;25,1;24,2;25,1;24,3;24,3;23,1;96;93;95;58;4,6;,2;
2026/04/16;1400 UTC;,2;1005,5;1005,7;1005,3;865,5;26,9;24,2;26,9;25;24,8;23,7;96;84;85;53;3,1;1,7;
2026/04/16;1500 UTC;0;1004,7;1005,6;1004,7;2094,7;29,6;24,6;29,7;26,9;25,6;23,3;86;71;75;75;3,9;1,7;
2026/04/16;1600 UTC;0;1003,4;1004,7;1003,4;2930,1;31,1;23,5;31,2;29,4;25,2;22,4;76;63;64;355;5,2;1,8;
2026/04/16;1700 UTC;0;1001,9;1003,4;1001,9;2000,6;31,2;24;31,9;30,5;24,4;22,5;69;59;66;59;5,8;1,4;
2026/04/16;1800 UTC;0;1000,1;1001,9;1000,1;1500,7;31,8;23,3;32,3;31;24,2;23;66;59;61;44;5,2;1,9;
2026/04/16;1900 UTC;0;998,9;1000,1;998,9;666,7;31,3;23,6;32,2;31,1;24,2;22,6;67;58;63;64;6;2,3;
2026/04/16;2000 UTC;0;997,9;998,9;997,9;254,8;31,3;23,9;32,1;29,9;24,9;23,6;75;62;65;86;5,2;2,1;
2026/04/16;2100 UTC;0;997,9;998;997,8;165,4;30,6;23,9;31,5;30,6;24,3;23,3;68;62;68;69;4,2;1,4;
2026/04/16;2200 UTC;6,4;999;999;997,9;82,8;26,2;25,2;30,9;25,7;25,2;23,6;94;65;94;88;9,1;,8;
2026/04/16;2300 UTC;0;1000,2;1000,3;999;1,3;27,1;25;27,8;26,2;25,3;24,6;94;83;89;154;3,4;,8;
2026/04/17;0000 UTC;0;1001,1;1001,1;1000,2;,2;26,7;24,8;27,3;26,7;25,2;24,7;90;86;89;168;3,3;1,1;
2026/04/17;0100 UTC;0;1001,8;1001,8;1001,1;0;26;24,9;26,7;26;25,1;24,7;94;89;93;155;2,1;,4;
2026/04/17;0200 UTC;0;1002,6;1002,6;1001,8;0;25,9;24,9;26,3;25,9;25,1;24,7;94;92;94;334;1,2;,3;
2026/04/17;0300 UTC;0;1002,8;1002,9;1002,6;0;25,9;25,1;25,9;25,8;25,1;24,9;96;94;95;323;,7;,3;
2026/04/17;0400 UTC;0;1002,5;1002,9;1002,5;0;25,8;25;25,9;25,8;25,1;25;96;95;95;22;1,1;,3;
2026/04/17;0500 UTC;0;1001,9;1002,5;1001,9;0;25,5;24,8;25,9;25,5;25,1;24,8;96;95;96;332;,9;,3;
2026/04/17;0600 UTC;0;1001,4;1001,9;1001,4;0;25,6;24,4;25,9;25,4;24,9;24,4;96;92;94;60;1,5;,6;
2026/04/17;0700 UTC;0;1000,3;1001,4;1000,3;0;25,1;24,1;25,6;25,1;24,5;24;95;93;94;65;1,4;,8;
2026/04/17;0800 UTC;0;1000,6;1000,6;1000,3;0;25;24,1;25,3;24,9;24,2;23,8;95;93;95;357;1,3;,2;
2026/04/17;0900 UTC;0;1001,1;1001,1;1000,5;0;25,1;24,1;25,3;24,8;24,4;24;96;94;94;43;1,5;,5;
2026/04/17;1000 UTC;0;1001,9;1001,9;1001,1;,6;25;24,3;25,1;24,8;24,4;24;96;94;95;254;,9;,2;
2026/04/17;1100 UTC;0;1002,8;1002,8;1001,9;115,3;26;24,3;26;24,9;24,8;24,1;96;90;90;76;1,2;,6;
2026/04/17;1200 UTC;0;1003,4;1003,6;1002,8;307,2;27;25;27,5;26;25;24,2;91;84;89;274;2;,5;
2026/04/17;1300 UTC;0;1004;1004;1003,4;1579,8;29,3;24,4;29,4;27;25,7;24,4;89;75;75;307;2,2;,7;
2026/04/17;1400 UTC;0;1003,9;1004,1;1003,9;1269,8;29,6;24,9;29,9;29,2;25,7;24,3;81;73;76;265;2,5;,9;
2026/04/17;1500 UTC;0;1003,3;1003,9;1003,3;1169;29,1;24,7;30,7;28,8;25,7;24,3;79;70;78;258;4,5;1,2;
2026/04/17;1600 UTC;,6;1002,5;1003,3;1002,5;290;27,6;25;29;27,6;25,3;24,7;86;78;86;181;4,5;1,2;
2026/04/17;1700 UTC;7,6;1002,7;1002,8;1002,3;148,1;24,4;23,7;27,5;24,4;25,5;23,5;96;86;96;42;6,8;1,6;
2026/04/17;1800 UTC;2,8;1001,2;1002,7;1001,2;75,3;24,3;23,7;24,6;24,3;24;23,6;97;96;96;261;4;,3;
2026/04/17;1900 UTC;1,8;1000,7;1001,2;1000,5;89,5;24,6;23,9;24,7;24,3;24,1;23,6;97;95;96;30;2,3;,4;
2026/04/17;2000 UTC;,2;1000;1000,7;999,8;107,6;24,6;23,8;24,8;24,5;24,2;23,8;97;96;96;76;,8;,4;
2026/04/17;2100 UTC;0;999,9;1000,1;999,8;119,1;24,8;24,1;24,8;24,5;24,1;23,7;96;94;96;101;2,1;,4;
2026/04/17;2200 UTC;0;1000,2;1000,2;999,9;47,4;24,4;23,7;24,9;24,4;24,1;23,7;96;94;96;16;2;,4;
2026/04/17;2300 UTC;,2;1000,5;1000,6;1000,2;0;24,2;23,5;24,4;24,2;23,8;23,4;97;95;96;264;1,1;,3;
2026/04/18;0000 UTC;0;1001;1001;1000,5;0;24,3;23,5;24,4;24,2;23,7;23,4;96;95;96;263;1,1;,3;
2026/04/18;0100 UTC;0;1001,9;1001,9;1001;0;24,3;23,6;24,4;24,2;23,6;23,4;96;95;96;321;1,1;,4;
2026/04/18;0200 UTC;0;1003;1003;1001,9;0;25;24,1;25;24,3;24,1;23,6;97;94;95;240;1,6;,6;
2026/04/18;0300 UTC;0;1003,4;1003,5;1003;0;24,9;23,7;25,1;24,9;24,2;23,6;95;92;93;238;1,7;,6;
2026/04/18;0400 UTC;0;1003,1;1003,5;1003,1;0;25,3;24;25,4;24,9;24,1;23,7;94;91;93;238;2,8;,7;
2026/04/18;0500 UTC;0;1002,7;1003,1;1002,7;0;25,3;23,9;25,3;25,2;24,2;23,9;94;92;92;245;3;,7;
2026/04/18;0600 UTC;0;1001,8;1002,7;1001,8;0;25,2;24;25,4;25,1;24,1;23,8;94;90;93;235;2,6;,8;
2026/04/18;0700 UTC;0;1001,9;1001,9;1001,7;0;25,3;24,1;25,4;24,9;24,3;24;95;93;93;231;3,9;1,8;
2026/04/18;0800 UTC;0;1001,5;1001,9;1001,5;,5;25,3;24,1;25,4;25,2;24,2;24;94;92;93;187;3,9;1,5;
2026/04/18;0900 UTC;0;1001,5;1001,5;1001,3;,4;25,2;24,1;25,3;25,1;24,2;24;94;93;94;228;3,1;1;
2026/04/18;1000 UTC;0;1002,1;1002,1;1001,5;,2;25,2;24,1;25,2;25,1;24,2;24,1;94;94;94;241;3,4;1,2;
2026/04/18;1100 UTC;0;1003,3;1003,3;1002,1;129,6;25,9;24,3;25,9;25,1;24,3;24;94;91;91;230;3,4;1,1;
2026/04/18;1200 UTC;0;1004,3;1004,3;1003,3;717,9;26,6;24,1;26,6;25,9;24,4;23,5;91;84;86;270;3,4;,8;
2026/04/18;1300 UTC;0;1005;1005;1004,3;1620,6;28,1;24;28,1;26,6;24,1;23,2;86;78;79;248;5,2;1,6;
2026/04/18;1400 UTC;0;1005,1;1005,1;1005;2350;28,7;24,2;29,2;27,9;24,6;23,4;80;73;77;269;5,1;1,5;
2026/04/18;1500 UTC;0;1004,6;1005,1;1004,6;1965,4;29,7;24,2;30,2;28,6;25,7;23,8;79;71;73;281;4,7;,9;
2026/04/18;1600 UTC;0;1004,1;1004,6;1004,1;1288,2;26,4;22,5;30,4;26,4;25,3;22,5;81;70;79;310;7,3;1,7;
2026/04/18;1700 UTC;6,8;1002,9;1004,2;1002,9;379,1;24,9;23,5;26,4;24,7;23,7;22,2;93;79;92;268;7,3;,6;
2026/04/18;1800 UTC;,2;1002;1002,9;1002;837,6;27;24,4;27,1;24,9;24,8;23;93;85;85;331;2,6;,7;
2026/04/18;1900 UTC;0;1001,2;1002;1001,2;457,7;26,5;24,1;27,9;26,5;25,1;23,8;87;81;87;340;2,7;,7;
2026/04/18;2000 UTC;0;1000,4;1001,3;1000,4;176,1;25,8;23,5;26,5;25,5;24,1;23,2;89;85;87;30;3,5;,8;
2026/04/18;2100 UTC;0;1000,3;1000,4;1000,2;223,5;26,7;23,8;26,7;25,8;24;23,5;88;83;84;41;3;1,4;
2026/04/18;2200 UTC;0;1001,2;1001,2;1000,3;104,2;26,1;24,3;26,7;26,1;24,4;23,8;90;84;90;4;3,5;,5;
2026/04/18;2300 UTC;0;1002;1002;1001,2;0;25,8;24,4;26,1;25,7;24,4;24,2;92;90;92;353;1,4;,3;
2026/04/19;0000 UTC;0;1003;1003;1002;0;26;24,2;26;25,7;24,4;24,2;93;90;90;50;2,4;1,2;
2026/04/19;0100 UTC;0;1004,2;1004,2;1003;0;25,8;23,9;26;25,7;24,2;23,9;90;89;89;45;3,1;1,6;
2026/04/19;0200 UTC;0;1004,6;1004,7;1004,2;0;25,2;23,5;25,8;25,2;24;23,5;91;89;90;47;5,3;2,4;
2026/04/19;0300 UTC;0;1005;1005;1004,6;0;24,9;23;25,2;24,9;23,5;23;90;89;89;43;5,3;1,7;
2026/04/19;0400 UTC;0;1005;1005,1;1004,9;0;24,7;22,7;24,9;24,7;23;22,6;90;88;88;58;3,9;1,7;
2026/04/19;0500 UTC;0;1004,7;1005;1004,7;0;24,6;22,7;24,8;24,6;22,8;22,6;89;88;89;62;3,7;1,2;
2026/04/19;0600 UTC;,4;1004,2;1004,7;1004,2;0;24,2;22,8;24,6;24,2;22,9;22,7;92;89;92;54;2,7;1,1;
2026/04/19;0700 UTC;0;1003,8;1004,2;1003,8;0;24,3;22,7;24,3;24,1;22,9;22,7;93;91;91;60;3,4;1,4;
2026/04/19;0800 UTC;0;1003,6;1003,8;1003,6;0;24;22,5;24,3;24;22,8;22,5;92;91;91;36;3,9;2,1;
2026/04/19;0900 UTC;0;1003,6;1003,7;1003,6;0;23,9;22,4;24;23,9;22,5;22,4;92;91;92;44;3,9;1,7;
2026/04/19;1000 UTC;0;1003,8;1003,8;1003,6;0;23,7;22,3;23,9;23,6;22,4;22,3;93;91;92;48;3;1,5;
2026/04/19;1100 UTC;0;1004,4;1004,4;1003,8;99,2;24,2;22,7;24,2;23,7;22,7;22,3;93;91;91;26;2,8;,6;
2026/04/19;1200 UTC;0;1005,4;1005,4;1004,4;391,9;25,4;23;25,4;24,2;23,1;22,4;92;86;86;313;2,5;,5;
2026/04/19;1300 UTC;0;1006,1;1006,1;1005,4;1043,1;27,3;23,2;28,3;25,4;24;22,7;87;75;78;248;1,5;,7;
2026/04/19;1400 UTC;0;1006,1;1006,2;1006,1;1076,4;28,3;23,5;28,5;27,1;24;22,8;80;73;75;8;1,7;,4;
2026/04/19;1500 UTC;0;1006,1;1006,2;1006,1;1171,1;28,1;23,5;28,6;27,9;24,5;23,1;81;73;76;196;3,4;,9;
2026/04/19;1600 UTC;0;1005,6;1006,1;1005,6;970,7;28,1;23,8;28,6;27,9;24,3;23,1;79;74;78;246;3,2;1,3;
2026/04/19;1700 UTC;0;1005;1005,6;1005;798,3;27,3;24;28,3;27,3;24,7;23,5;84;77;82;162;4,1;1,8;
2026/04/19;1800 UTC;0;1003,6;1005;1003,6;833,9;27;23,8;27,5;27;24,6;23,8;86;82;83;199;5,5;2,2;
2026/04/19;1900 UTC;0;1002,7;1003,6;1002,7;814,4;27,3;23,4;27,3;26,8;24,5;23,2;85;79;79;187;5;2;
2026/04/19;2000 UTC;0;1002,2;1002,7;1002,2;720,4;28;22,6;28,4;27,1;23,9;22,6;80;71;72;216;4,3;1,5;
2026/04/19;2100 UTC;0;1001,6;1002,2;1001,6;389,1;27,4;23,2;28,1;27,4;23,4;22,7;78;72;78;237;3,7;1,3;
2026/04/19;2200 UTC;0;1002;1002;1001,6;92,8;26,8;23,1;27,4;26,8;23,4;23;81;77;80;225;3,2;1;
2026/04/19;2300 UTC;0;1002,3;1002,4;1001,9;0;26,6;23,4;26,8;26,4;23,6;23,1;84;80;83;188;2,2;,7;
2026/04/20;0000 UTC;0;1003,1;1003,1;1002,3;0;26;23,7;26,6;26;23,9;23,4;88;83;87;58;1,6;,2;
2026/04/20;0100 UTC;0;1003,9;1003,9;1003,1;0;25,7;23,9;26;25,6;23,9;23,6;90;87;90;168;1,2;,6;
2026/04/20;0200 UTC;0;1004,3;1004,3;1003,9;,2;26,5;23,9;26,5;25,7;24;23,8;90;85;86;130;1,9;1,1;
2026/04/20;0300 UTC;0;1004,2;1004,3;1004,2;0;26,3;24,1;26,5;26,2;24,1;23,9;88;86;88;143;2,5;,9;
2026/04/20;0400 UTC;0;1004;1004,3;1004;0;26,2;24,4;26,3;26,2;24,4;24,1;90;88;90;110;2,9;1,1;
2026/04/20;0500 UTC;0;1003,7;1004;1003,7;0;26;24,3;26,2;25,9;24,4;24,3;91;90;91;116;2,9;1,2;
2026/04/20;0600 UTC;0;1003,4;1003,7;1003,4;0;25,8;24,6;26;25,8;24,6;24,3;93;91;93;119;2,6;,9;
2026/04/20;0700 UTC;0;1003,2;1003,4;1003,1;0;25,7;24,7;25,8;25,7;24,7;24,6;94;93;94;121;2,9;1,1;
2026/04/20;0800 UTC;,2;1003,6;1003,6;1003,2;0;25,7;24,6;25,7;25,6;24,7;24,6;94;94;94;78;2,9;1,1;
2026/04/20;0900 UTC;0;1004,1;1004,1;1003,6;0;25,2;24,3;25,7;25,2;24,6;24,3;95;93;95;172;2,9;,2;
2026/04/20;1000 UTC;0;1005;1005;1004,1;,2;25,2;24,2;25,3;25;24,3;24,2;95;94;94;223;1,2;,4;
2026/04/20;1100 UTC;0;1005,5;1005,5;1005;78,5;25,7;24,4;25,7;25,2;24,4;24,2;94;92;93;221;3;1,1;
2026/04/20;1200 UTC;0;1006,5;1006,5;1005,5;559,6;26,6;24,2;26,7;25,7;24,8;24,1;93;87;87;218;3,4;1,6;
2026/04/20;1300 UTC;0;1007,2;1007,2;1006,5;776,7;27,1;24,1;27,4;26,6;24,8;23,9;88;83;84;183;3,4;1,2;
2026/04/20;1400 UTC;0;1007,3;1007,4;1007,2;1006,2;27,6;23,9;28,9;27,1;25,7;23,8;84;78;80;126;3,4;1,3;
2026/04/20;1500 UTC;,2;1007;1007,3;1007;563,3;26,1;23,4;28;25,5;24,3;22,5;87;77;85;44;4,9;1,7;
2026/04/20;1600 UTC;0;1005,2;1007;1005,2;1239,1;27,5;22,8;28,4;26,1;24,9;22,8;85;73;75;54;5,6;1,3;
2026/04/20;1700 UTC;0;1005,2;1005,5;1005,2;628,7;28,1;23,6;28,5;27,5;23,8;22,9;78;74;76;57;2,9;1,2;
2026/04/20;1800 UTC;0;1004,2;1005,2;1004,2;683,4;26,7;22,5;28,2;26,6;24,2;22,3;79;76;78;54;7,4;2,2;
2026/04/20;1900 UTC;0;1003,7;1004,2;1003,7;494,3;26,6;22,9;27,1;26,5;23,2;22,5;81;77;80;45;4,4;1,7;
2026/04/20;2000 UTC;0;1003,1;1003,7;1003,1;88,4;25,7;22,9;26,6;25,7;23,1;22,8;85;80;85;61;4,5;2,2;
2026/04/20;2100 UTC;,4;1003,1;1003,1;1002,9;95,7;25,1;23,3;25,7;25;23,4;22,9;91;85;90;61;4,5;1,4;
2026/04/20;2200 UTC;0;1003,3;1003,3;1003,1;60,7;25;23,3;25,3;25;23,4;23,1;90;89;90;46;3,6;1,3;
2026/04/20;2300 UTC;0;1004,1;1004,1;1003,3;0;24,8;23,2;25;24,7;23,3;23,2;91;90;91;34;4,1;1,6;
2026/04/21;0000 UTC;0;1004,7;1004,7;1004,1;0;24,4;23,2;24,8;24,3;23,4;23,2;94;91;94;326;3,5;,3;
2026/04/21;0100 UTC;0;1005,2;1005,2;1004,7;0;24,3;23,3;24,4;24,2;23,3;23,2;95;93;94;4;1,3;,3;
2026/04/21;0200 UTC;0;1005,4;1005,4;1005,2;0;24,3;23,4;24,5;24,3;23,5;23,3;95;94;95;17;1,3;,3;
2026/04/21;0300 UTC;0;1004,8;1005,5;1004,8;0;24,2;23,4;24,4;24,2;23,5;23,3;95;95;95;92;1,3;,5;
2026/04/21;0400 UTC;0;1004,2;1004,9;1004,2;0;24,7;23,4;24,7;24,2;23,6;23,4;95;93;93;83;2,2;1,4;
2026/04/21;0500 UTC;0;1003,5;1004,2;1003,5;0;24,6;23,4;24,7;24,6;23,5;23,4;93;92;93;98;2,3;,6;
2026/04/21;0600 UTC;0;1003,1;1003,5;1003,1;0;25;23,6;25;24,6;23,7;23,4;94;92;92;95;2,2;,7;
2026/04/21;0700 UTC;0;1003,1;1003,2;1003;0;25;23,9;25;24,9;24;23,6;94;92;94;121;2,2;,8;
2026/04/21;0800 UTC;,6;1003,5;1003,5;1003,1;0;24,8;24;25;24,8;24;23,9;95;94;95;128;2,2;,4;
2026/04/21;0900 UTC;0;1004,1;1004,1;1003,5;0;24,6;24,1;24,8;24,6;24,2;24;97;95;97;230;1,5;,1;
2026/04/21;1000 UTC;0;1004,6;1004,6;1004,1;,7;24,6;24,1;24,7;24,5;24,2;24;97;97;97;15;,6;,3;
2026/04/21;1100 UTC;0;1005,6;1005,6;1004,6;123,8;24,8;24,2;24,9;24,6;24,2;24;97;96;96;332;1,4;,4;
2026/04/21;1200 UTC;0;1006,2;1006,2;1005,6;448,3;25,9;24,4;25,9;24,8;24,7;24,2;96;91;92;14;1,8;,8;
2026/04/21;1300 UTC;0;1006,9;1006,9;1006,2;1411;28,6;24;28,7;25,9;25,5;24;92;76;76;28;3,5;1,3;
2026/04/21;1400 UTC;0;1006,9;1007;1006,9;2221,4;29,8;24;30,4;28,1;25,4;23,1;80;69;71;2;4,1;1,6;
2026/04/21;1500 UTC;0;1006,9;1007;1006,8;2109,7;29,6;23,6;30,5;29;24,8;23;76;68;70;24;4,6;1,2;
2026/04/21;1600 UTC;0;1006,4;1006,9;1006,3;2933,7;31;23,7;31,3;29,4;25;22,7;72;64;65;45;5,4;1,9;
2026/04/21;1700 UTC;0;1005;1006,4;1005;1995;31;23,4;31,1;29,6;24,2;22,6;69;62;64;70;5,1;1,1;
2026/04/21;1800 UTC;0;1003,3;1005;1003,3;1459,7;30,6;24;31,9;30,1;24,1;22,5;68;60;68;201;3,4;1,4;
2026/04/21;1900 UTC;0;1002,4;1003,3;1002,3;451,9;28,5;23,7;31,1;28,5;24,3;23;75;64;75;20;4,5;1,7;
2026/04/21;2000 UTC;21;1001,9;1002,8;1001,9;241,2;26,2;24,3;28,5;24,7;24,9;23,5;96;75;89;132;7,6;1;
2026/04/21;2100 UTC;0;1001,8;1001,9;1001,5;206,9;26,9;24,1;27;26;25,3;24;93;84;85;35;2,1;,9;
2026/04/21;2200 UTC;0;1001,8;1001,9;1001,7;111,6;27,6;23,8;27,9;26,8;24,3;23,6;85;78;80;76;3;1,4;
2026/04/21;2300 UTC;0;1002,8;1002,9;1001,8;3,1;26,5;23,8;27,7;26,5;24;23,6;85;79;85;301;3,5;,4;
2026/04/22;0000 UTC;0;1004,1;1004,1;1002,8;0;25,8;24,1;26,5;25,8;24,3;23,6;91;85;90;89;,9;,2;
2026/04/22;0100 UTC;0;1005;1005;1004,1;0;25,7;24,2;26;25,7;24,3;23,9;92;89;92;353;,9;,2;
2026/04/22;0200 UTC;0;1005,1;1005,1;1005;0;25,4;23,9;25,8;25,4;24,2;23,9;92;90;92;17;1,5;,3;
2026/04/22;0300 UTC;0;1005,1;1005,2;1005,1;0;25,2;24,2;25,4;25,2;24,3;24;94;92;94;359;1,6;,3;
2026/04/22;0400 UTC;0;1005,4;1005,4;1005;0;25,4;24,4;25,4;25,2;24,4;24,2;95;93;94;37;1,5;,3;
2026/04/22;0500 UTC;0;1004,1;1005,4;1004,1;0;25,2;24,4;25,5;25,2;24,4;24,3;95;94;95;268;1,1;,2;
2026/04/22;0600 UTC;0;1003,6;1004,1;1003,5;0;25,1;24,4;25,3;25,1;24,5;24,3;96;95;96;219;,9;,3;
2026/04/22;0700 UTC;0;1003,7;1003,7;1003,4;0;25,2;24,5;25,3;25,1;24,5;24,3;96;95;95;43;1;,4;
2026/04/22;0800 UTC;3,8;1003,6;1004,1;1003,6;0;24,3;23,1;26;24,3;24,7;22,9;96;86;93;92;6;,7;
2026/04/22;0900 UTC;,6;1004;1004;1003,6;0;23,8;22,7;24,5;23,8;23,4;22,6;94;92;94;77;3,3;1,4;
2026/04/22;1000 UTC;5,2;1004,1;1004,1;1004;,6;23,6;23;23,8;23,6;23;22,7;96;94;96;72;2,7;1,3;
2026/04/22;1100 UTC;11,8;1004,8;1004,8;1004,1;55,5;23,5;22,8;23,6;23,3;23,1;22,7;97;96;96;139;3,8;1,2;
2026/04/22;1200 UTC;1;1006,3;1006,3;1004,8;225,9;24,6;23,8;24,7;23,5;23,8;22,9;96;93;95;145;3,8;,8;
2026/04/22;1300 UTC;,2;1006,9;1006,9;1006,3;412,2;24,6;23;25,1;24,6;24,4;23;96;91;91;153;3,8;1,1;
2026/04/22;1400 UTC;1;1007,3;1007,3;1006,9;370;24,5;23,3;24,9;24,4;23,9;23,1;94;91;93;174;3,2;1,2;
2026/04/22;1500 UTC;2,2;1007,8;1008;1007,3;248,4;24,1;23,3;24,5;24;23,5;22,9;95;92;95;187;3,4;1,1;
2026/04/22;1600 UTC;2,6;1006,7;1007,8;1006,7;242,5;24;23,3;24,3;23,8;23,7;22,9;96;94;96;185;3,5;,9;
2026/04/22;1700 UTC;1,8;1005,6;1006,7;1005,6;504,7;24,5;23,7;24,5;23,8;23,8;22,8;96;94;96;240;4,1;1,3;
2026/04/22;1800 UTC;0;1004,5;1005,6;1004,5;952,8;25,7;23,4;25,7;24,3;23,9;23;96;86;87;236;5,2;1,7;
2026/04/22;1900 UTC;0;1004,4;1004,6;1004,4;744,8;25,1;23;25,8;25;23,2;22,5;88;84;88;240;7,2;1,7;
2026/04/22;2000 UTC;0;1004,2;1004,4;1004,1;316,3;25,6;22,8;25,6;25;23,1;22,6;88;84;85;245;5,4;1,9;
2026/04/22;2100 UTC;0;1004,4;1004,5;1004,2;242,1;25,3;22,6;25,6;25,2;23;22,5;86;84;85;255;5,4;1,1;
2026/04/22;2200 UTC;0;1005,3;1005,3;1004,4;76,8;25;22,7;25,3;25;22,7;22,3;87;84;87;232;4,6;1,3;
2026/04/22;2300 UTC;0;1006,3;1006,3;1005,3;0;24,9;22,6;25;24,8;22,8;22,4;88;86;87;262;3;,3;
2026/04/23;0000 UTC;0;1007,1;1007,1;1006,3;0;24,4;22,7;24,9;24,4;22,7;22,4;90;86;90;115;1,1;,4;
2026/04/23;0100 UTC;,2;1007,5;1007,5;1007,1;0;24,4;22,7;24,7;24,3;22,8;22,5;91;88;90;343;2,1;,4;
2026/04/23;0200 UTC;,2;1007,2;1007,6;1007,1;0;24,1;23,2;24,4;24;23,2;22,7;95;90;95;7;1;,2;
2026/04/23;0300 UTC;0;1006,5;1007,2;1006,4;0;23,8;23;24,2;23,8;23,4;23;96;94;95;55;2;1;
2026/04/23;0400 UTC;0;1005,4;1006,5;1005,4;0;23,6;22,8;23,9;23,6;23,2;22,8;96;95;96;60;1,7;,2;
2026/04/23;0500 UTC;0;1004,8;1005,4;1004,8;0;23,5;22,7;23,6;23,5;22,9;22,7;96;95;95;79;1,4;,5;
2026/04/23;0600 UTC;0;1004,3;1004,8;1004,3;0;23,6;22,8;23,6;23,5;22,8;22,6;95;94;95;17;1,1;,4;
2026/04/23;0700 UTC;0;1003,9;1004,3;1003,9;,2;23,8;22,6;23,8;23,6;22,9;22,5;96;92;93;39;1,9;,8;
2026/04/23;0800 UTC;0;1003,9;1003,9;1003,6;0;23,9;22,8;23,9;23,7;22,9;22,6;94;93;94;55;1,8;,9;
2026/04/23;0900 UTC;0;1004;1004;1003,8;,6;24;22,4;24;23,8;22,8;22,4;94;91;91;54;2,3;1,1;
2026/04/23;1000 UTC;,2;1004,6;1004,6;1003,9;,1;23,9;22,6;24;23,8;22,6;22,4;93;91;92;48;2;1,1;
2026/04/23;1100 UTC;0;1005,6;1005,6;1004,6;104,8;24,3;22,5;24,3;23,9;22,6;22,4;93;90;90;49;2,6;1,3;
2026/04/23;1200 UTC;0;1006,6;1006,6;1005,6;632,8;26,3;23,3;26,3;24,3;23,6;22,6;90;83;84;53;2,9;1,4;
2026/04/23;1300 UTC;0;1007,5;1007,5;1006,6;947,9;27,5;23,8;27,5;25,9;24,1;22,7;86;79;81;69;3,4;1,1;
2026/04/23;1400 UTC;0;1007,8;1007,8;1007,5;1168,3;28,2;23,8;28,2;27,1;23,8;22,6;81;75;77;52;3,1;1;
2026/04/23;1500 UTC;0;1007,3;1007,8;1007,3;1603,8;29,1;23,8;29,1;27,9;24,4;22,9;78;71;73;41;3,3;1,4;
2026/04/23;1600 UTC;0;1006,2;1007,3;1006,2;1218,8;28,9;23,4;29,2;28,1;24,1;23;78;70;72;78;3,9;1,9;
2026/04/23;1700 UTC;0;1004,8;1006,1;1004,8;1639,7;29,4;23,1;29,5;28,6;23,8;22,6;74;67;69;30;4,5;1,8;
2026/04/23;1800 UTC;0;1003,8;1004,8;1003,8;853,7;28,1;23,2;29,4;28,1;23,4;22,5;75;67;75;41;4,5;1,6;
2026/04/23;1900 UTC;,6;1003;1003,8;1003;420,4;28,1;23,1;28,1;26,2;24,3;22,7;89;73;74;103;3,8;1,3;
2026/04/23;2000 UTC;0;1002,7;1003;1002,6;465,2;28,3;23,1;28,5;28,1;24,2;22,7;78;71;73;108;3,1;1;
2026/04/23;2100 UTC;,2;1002,8;1002,9;1002,6;141,3;25,1;23,6;28,3;25,1;23,9;23;91;73;91;251;2,9;,8;
2026/04/23;2200 UTC;0;1002,9;1002,9;1002,7;54;25,4;23,1;25,6;25;23,6;23;92;87;87;169;3,2;,6;
2026/04/23;2300 UTC;0;1003,4;1003,4;1002,8;,1;25,5;23,7;26,1;25,4;23,9;22,9;90;84;90;351;2;,3;
2026/04/24;0000 UTC;0;1004;1004;1003,3;0;26,1;23,8;26,1;25,2;24;23,6;93;87;87;38;1,6;1,2;
2026/04/24;0100 UTC;0;1004,8;1004,8;1004;0;26,3;23,7;26,4;25,5;23,9;23,6;90;85;86;55;2,1;1,1;
2026/04/24;0200 UTC;0;1005,3;1005,3;1004,8;0;26,2;23,9;26,3;26;24,1;23,7;89;86;87;68;2,5;1,5;
2026/04/24;0300 UTC;0;1005,5;1005,5;1005,3;0;25,1;23,6;26,2;25;23,9;23,6;92;86;92;86;2,5;,6;
2026/04/24;0400 UTC;0;1005,5;1005,7;1005,5;0;25,6;23,3;25,8;25,1;23,6;23,2;92;86;87;69;1,9;1;
2026/04/24;0500 UTC;0;1005,1;1005,5;1005,1;0;25,3;23,1;25,6;25;23,4;23,1;90;87;88;41;1,9;,9;
2026/04/24;0600 UTC;0;1004,6;1005,1;1004,6;0;24,9;23,3;25,4;24,9;23,3;22,9;91;87;91;20;1,9;,2;
2026/04/24;0700 UTC;0;1004,1;1004,6;1004,1;0;24,9;22,7;25,1;24,8;23,3;22,6;91;87;87;47;1,7;,7;
2026/04/24;0800 UTC;0;1004,2;1004,2;1004;0;24,8;22,5;25,2;24,8;22,7;22,5;87;85;87;41;3,3;1;
2026/04/24;0900 UTC;0;1004,5;1004,5;1004,2;0;24,5;22,7;24,9;24,5;22,7;22,5;90;87;90;60;2,4;,4;
2026/04/24;1000 UTC;0;1005,2;1005,2;1004,5;,6;24,3;22,9;24,8;24,2;22,9;22,7;92;88;92;45;2,4;,5;
2026/04/24;1100 UTC;0;1005,8;1005,8;1005,2;285,2;26,1;23,3;26,1;24,3;23,5;22,8;92;85;85;19;3,3;,9;
2026/04/24;1200 UTC;0;1006,6;1006,6;1005,8;947,3;27,1;23,5;27,3;26;23,7;23;86;79;81;37;3,8;1,9;
2026/04/24;1300 UTC;0;1007,1;1007,1;1006,6;1133,5;29,4;24,7;29,4;26,6;24,7;23;83;73;76;58;3,9;1,1;
2026/04/24;1400 UTC;0;1007,3;1007,4;1007,1;1480,6;29,3;25;29,8;28,3;25;23;78;70;77;156;3;,8;
2026/04/24;1500 UTC;0;1006,6;1007,3;1006,6;1973,2;29,3;23,2;30,7;28,8;24,3;22,3;77;63;70;105;4,4;1,7;
2026/04/24;1600 UTC;0;1005,9;1006,6;1005,9;947,8;27,9;24,9;30,4;27,8;25,2;23,4;84;69;84;290;4,3;,8;
2026/04/24;1700 UTC;,8;1004,9;1005,9;1004,9;1036,2;29,1;26,2;29,1;27,5;26,4;24,3;88;78;84;243;3,9;,5;
2026/04/24;1800 UTC;0;1003,7;1004,9;1003,7;987,5;29,1;23,6;30,8;29;25,9;23;84;64;72;328;1,9;,7;
2026/04/24;1900 UTC;0;1002,7;1003,7;1002,6;616,2;29,9;24,1;30;29,1;24,9;23,2;76;68;71;193;2,9;1;
2026/04/24;2000 UTC;0;1002,7;1002,8;1002,5;468,3;29,7;23,4;30,1;29,6;24;22,8;71;66;69;106;3,9;1,7;
2026/04/24;2100 UTC;0;1002,5;1002,7;1002,3;268,7;27,5;23,9;29,6;27,2;23,9;22,9;81;68;81;139;5,5;,9;
2026/04/24;2200 UTC;0;1003,2;1003,2;1002,5;75,2;26,8;22,9;27,5;26,7;23,9;22,9;83;79;80;116;4;1,4;
2026/04/24;2300 UTC;0;1004,3;1004,3;1003,2;0;26,3;23,5;26,8;26,3;23,5;22,9;85;79;85;84;3,7;,5;
2026/04/25;0000 UTC;0;1004,6;1004,6;1004,2;0;26,4;23,8;26,7;26,1;23,8;23,5;86;84;86;46;2;,6;
2026/04/25;0100 UTC;0;1005,2;1005,2;1004,6;0;25,9;23,9;26,8;25,9;24;23,8;89;84;89;250;1,7;,3;
2026/04/25;0200 UTC;0;1005,7;1005,7;1005,2;0;25,5;24;26,2;25,5;24;23,8;91;87;91;195;1,6;,5;
2026/04/25;0300 UTC;0;1005,7;1005,8;1005,7;0;26,1;24,2;26,1;25,5;24,2;23,9;91;90;90;188;2,2;,8;
2026/04/25;0400 UTC;0;1004,9;1005,7;1004,9;0;25,7;24,2;26,1;25,6;24,3;24,1;92;90;91;139;2;,9;
2026/04/25;0500 UTC;0;1004,5;1004,9;1004,5;0;25,4;24;25,9;25,2;24,2;24;93;90;92;121;1,9;,6;
2026/04/25;0600 UTC;0;1003,8;1004,5;1003,8;0;25,4;23,9;25,8;25,3;24,1;23,9;92;90;91;83;2;,3;
2026/04/25;0700 UTC;0;1003,7;1003,8;1003,7;0;25,3;23,9;25,6;25;24;23,7;93;91;92;73;2;,8;
2026/04/25;0800 UTC;0;1004,1;1004,1;1003,6;0;24,4;23,5;25,3;24,3;23,8;23,4;95;91;95;186;1,3;,2;
2026/04/25;0900 UTC;0;1004,4;1004,4;1004;0;24,7;23,7;24,8;24,4;23,7;23,4;95;92;94;19;1,2;,1;
2026/04/25;1000 UTC;0;1004,7;1004,7;1004,2;,5;24,8;23,9;24,9;24,7;23,9;23,6;95;94;95;189;1,4;,3;
2026/04/25;1100 UTC;0;1005,5;1005,5;1004,7;84,9;25,9;24,6;25,9;24,8;24,6;24;95;92;92;245;1,7;,7;
2026/04/25;1200 UTC;0;1006,1;1006,1;1005,5;646,6;27,4;24,5;28;25,9;25,3;24,1;92;82;84;152;2,5;1,1;
2026/04/25;1300 UTC;0;1006,6;1006,6;1006,1;989,3;28,7;24,4;28,7;27,3;24,9;23,7;84;77;77;121;3,1;,8;
2026/04/25;1400 UTC;0;1006,7;1006,8;1006,6;1757,3;29,2;24,5;30;28,3;25,5;24,2;82;74;76;116;4;1,2;
2026/04/25;1500 UTC;0;1006,3;1006,8;1006,3;2243,5;29,6;24,5;30,7;28,9;25,6;23,8;77;68;74;192;4,1;1,9;
2026/04/25;1600 UTC;0;1005,1;1006,3;1005,1;1173,5;29,3;23,9;30,6;29,3;25,4;23,6;77;70;73;188;4,7;1,6;
2026/04/25;1700 UTC;0;1003,8;1005,1;1003,8;768,4;27,6;22,7;30,4;27,6;24,3;22,7;76;66;75;23;3,3;,8;
2026/04/25;1800 UTC;0;1002,8;1003,8;1002,8;758,4;28,6;23,4;29,6;27;24,4;22,4;81;69;74;344;3,4;,8;
2026/04/25;1900 UTC;0;1002,3;1002,8;1002,2;676,1;28,7;24,3;28,9;28,4;24,4;23,2;78;72;77;277;3,5;1;
2026/04/25;2000 UTC;0;1002,6;1002,7;1002,3;362,2;26,5;23,5;28,7;26,5;24,2;23,2;84;74;84;237;6,7;2;
2026/04/25;2100 UTC;7;1002,7;1002,9;1002,6;41,1;24,7;23,8;26,6;24,6;24;23,3;96;83;95;254;5,3;,7;
2026/04/25;2200 UTC;,6;1002,8;1002,9;1002,5;18,9;24,8;23,9;24,9;24,6;24,2;23,7;96;94;94;267;2,2;,6;
2026/04/25;2300 UTC;0;1004;1004;1002,7;,1;24,6;23,9;24,8;24,6;24,2;23,8;96;94;96;3;2,2;,4;
2026/04/26;0000 UTC;0;1004,4;1004,4;1004;0;24,5;23,9;24,7;24,5;24;23,8;96;95;96;61;1,3;,5;
2026/04/26;0100 UTC;0;1005,1;1005,1;1004,4;0;24,6;24;24,7;24,5;24;23,8;97;95;96;323;1,8;,3;
2026/04/26;0200 UTC;0;1005,9;1005,9;1005,1;0;25,1;24,2;25,1;24,5;24,2;23,9;97;94;94;48;2,4;1,2;
2026/04/26;0300 UTC;0;1005,7;1005,9;1005,7;0;24,9;24,1;25,2;24,8;24,2;24;96;94;95;18;2,8;,6;
2026/04/26;0400 UTC;0;1005,7;1005,8;1005,5;0;24,8;23,2;25;24,8;24,1;23,2;96;91;91;50;3,1;1,7;
2026/04/26;0500 UTC;0;1005;1005,7;1005;,3;24,6;23,4;24,8;24,5;23,4;23,1;93;90;93;45;3,1;1,4;
2026/04/26;0600 UTC;0;1004,8;1005;1004,7;,4;24,6;22,8;24,7;24,5;23,4;22,8;93;90;90;60;2,3;1,2;
2026/04/26;0700 UTC;0;1005,1;1005,1;1004,7;1,2;24,6;22,7;24,6;24,5;23;22,6;91;89;89;75;2,3;1,3;
2026/04/26;0800 UTC;0;1005;1005,2;1005;,1;24,2;22,8;24,6;24,2;22,9;22,6;92;89;92;56;2,5;1,2;
2026/04/26;0900 UTC;0;1005,4;1005,4;1005;0;24,1;22,6;24,2;24,1;22,8;22,6;92;91;91;49;2,8;1,7;
2026/04/26;1000 UTC;0;1005,5;1005,5;1005,3;4;24,1;22,6;24,1;23,9;22,6;22,4;92;91;92;53;3,2;1,3;
2026/04/26;1100 UTC;0;1005,6;1005,7;1005,5;68,3;24,1;22,3;24,1;24;22,6;22,3;92;90;90;48;4,2;1,8;
2026/04/26;1200 UTC;,2;1005,7;1005,7;1005,4;625,4;26,2;23,5;26,5;24,1;23,6;22,3;93;83;85;68;3,6;1;
2026/04/26;1300 UTC;0;1006;1006;1005,7;1220,1;28;23,3;28,3;26,1;24;23,1;86;74;75;24;3,4;1,4;
2026/04/26;1400 UTC;0;1006,7;1006,7;1006;2254,1;30,8;24,9;30,8;28,1;25,9;23;79;67;71;346;4,7;1;
2026/04/26;1500 UTC;0;1006,7;1006,8;1006,7;2229,6;30,6;23,8;31,3;29,6;25,7;23,8;76;65;67;51;3,8;1,4;
2026/04/26;1600 UTC;0;1005,9;1006,7;1005,9;1801,5;30,3;23,6;31,4;30,2;25,5;23,6;75;66;67;360;4,3;1,3;
2026/04/26;1700 UTC;0;1004,5;1005,9;1004,4;3316,3;32,2;24;32,9;30,2;25,2;23,8;71;60;62;347;5,2;1,6;
2026/04/26;1800 UTC;0;1003,5;1004,4;1003,5;823,1;28,6;24;32,6;28,6;24,4;23,2;77;60;76;158;4,9;1,3;
2026/04/26;1900 UTC;10;1002,5;1003,6;1002,5;198,9;26,7;25,2;28,6;25,7;25,2;24;93;76;91;199;3,7;1,4;
2026/04/26;2000 UTC;0;1002,1;1002,5;1002,1;485,4;28,6;24,6;28,6;26,7;25,4;24,6;91;79;79;240;3,6;,9;
2026/04/26;2100 UTC;0;1001,8;1002,1;1001,8;462,5;28,8;24,5;29,6;28,5;25,4;24,1;82;73;78;200;3,1;1,1;
2026/04/26;2200 UTC;0;1002;1002;1001,7;101,3;28,3;24,3;29;28,1;24,9;23,8;82;74;79;130;2,6;,8;
2026/04/26;2300 UTC;0;1003,1;1003,1;1002;,1;28,1;24,6;28,3;27,3;25;24,2;87;79;81;56;2,3;1,2;
2026/04/27;0000 UTC;0;1004,1;1004,1;1003,1;0;27,7;24,3;28,1;27,2;25,1;24,3;87;81;82;52;3;1;
2026/04/27;0100 UTC;0;1005,4;1005,4;1004,1;0;27,3;23,4;27,9;27,3;24,3;23,2;82;77;79;54;2,7;1,1;
2026/04/27;0200 UTC;0;1005,9;1005,9;1005,4;0;26,9;23;27,4;26,9;23,3;22,7;79;76;79;60;2,2;1,1;
2026/04/27;0300 UTC;0;1006;1006,3;1005,9;0;25,4;23,4;27;25,3;23,6;22,9;89;79;89;353;1,7;,3;
2026/04/27;0400 UTC;0;1005,5;1006;1005,5;0;25,9;23,4;25,9;25,3;23,5;23,1;89;86;86;53;2,6;1,2;
2026/04/27;0500 UTC;0;1004,8;1005,6;1004,8;0;25,1;23,2;25,9;25,1;23,4;23,1;89;86;89;23;2,6;,4;
2026/04/27;0600 UTC;0;1004,3;1004,8;1004,2;0;24,3;23;25,1;24,2;23,2;23;93;89;93;39;1,1;,3;
2026/04/27;0700 UTC;0;1004,2;1004,3;1004,2;0;24;22,8;24,5;24;23;22,8;93;91;93;318;1,3;,2;
2026/04/27;0800 UTC;0;1004,6;1004,6;1004,2;0;23,7;22,2;24;23,7;22,9;22,1;93;91;91;27;1,3;,4;
2026/04/27;0900 UTC;0;1005,2;1005,2;1004,6;0;23,4;22,4;23,7;23,4;22,4;22,2;94;91;94;2;1;,2;
2026/04/27;1000 UTC;0;1005,6;1005,6;1005,1;,5;23,4;22,1;23,5;23,3;22,5;22,1;95;92;92;40;1,2;,3;
2026/04/27;1100 UTC;0;1006,1;1006,1;1005,6;282,8;26,3;22,5;26,3;23,3;22,7;22,1;94;79;80;50;2,7;1,6;
2026/04/27;1200 UTC;0;1007,1;1007,1;1006,1;1149,9;29,1;22,4;29,2;26,3;22,8;21,9;80;67;67;52;3,3;1,3;
2026/04/27;1300 UTC;0;1007,7;1007,8;1007,1;1994,2;30,8;23,2;31;29;24,1;22,4;70;63;64;34;3,4;,7;
2026/04/27;1400 UTC;0;1007,4;1007,8;1007,3;2626,5;32,3;22,5;32,4;30,1;24,1;22,3;69;56;56;26;4,2;,9;
2026/04/27;1500 UTC;0;1007,2;1007,4;1007,2;3102,4;32,5;22,8;32,8;31,5;24;21,4;63;53;57;61;5,3;1,8;
2026/04/27;1600 UTC;0;1006,3;1007,2;1006,3;2553,9;31,6;22,1;33,4;31,6;24,4;21;60;50;57;3;4,9;1,1;
2026/04/27;1700 UTC;0;1004,3;1006,2;1004,3;1890;31,8;22,6;33,3;31,4;24,6;21,9;62;55;59;220;5,4;1,5;
2026/04/27;1800 UTC;,2;1003;1004,3;1003;901,1;30,8;24,5;33,4;30,5;24,5;22,4;69;55;69;237;5;1,1;
2026/04/27;1900 UTC;0;1002,1;1003;1002,1;623,1;33,2;23,1;33,2;30,8;24,8;22,3;71;55;55;275;3,3;,9;
2026/04/27;2000 UTC;0;1001,8;1002,1;1001,6;431,3;32,1;23;34;32,1;23,8;22,3;60;52;59;124;4,2;1,7;
2026/04/27;2100 UTC;0;1002,5;1002,5;1001,6;138;31,2;23,3;32,1;31,2;23,7;22,9;65;59;63;67;5,3;1,9;
2026/04/27;2200 UTC;2,6;1004,6;1004,6;1002,5;13,2;26,7;22,7;31,2;26,7;23,7;21,3;79;62;79;341;5;1,2;
2026/04/27;2300 UTC;25,2;1005;1005,8;1004,6;,7;24,2;23,7;26,7;23,7;23,7;22,6;97;79;97;341;7,4;,6;
2026/04/28;0000 UTC;,2;1005,1;1005,1;1004,7;,1;24,7;23,3;24,9;24,2;23,8;23,2;97;91;92;41;4,3;2;
2026/04/28;0100 UTC;,2;1005,2;1005,2;1005;0;24,7;23,3;24,7;24,3;23,5;23;94;92;92;56;3,7;1,3;
2026/04/28;0200 UTC;0;1005,6;1005,7;1005,2;,4;24,1;22,9;24,8;24,1;23,3;22,5;93;87;93;10;3,2;,4;
2026/04/28;0300 UTC;0;1006,4;1006,5;1005,5;,2;24,8;23,2;24,8;24;23,3;22,8;95;91;91;47;2,5;1,5;
2026/04/28;0400 UTC;0;1006,1;1006,5;1006,1;,2;24,8;23,4;24,9;24,4;23,6;23,2;94;91;92;72;2,5;1;
2026/04/28;0500 UTC;0;1005,4;1006,1;1005,4;0;24,9;23,4;25;24,8;23,5;23,4;92;91;92;75;2,6;1,2;
2026/04/28;0600 UTC;0;1004,6;1005,4;1004,6;,2;25,1;23,8;25,1;24,9;23,8;23,4;92;92;92;111;2,6;,7;
2026/04/28;0700 UTC;0;1003,9;1004,6;1003,9;,1;25,2;23,8;25,3;25,1;23,8;23,7;93;92;92;112;2,8;1;
2026/04/28;0800 UTC;0;1004,4;1004,4;1003,9;0;24,9;23,9;25,3;24,9;23,9;23,8;94;92;94;70;3;,8;
2026/04/28;0900 UTC;0;1004,4;1004,5;1004,4;0;24,7;23,9;24,9;24,6;23,9;23,8;95;94;95;70;2,1;1;
2026/04/28;1000 UTC;0;1004,8;1004,8;1004,4;,7;24,5;23,7;24,7;24,5;23,9;23,7;96;95;96;48;2,5;,9;
2026/04/28;1100 UTC;0;1005,7;1005,7;1004,8;212,4;25,6;24,1;25,8;24,5;24,6;23,7;96;91;91;90;2,4;1,1;
2026/04/28;1200 UTC;0;1006,4;1006,4;1005,7;1157,9;27,6;23,6;28,1;25,6;24,7;23,6;92;78;79;87;3,7;1,6;
2026/04/28;1300 UTC;0;1006,7;1006,9;1006,4;2020,7;29,4;24;29,5;27,6;24,9;23,7;81;72;73;77;3,7;1,4;
2026/04/28;1400 UTC;0;1006,7;1006,9;1006,6;2658,1;30,7;24,4;31,1;28,8;25,7;23,5;77;68;69;60;3,8;1,5;
2026/04/28;1500 UTC;0;1006,3;1006,7;1006,3;2779,3;31,1;23,7;31,4;29,7;25,5;23,7;75;65;65;63;4,8;1,8;
2026/04/28;1600 UTC;0;1005;1006,3;1005;3142,9;31,6;23,8;32,4;31,1;25,4;23,6;68;62;63;64;5,4;2;
2026/04/28;1700 UTC;0;1003,8;1005;1003,8;1907,5;31,8;24,7;32,7;31,1;25,4;23,6;69;62;66;82;4,8;2,6;
2026/04/28;1800 UTC;0;1002,8;1003,8;1002,7;1343,2;32,4;24,2;32,7;31,2;25,3;24;68;62;62;78;5,1;2,2;
2026/04/28;1900 UTC;0;1001,6;1002,8;1001,6;465,5;31,3;24,3;32,7;31,3;24,7;23,6;67;60;66;84;6;2,1;
2026/04/28;2000 UTC;0;1001,2;1001,6;1001,2;160,5;30,2;24,5;32,2;30,2;24,8;23,9;72;63;72;36;6;1;
2026/04/28;2100 UTC;0;1001,3;1001,3;1001,1;69,9;30,4;23,9;30,7;30;24,8;23,9;73;67;68;64;3,4;1,4;
2026/04/28;2200 UTC;0;1001,8;1001,8;1001,2;20,3;30,2;23,9;30,5;30,1;24;23,7;70;67;69;68;3,4;1,4;
2026/04/28;2300 UTC;0;1002,5;1002,5;1001,8;0;28,9;24,2;30,2;28,8;24,2;23,9;76;69;76;67;2,8;,7;
2026/04/29;0000 UTC;0;1003,2;1003,2;1002,5;0;29,2;24,6;29,6;28,9;24,6;24,1;78;73;76;66;2,4;1;
2026/04/29;0100 UTC;;;;;;;;;;;;;;;;;;
2026/04/29;0200 UTC;;;;;;;;;;;;;;;;;;
2026/04/29;0300 UTC;0;1005;1005,1;1004,8;0;27,7;24,4;28,1;27,5;25;24,4;86;82;83;91;2,4;,5;
2026/04/29;0400 UTC;0;1004,6;1005;1004,4;0;27,8;24,2;28,2;27,3;24,6;24,1;85;80;81;82;2,4;,8;
2026/04/29;0500 UTC;0;1003,9;1004,6;1003,9;0;27,6;24,3;28;27,3;24,4;24,1;84;80;82;50;2,3;1,6;
2026/04/29;0600 UTC;0;1003,4;1003,9;1003,4;0;27,3;24,1;27,6;27;24,4;24,1;84;82;83;53;2,3;1,2;
2026/04/29;0700 UTC;0;1002,6;1003,4;1002,6;0;27,2;24;27,3;27;24,1;23,9;84;82;83;66;3,2;1,1;
2026/04/29;0800 UTC;0;1002,9;1002,9;1002,6;0;26,9;24,1;27,2;26,9;24,1;24;84;83;84;66;2,5;1;
2026/04/29;0900 UTC;0;1003,1;1003,1;1002,8;0;26,9;23,8;27,1;26,9;24,1;23,8;84;83;83;56;2,8;1;
2026/04/29;1000 UTC;0;1003,6;1003,6;1003,1;1;26,8;23,7;26,9;26,5;24;23,7;86;83;83;60;2;1,1;
2026/04/29;1100 UTC;0;1004,4;1004,4;1003,6;116,1;27,4;24;27,4;26,5;24,1;23,7;86;81;82;72;2,1;,5;
2026/04/29;1200 UTC;0;1005,1;1005,1;1004,4;694,2;29,9;24,5;29,9;27,4;24,7;23,9;83;72;73;110;2,4;,7;
2026/04/29;1300 UTC;0;1005,6;1005,6;1005,1;1723,5;31;23,3;31,2;29,2;25;23,1;75;64;64;87;4,1;1,9;
2026/04/29;1400 UTC;0;1005,2;1005,6;1005,2;2625,7;31,9;23,6;32,1;30,8;24,5;22,9;67;60;62;93;4,9;1,9;
2026/04/29;1500 UTC;0;1005;1005,4;1005;3054,2;32;23,4;32,6;31,4;24,8;22,8;66;59;61;83;6,8;2,2;
2026/04/29;1600 UTC;0;1003,3;1005;1003,3;3242;32,7;22,6;33,1;31,7;24;22,3;65;55;55;115;5,5;1,7;
2026/04/29;1700 UTC;0;1001,7;1003,3;1001,7;3083;32,5;22,3;34;32,5;24;21,3;60;50;55;94;4,6;1,9;
2026/04/29;1800 UTC;0;1001,8;1002,1;1001,7;841,2;30,5;24,5;32,8;29,3;25,4;21,8;77;53;71;277;5,8;1,3;
2026/04/29;1900 UTC;0;1001,2;1001,8;1001,2;567,1;27,6;24;30,9;27,3;24,8;23,3;82;68;81;352;5,4;,9;
2026/04/29;2000 UTC;0;1001,5;1001,5;1000,9;540,3;28,2;23,5;28,3;27,6;24,6;23,2;82;74;76;279;3,4;,8;
2026/04/29;2100 UTC;2,2;1001,6;1002,3;1001,5;111,8;25,5;24,2;28,3;25,5;24,5;23;93;75;92;41;5,9;,8;
2026/04/29;2200 UTC;0;1001;1001,6;1000,7;64,7;25,7;24,7;25,8;25,5;24,8;24,2;95;92;94;105;1,8;,4;
2026/04/29;2300 UTC;0;1002;1002;1001;0;25,5;23,8;25,8;25,4;24,7;23,7;94;88;90;19;1,9;,5;
2026/04/30;0000 UTC;,2;1003,2;1003,2;1002;0;26;24,3;26,1;25,5;24,4;23,8;92;88;91;41;3,7;1,8;
2026/04/30;0100 UTC;0;1003,6;1003,6;1003,1;,1;26;23,7;26,1;25,9;24,4;23,6;91;87;87;50;3,5;1,4;
2026/04/30;0200 UTC;;;;;;;;;;;;;;;;;;
2026/04/30;0300 UTC;0;1004,8;1004,9;1004,5;0;26,2;24,3;26,4;26;24,3;23,8;90;86;90;150;2,1;,7;
2026/04/30;0400 UTC;0;1004,3;1004,8;1004,3;0;26,1;24,5;26,3;25,9;24,6;24,2;91;89;91;108;2,1;,7;
2026/04/30;0500 UTC;0;1003,7;1004,4;1003,7;0;26;24,6;26,2;26;24,6;24,5;92;91;92;75;2,4;1,1;
2026/04/30;0600 UTC;0;1003,1;1003,7;1003,1;0;25,4;24,5;26;25,4;24,6;24,4;94;92;94;65;1,8;,3;
2026/04/30;0700 UTC;0;1002,2;1003,1;1002,2;0;25,3;24,3;25,5;25,3;24,6;24,3;95;94;94;319;1,8;,3;
2026/04/30;0800 UTC;0;1002,4;1002,4;1002;0;24,8;24;25,3;24,8;24,3;24;96;94;96;316;1,5;,3;
2026/04/30;0900 UTC;0;1002,6;1002,8;1002,4;0;24,5;23,9;24,8;24,5;24,1;23,9;97;96;97;332;1,3;,2;
2026/04/30;1000 UTC;0;1003,2;1003,2;1002,6;1;24,8;24,2;24,8;24,5;24,2;23,9;97;97;97;45;1,6;1,1;
2026/04/30;1100 UTC;0;1004,1;1004,1;1003,2;261,1;26,7;24,6;26,7;24,8;25;24,1;97;89;89;48;1,9;,7;
2026/04/30;1200 UTC;0;1005;1005;1004,1;965,8;28,1;25,1;28,4;26,7;25,5;24,4;89;81;84;45;2;1;
2026/04/30;1300 UTC;0;1005,6;1005,7;1005;1114,3;28,7;25,1;29,2;27,8;25,6;24,4;86;78;81;202;3,6;1,2;
2026/04/30;1400 UTC;0;1005,6;1005,8;1005,5;1496,5;30,5;25,2;30,5;28,4;25,8;24,1;82;73;74;236;3,6;1,4;
2026/04/30;1500 UTC;0;1005,1;1005,6;1005,1;1075,1;29,6;23,8;30,5;29,3;25,3;23,7;76;70;71;140;4,2;1;
2026/04/30;1600 UTC;0;1004,2;1005,1;1004,2;2772,2;30,1;24,5;31,2;29,6;25,7;23,7;77;67;72;164;5,2;1,8;
2026/04/30;1700 UTC;0;1003,5;1004,2;1003,3;2936,5;28,6;23,8;31,5;28,6;26,2;23,2;80;65;75;116;6,5;3,3;
2026/04/30;1800 UTC;0;1001,7;1003,5;1001,7;915,8;27,4;23,1;29,1;27,3;25;23;83;74;78;98;8;1,4;
2026/04/30;1900 UTC;0;1000,3;1001,7;1000,3;338,1;28;23;28;27,4;23,9;22,8;80;74;74;116;3;,9;
2026/04/30;2000 UTC;0;1000,2;1000,3;1000;446,5;28,8;23,2;28,8;28;23,6;22,6;77;70;72;40;2,4;,7;
2026/04/30;2100 UTC;0;1000;1000,2;999,8;295,9;28,3;22,9;28,8;28,3;23,5;22,1;74;67;73;15;2,4;,6;
2026/04/30;2200 UTC;0;1000,4;1000,4;1000;66,1;27,4;23,8;28,4;27,4;24;22,6;81;71;81;27;2,6;,5;
2026/04/30;2300 UTC;0;1001,6;1001,6;1000,4;0;27,1;23,8;27,6;27;24,1;23,7;84;80;82;53;2,9;1,3;
2026/05/01;0000 UTC;0;1002,3;1002,3;1001,6;0;26,4;24,2;27,1;26,4;24,2;23,6;88;82;87;353;2,9;,6;
2026/05/01;0100 UTC;0;1003,1;1003,1;1002,2;0;26,1;24,5;26,4;26,1;24,6;24,2;91;87;91;13;2,2;,6;
2026/05/01;0200 UTC;0;1003,6;1003,6;1003,1;0;26;24,3;26,1;25,9;24,5;24,3;92;90;90;46;2,2;,5;
2026/05/01;0300 UTC;0;1004,1;1004,2;1003,6;0;25,7;24;26;25,7;24,3;24;91;89;91;353;1,8;,3;
2026/05/01;0400 UTC;0;1004,4;1004,5;1004,1;0;25,9;23,7;25,9;25,4;24;23,7;92;87;87;59;2;1;
2026/05/01;0500 UTC;0;1003,7;1004,4;1003,7;0;25,3;23,5;26,1;25,2;23,8;23,5;90;86;90;347;2;,3;
2026/05/01;0600 UTC;0;1003,3;1003,7;1003,3;0;25,2;23,5;25,3;25;23,7;23,3;91;89;91;5;1;,4;
2026/05/01;0700 UTC;0;1003,1;1003,3;1003;0;25,2;23,9;25,3;25,1;23,9;23,5;92;91;92;219;1,3;,2;
2026/05/01;0800 UTC;17;1003,6;1004,1;1003;,1;23,1;22,6;25,8;22,9;23,9;21,9;97;83;97;117;8;2,1;
2026/05/01;0900 UTC;7,6;1003,6;1003,7;1003,4;0;24;23,5;24;23,1;23,5;22,7;98;97;97;49;6,4;1,3;
2026/05/01;1000 UTC;,2;1003,8;1003,8;1003,4;,3;24;23,6;24,1;23,9;23,7;23,4;98;97;97;243;2,1;,6;
2026/05/01;1100 UTC;0;1005,1;1005,1;1003,8;89;24,4;24;24,5;23,9;24,1;23,5;98;97;98;27;1,9;,3;
2026/05/01;1200 UTC;,2;1006,1;1006,1;1005,1;311,1;25,3;24,7;25,3;24,4;24,7;24;98;96;96;207;2,3;,4;
2026/05/01;1300 UTC;0;1007,1;1007,1;1006,1;1189,9;27,9;24,9;27,9;25,3;25,4;24,1;97;82;84;10;3,2;1,2;
2026/05/01;1400 UTC;0;1007,2;1007,4;1007,1;1731,8;29,7;25,7;29,7;27,9;25,7;24,2;85;76;79;27;3,2;,7;
2026/05/01;1500 UTC;0;1006,9;1007,2;1006,9;1226,9;28,6;24,3;30,4;28,6;25,9;24;79;73;78;47;5,8;2,1;
2026/05/01;1600 UTC;,2;1006,1;1006,9;1006,1;624,7;27;25,2;28,8;26,8;25,2;24;90;76;90;34;6,8;2;
2026/05/01;1700 UTC;,2;1005,1;1006,1;1005;1303,1;29;24,9;29,3;27;26,1;24,4;91;77;78;26;5,6;1,6;
2026/05/01;1800 UTC;0;1004;1005,1;1003,9;1379,7;29,7;22,8;30,3;28,9;25;22,5;78;65;67;40;5,2;1,9;
2026/05/01;1900 UTC;0;1003;1004;1003;813,8;28,9;24,1;29,9;28,8;24,3;23;76;67;75;131;5,2;1,8;
2026/05/01;2000 UTC;0;1002,8;1003;1002,8;523,4;27,8;24;29,1;27,8;24,7;23,8;80;75;80;297;4,1;,7;
2026/05/01;2100 UTC;0;1003;1003,1;1002,8;126,3;27;24,9;27,8;26,9;25,2;24;89;80;88;341;2,5;,4;
2026/05/01;2200 UTC;4,4;1003,1;1003,3;1002,9;29,2;25,7;24,8;27;25,7;25,3;24,2;95;86;95;342;2,8;,2;
2026/05/01;2300 UTC;0;1003,9;1003,9;1003,1;0;25,9;25,2;25,9;25,7;25,3;24,8;96;95;96;282;,9;,5;
2026/05/02;0000 UTC;0;1004,2;1004,2;1003,8;0;25,6;25;25,9;25,6;25,3;25;97;96;96;102;,9;,2;
2026/05/02;0100 UTC;0;1004,9;1004,9;1004,2;0;25,5;24,8;25,6;25,3;25;24,5;97;95;96;61;1,1;,6;
2026/05/02;0200 UTC;0;1005,1;1005,1;1004,9;0;26,3;25,2;26,4;25,5;25,3;24,8;96;93;94;74;2,2;1;
2026/05/02;0300 UTC;,2;1005,4;1005,4;1005,1;0;26,3;25,3;26,4;26,2;25,4;25,3;95;94;94;63;2,3;,8;
2026/05/02;0400 UTC;0;1005,4;1005,5;1005,4;0;26,1;25;26,3;26,1;25,4;25;95;94;94;37;2,3;1;
2026/05/02;0500 UTC;,2;1005,1;1005,4;1005,1;0;25,6;24,5;26,1;25,6;25;24,4;94;92;94;39;2,9;,8;
2026/05/02;0600 UTC;,2;1004,2;1005,1;1004,2;0;25,4;24,4;25,6;25,3;24,6;24,4;95;94;94;59;2,8;1;
2026/05/02;0700 UTC;0;1003,7;1004,2;1003,7;0;25,1;24;25,4;25,1;24,4;24;95;93;94;74;2,4;,7;
2026/05/02;0800 UTC;0;1003,8;1004;1003,7;0;25;23,8;25,2;24,9;24;23,8;94;92;93;59;1,9;,6;
2026/05/02;0900 UTC;0;1004,5;1004,5;1003,8;0;24,7;23,6;25,1;24,7;23,8;23,6;93;92;93;29;2,1;,6;
2026/05/02;1000 UTC;0;1005,2;1005,2;1004,5;1;24,8;23,4;24,8;24,5;23,6;23,4;94;92;92;52;2,3;1;
2026/05/02;1100 UTC;0;1006,1;1006,1;1005,2;174,9;25,5;23,3;25,8;24,8;23,8;23,1;92;87;88;34;2,5;1,2;
2026/05/02;1200 UTC;0;1007,1;1007,1;1006,1;899,6;27,3;23,6;28;25,5;24,3;23,1;89;78;80;44;3,1;1,1;
2026/05/02;1300 UTC;0;1007,3;1007,3;1007,1;1923,7;29,1;24,3;29,1;27,3;24,4;23,3;82;73;75;78;4;2,2;
2026/05/02;1400 UTC;0;1007,4;1007,5;1007,3;2089,5;29,3;23,8;30,5;28,4;24,9;23,2;79;70;72;60;4,6;2,4;
2026/05/02;1500 UTC;0;1007;1007,4;1007;1767;29,3;24;30,4;28,7;24,8;23,4;76;71;73;86;5,7;2,1;
2026/05/02;1600 UTC;0;1006,3;1007,1;1006,3;2851,5;30,9;23,9;30,9;29,1;25,2;22,8;77;64;66;70;6,1;3;
2026/05/02;1700 UTC;0;1004,8;1006,3;1004,8;3174,2;31,6;23,1;32,1;30,7;24,4;22,4;68;58;61;60;6,9;3,3;
2026/05/02;1800 UTC;0;1004;1004,9;1004;1283,9;30;23,4;32,3;30;24,8;22,8;71;58;68;138;6,9;1,5;
2026/05/02;1900 UTC;0;1003;1004;1003;770;30,3;24,1;31,1;30;24,4;23,1;70;64;70;108;5;1,5;
2026/05/02;2000 UTC;1,2;1003,3;1003,3;1002,9;179,8;27,9;24,7;30,3;27,2;24,9;23,8;87;69;83;151;5,6;,9;
2026/05/02;2100 UTC;0;1003,1;1003,3;1002,8;235,2;27,4;24,4;27,8;27,3;24,7;23,8;84;80;84;147;4,7;1;
2026/05/02;2200 UTC;0;1004;1004;1003,1;53,9;27;24,7;27,6;27;24,7;24,3;87;83;87;41;2,2;,6;
2026/05/02;2300 UTC;0;1004,2;1004,2;1003,7;0;27,1;24,2;27,6;26,9;24,8;24,2;88;83;84;11;2,3;,5;
2026/05/03;0000 UTC;0;1005;1005,1;1004,2;0;27;23,8;27,3;26,9;24,2;23,7;84;81;82;38;2,8;1,2;
2026/05/03;0100 UTC;0;1005,5;1005,5;1005;0;26,5;23,7;27,1;26,4;23,8;23,6;85;81;85;49;3,4;1;
2026/05/03;0200 UTC;0;1005,8;1005,9;1005,4;0;26;23,7;26,5;26;23,8;23,6;87;85;87;14;2;,4;
2026/05/03;0300 UTC;0;1005,8;1006,1;1005,8;0;26,2;24;26,4;25,9;24,1;23,7;90;87;88;43;1,5;,6;
2026/05/03;0400 UTC;0;1005,5;1005,9;1005,5;0;26;24;26,3;26;24,1;23,9;89;87;89;59;2,4;,4;
2026/05/03;0500 UTC;0;1005,2;1005,5;1005,2;0;26,3;23,9;26,3;25,9;24,1;23,9;90;86;86;45;2,9;1,1;
2026/05/03;0600 UTC;0;1004,7;1005,2;1004,7;0;26,3;23,6;26,4;26,2;23,9;23,5;87;85;85;75;2,6;,7;
2026/05/03;0700 UTC;0;1004,3;1004,7;1004,3;0;26,1;23,7;26,4;26,1;24;23,4;88;84;87;43;2;,8;
2026/05/03;0800 UTC;2;1004;1004,3;1003,8;0;25,1;23,3;26,6;25,1;23,9;23,3;90;84;90;169;4;1,5;
2026/05/03;0900 UTC;,2;1004,1;1004,2;1003,8;,1;24,8;24;25,1;24,3;24;22,8;95;90;95;173;4;1,2;
2026/05/03;1000 UTC;11;1004,6;1004,9;1004,1;,1;24,2;23,7;24,9;24,2;24,2;23,5;97;95;97;4;5,7;,5;
2026/05/03;1100 UTC;3,2;1005,8;1005,8;1004,6;78,9;24,6;24;24,7;24,2;24,1;23,6;97;96;96;70;5;,8;
2026/05/03;1200 UTC;0;1006,5;1006,5;1005,8;316;25,7;25;25,8;24,6;25,2;24,1;97;96;96;353;1,9;,3;
2026/05/03;1300 UTC;0;1006,9;1006,9;1006,5;1156,6;28,2;24,4;28,3;25,7;25,8;24,4;96;80;80;34;2,1;,8;
2026/05/03;1400 UTC;1,2;1007,6;1007,6;1006,8;957,7;24,6;23,3;29,8;24,6;25,7;22,8;92;74;92;90;8;3,3;
2026/05/03;1500 UTC;8,6;1007,7;1007,9;1007,6;116,7;24,3;23,4;24,6;24,1;23,6;23,2;96;92;95;168;8;1;
2026/05/03;1600 UTC;2,8;1006,3;1007,7;1006,3;279,7;24,5;23,4;24,5;24,3;23,7;23,3;96;93;94;138;4,1;1,1;
2026/05/03;1700 UTC;,8;1004,9;1006,3;1004,7;466,5;25,7;24,6;25,7;24,5;24,6;23,3;95;92;94;115;2,5;,7;
2026/05/03;1800 UTC;0;1004,3;1004,9;1004,3;1115,9;27,3;24;27,3;25,7;24,8;23,6;94;82;82;81;3,6;1,6;
2026/05/03;1900 UTC;0;1003,3;1004,3;1003,2;927,9;27,6;24,2;27,9;27,1;24,7;23,7;85;80;82;90;4;1,9;
2026/05/03;2000 UTC;0;1003,4;1003,5;1003,3;424,6;26,8;23,8;27,6;26,8;24,2;23,6;85;80;84;60;4,1;1,5;
2026/05/03;2100 UTC;0;1003,6;1003,7;1003,4;174,5;25,8;23,1;26,8;25,7;24;22,6;86;81;85;48;4,8;1,8;
2026/05/03;2200 UTC;,2;1004,3;1004,3;1003,6;50,8;25,3;23,4;25,9;25,3;23,5;23,1;90;85;89;90;3,8;1,3;
2026/05/03;2300 UTC;,2;1004,6;1004,6;1004,1;0;24,9;23,4;25,3;24,7;23,6;23,2;93;89;91;53;3,3;,9;
2026/05/04;0000 UTC;0;1005,5;1005,5;1004,6;0;24,9;23,4;24,9;24,7;23,6;23,3;93;91;91;50;2,5;1,3;
2026/05/04;0100 UTC;0;1006,3;1006,3;1005,5;0;24,9;23,4;25;24,7;23,5;23,3;92;91;92;45;3;,8;
2026/05/04;0200 UTC;0;1006,7;1006,7;1006,2;0;24,7;23,3;24,9;24,7;23,5;23,3;93;91;92;52;3,3;1;
2026/05/04;0300 UTC;0;1006,7;1006,8;1006,6;0;24,4;23,4;24,7;24,3;23,4;23,2;94;92;94;7;2;,3;
2026/05/04;0400 UTC;0;1006,2;1006,7;1006,2;0;24,5;23,2;24,6;24,3;23,5;23,2;95;92;92;53;2,2;,6;
2026/05/04;0500 UTC;0;1005,8;1006,2;1005,8;0;24,6;23,1;24,6;24,5;23,2;23,1;93;91;91;47;2,1;1,2;
2026/05/04;0600 UTC;0;1005,1;1005,8;1005,1;0;24,3;23;24,6;24,3;23,1;23;93;91;93;37;2,2;,3;
2026/05/04;0700 UTC;0;1004,5;1005,1;1004,5;0;24,4;22,9;24,4;24,2;23,2;22,9;93;91;92;59;1,7;,8;
2026/05/04;0800 UTC;0;1004,9;1004,9;1004,5;0;24,4;23;24,4;24,2;23;22,9;93;92;92;55;2,2;1;
2026/05/04;0900 UTC;0;1005,3;1005,3;1004,9;0;24,5;23;24,5;24,4;23;22,9;92;91;92;50;2,6;,9;
2026/05/04;1000 UTC;0;1006,2;1006,2;1005,2;0;24,5;23,2;24,5;24,4;23,2;23;93;91;92;53;2,6;1;
2026/05/04;1100 UTC;28,2;1007;1007;1006,2;10,1;23;22,6;24,5;22,7;23,2;22,2;97;92;97;49;8,4;3,2;
2026/05/04;1200 UTC;,8;1007,8;1007,8;1007,1;168,6;23,6;22,9;23,7;23;23,1;22,6;97;96;96;58;6,4;1,5;
2026/05/04;1300 UTC;0;1008,2;1008,2;1007,7;518,2;24,8;22,9;24,9;23,6;23,3;22,8;96;89;89;52;6;2,6;
2026/05/04;1400 UTC;0;1008,6;1008,6;1008,2;915,2;26,1;22,3;26,4;24,8;23,5;22,3;89;80;80;50;7,5;2,8;
2026/05/04;1500 UTC;0;1008,2;1008,6;1008,2;1057,4;26,8;22,8;27,1;25,8;23,2;22,3;83;78;79;9;7,5;1,5;
2026/05/04;1600 UTC;0;1007,6;1008,2;1007,6;1148,2;27,2;22,7;27,6;26,8;23,6;22,4;81;75;76;60;3,8;1,6;
2026/05/04;1700 UTC;0;1006,5;1007,6;1006,5;978;28;22,8;28;27,1;23,4;22,4;79;73;74;32;4;,6;
2026/05/04;1800 UTC;0;1005,4;1006,5;1005,4;893,2;28,5;23,4;28,5;27,7;23,7;22,3;77;69;74;328;2,6;,5;
2026/05/04;1900 UTC;0;1004,3;1005,4;1004,3;752,9;28,3;22,6;28,9;28,3;23,6;22;76;68;71;83;3,5;,9;
2026/05/04;2000 UTC;0;1003,6;1004,3;1003,6;378,9;27,4;23,3;28,3;27,4;23,8;22,3;80;70;78;198;2,9;1,2;
2026/05/04;2100 UTC;0;1003,5;1003,7;1003,4;237,8;26,9;23,2;27,4;26,9;23,7;23;81;78;80;137;3;1,1;
2026/05/04;2200 UTC;0;1003,6;1003,6;1003,4;64;26,5;23,1;27;26,4;23,4;23,1;83;80;82;117;3;1,3;
2026/05/04;2300 UTC;0;1004,4;1004,4;1003,6;0;26,4;23,2;26,5;26,2;23,3;23,2;84;82;83;116;2,8;1,3;
2026/05/05;0000 UTC;0;1005,4;1005,4;1004,4;0;25,8;24,3;26,5;25,8;24,4;23,3;91;83;91;124;3,6;1,2;
2026/05/05;0100 UTC;0;1006,1;1006,1;1005,4;0;25,8;24,2;26;25,8;24,3;24,2;92;90;91;134;3,6;1;
2026/05/05;0200 UTC;0;1006,7;1006,7;1006,1;0;25,8;24,4;25,8;25,7;24,4;24,2;92;91;92;116;2,4;1;
2026/05/05;0300 UTC;0;1006,8;1006,9;1006,7;0;25,5;24,1;25,8;25,5;24,4;24,1;92;92;92;139;2,7;,4;
2026/05/05;0400 UTC;0;1006,7;1006,9;1006,7;0;25,1;23,8;25,5;25,1;24,2;23,8;93;91;93;146;2,1;,3;
2026/05/05;0500 UTC;0;1006,3;1006,8;1006,3;0;25,3;23,8;25,4;25;24;23,8;93;91;91;106;2,4;1;
2026/05/05;0600 UTC;0;1005,9;1006,3;1005,9;0;25,2;23,7;25,3;24,9;23,8;23,6;93;91;92;110;2,2;,9;
2026/05/05;0700 UTC;0;1005,7;1005,9;1005,6;,1;25,2;23,9;25,2;25,1;24;23,7;93;92;93;158;2,2;,6;
2026/05/05;0800 UTC;0;1005,6;1005,7;1005,5;0;24,9;23,7;25,2;24,9;24;23,7;93;93;93;198;2,3;,7;
2026/05/05;0900 UTC;0;1005,7;1005,7;1005,6;0;24,5;23,6;24,9;24,4;23,7;23,5;95;93;95;188;1,9;,1;
2026/05/05;1000 UTC;0;1006,3;1006,3;1005,7;,7;24,9;23,8;25;24,5;23,8;23,6;95;93;93;89;2,2;,6;
2026/05/05;1100 UTC;0;1007,1;1007,1;1006,3;90,1;25,4;23,7;25,4;24,9;23,8;23,5;93;90;90;114;2,8;1,1;
2026/05/05;1200 UTC;0;1007,9;1007,9;1007,1;235,1;25,8;23,9;25,8;25,4;24;23,4;91;89;89;166;4;,9;
2026/05/05;1300 UTC;0;1008,5;1008,5;1007,9;997,7;27,1;23,9;27,8;25,8;24,6;23,6;89;81;82;103;4,2;1,3;
2026/05/05;1400 UTC;0;1008,6;1008,7;1008,5;1041;27,8;24;28;26,6;24,6;23,5;87;80;80;142;4,9;1,8;
2026/05/05;1500 UTC;1,2;1008,9;1008,9;1008,6;591,3;25,1;23,4;27,8;25,1;24,3;23,4;91;79;91;110;6,6;2,5;
2026/05/05;1600 UTC;3,2;1007,3;1008,9;1007,3;306;25,2;24,1;25,2;24,3;24,2;23;95;90;94;91;8,2;,8;
2026/05/05;1700 UTC;0;1005,9;1007,3;1005,9;1276,8;28;24,2;28;25,2;25;23,6;94;79;80;142;3,2;1;
2026/05/05;1800 UTC;0;1004,6;1005,9;1004,6;1344,2;29,4;24,2;29,6;27,7;25,1;23,6;83;72;74;62;4,2;1,2;
2026/05/05;1900 UTC;,2;1003,9;1004,6;1003,9;602,3;29,8;23,3;30,3;28,9;25,7;23,3;80;67;68;46;3,8;1,3;
2026/05/05;2000 UTC;0;1004;1004;1003,6;389,9;29,3;24,4;30,5;29,3;24,6;23;76;66;75;271;4,1;,6;
2026/05/05;2100 UTC;0;1004,4;1004,6;1003,9;266,3;28,7;24,8;29,6;28,7;25;24,2;79;74;79;281;3,5;,4;
2026/05/05;2200 UTC;0;1005,5;1005,5;1004,4;23,6;25,4;23,1;28,7;25,3;24,8;22,9;88;77;87;35;6,4;2;
2026/05/05;2300 UTC;0;1006,4;1006,4;1005,4;0;25,1;22,9;25,4;25,1;23,1;22,8;88;86;88;36;7,6;2,9;
2026/05/06;0000 UTC;4,4;1007,1;1007,1;1006,4;0;24,2;23,4;25,1;24,1;23,5;22,9;96;88;96;61;6,3;,9;
2026/05/06;0100 UTC;1,4;1007,8;1007,8;1007,1;0;24;23,5;24,2;24;23,6;23,4;97;95;97;356;1,7;,3;
2026/05/06;0200 UTC;0;1008,3;1008,3;1007,8;0;24,1;23,5;24,2;24;23,6;23,5;97;96;97;11;1,5;,4;
2026/05/06;0300 UTC;0;1008,1;1008,3;1008,1;0;24;23,5;24,1;23,9;23,6;23,2;97;96;97;34;,9;,5;
2026/05/06;0400 UTC;0;1008,1;1008,2;1008;0;24,4;23,6;24,4;24;23,6;23,4;97;95;95;59;1,5;,6;
2026/05/06;0500 UTC;0;1007,4;1008,1;1007,4;0;24,4;23,4;24,6;24,2;23,6;23,3;96;93;94;38;3;1;
2026/05/06;0600 UTC;0;1006,9;1007,4;1006,9;0;24,3;23,1;24,5;24,2;23,3;23,1;94;92;93;43;3,3;1,6;
2026/05/06;0700 UTC;0;1006,9;1007;1006,8;,1;24,2;23,1;24,3;24,2;23,2;23;94;93;94;45;3,8;1,7;
2026/05/06;0800 UTC;0;1007,2;1007,2;1006,9;,1;24,3;23,2;24,3;24,2;23,2;23,1;94;93;93;43;3,8;1,6;
2026/05/06;0900 UTC;0;1007,4;1007,4;1007,1;,6;24,3;22,7;24,4;24,3;23,2;22,7;93;91;91;31;4,8;1,7;
2026/05/06;1000 UTC;0;1008;1008;1007,4;,8;23,9;22,4;24,3;23,9;22,8;22,3;92;90;91;41;6,2;1,8;
2026/05/06;1100 UTC;0;1008,8;1008,8;1008;35,6;23,7;22,6;23,9;23,7;22,6;22,3;93;91;93;39;5,2;2,5;
2026/05/06;1200 UTC;3,6;1009,6;1009,6;1008,8;117,6;23,7;22,9;23,8;23,4;23;22,5;96;93;95;49;4,7;1,5;
2026/05/06;1300 UTC;0;1009,6;1009,6;1009,5;651,9;24,8;23,1;24,8;23,7;23,4;22,9;95;90;91;41;4,4;2,3;
2026/05/06;1400 UTC;,8;1009,6;1009,7;1009,4;700,9;26,1;22,9;26,1;24,3;23,9;22,9;94;83;83;73;4,4;1,4;
2026/05/06;1500 UTC;0;1009,2;1009,7;1009,2;1651,1;27,8;23,9;27,8;26,1;24,1;22,7;85;78;80;64;5;1,7;
2026/05/06;1600 UTC;0;1007,6;1009,2;1007,6;2262,3;28,6;23,1;28,9;27,3;24,3;22,7;79;71;72;25;4,5;1,3;
2026/05/06;1700 UTC;0;1006,4;1007,6;1006,4;2399,6;29,8;23,3;30,9;28,5;24,8;23,1;75;66;68;81;4,8;1,5;
2026/05/06;1800 UTC;0;1005,7;1006,4;1005,7;1061,4;29,9;24,6;30,1;29,3;24,7;23;74;67;73;165;5,7;1,3;
2026/05/06;1900 UTC;0;1005;1005,7;1005;784,2;30,2;23,6;30,4;29,5;24,8;23,3;73;67;68;90;4,7;1,6;
2026/05/06;2000 UTC;0;1004,3;1005;1004,2;261,6;29,2;23,7;30,6;29,1;24,2;23,2;74;66;73;164;4,5;1,2;
2026/05/06;2100 UTC;0;1004,3;1004,4;1004,1;165,5;28,8;23,4;29,3;28,8;23,9;23,1;74;71;73;196;3,8;1,1;
2026/05/06;2200 UTC;0;1004,7;1004,7;1004,2;54,6;28;23,6;28,9;28;23,8;23,2;77;72;77;136;2,8;,5;
2026/05/06;2300 UTC;0;1005,4;1005,4;1004,7;,1;26,9;24,4;28,1;26,9;24,5;23,2;86;75;86;7;2,2;,3;
2026/05/07;0000 UTC;0;1006;1006;1005,4;0;26,4;24,5;26,9;26,4;24,6;24,3;89;86;89;6;1,1;,3;
2026/05/07;0100 UTC;0;1006,9;1006,9;1005,9;0;26,3;24,8;26,4;26,2;24,9;24,5;92;89;92;253;1,4;,4;
2026/05/07;0200 UTC;0;1007,1;1007,2;1006,9;0;26,3;24,5;26,4;26,1;24,8;24,4;92;89;90;296;1,7;,2;
2026/05/07;0300 UTC;0;1007;1007,1;1006,9;0;25,6;24,6;26,3;25,6;24,8;24,5;94;90;94;355;1,4;,4;
2026/05/07;0400 UTC;0;1006,9;1007,1;1006,8;0;25,2;24,3;25,6;25,2;24,6;24,3;95;94;95;15;1,4;,3;
2026/05/07;0500 UTC;0;1006;1006,9;1006;0;24,9;24;25,2;24,8;24,3;24;95;94;95;346;1,5;,2;
2026/05/07;0600 UTC;0;1005,6;1006;1005,6;0;25;23,9;25;24,6;24;23,8;95;93;93;303;2,2;,5;
2026/05/07;0700 UTC;0;1005;1005,6;1005;0;24,6;23,7;25,1;24,6;23,9;23,7;95;93;94;314;2,7;,6;
2026/05/07;0800 UTC;0;1004,7;1005;1004,7;0;24,3;23,4;24,6;24,3;23,7;23,4;95;94;95;3;2,7;,7;
2026/05/07;0900 UTC;0;1005,1;1005,1;1004,7;0;24,1;23,4;24,2;24,1;23,4;23,3;96;95;95;25;2;,4;
2026/05/07;1000 UTC;0;1005,7;1005,7;1005,1;,1;24,2;23,3;24,2;24,1;23,4;23,3;96;95;95;332;1,7;,3;
2026/05/07;1100 UTC;0;1006,4;1006,5;1005,7;81,5;24,9;23,6;24,9;24,1;23,8;23,3;95;92;93;306;1,6;,6;
2026/05/07;1200 UTC;0;1007;1007;1006,4;355,8;25,8;23,5;26;24,8;24;23,4;93;87;87;357;2;,6;
2026/05/07;1300 UTC;0;1007,4;1007,4;1007;967,3;28,1;24,2;28,1;25,8;24,5;23,4;88;78;79;38;2,7;1,2;
2026/05/07;1400 UTC;;;;;;;;;;;;;;;;;;
2026/05/07;1500 UTC;0;1006,8;1007,1;1006,8;434,7;27,8;24,1;29,4;27,8;24,8;24,1;82;75;80;264;3,3;,8;
2026/05/07;1600 UTC;4,8;1005,7;1006,8;1005,7;820,4;27,9;25,3;28,1;25,3;26,2;23,8;95;79;86;169;6;,8;
2026/05/07;1700 UTC;1,4;1005,2;1005,8;1005,2;441,7;24,7;23,4;28;24,6;25,9;23,1;93;80;93;34;7,9;2,2;
2026/05/07;1800 UTC;,2;1004,2;1005,2;1004,2;680,6;25,8;23,8;25,9;24,7;24;23,3;94;88;89;84;5,8;1,7;
2026/05/07;1900 UTC;0;1003;1004,2;1003;704,6;26,7;22,8;27;25,8;24,2;22,6;90;78;79;82;3,7;1,6;
2026/05/07;2000 UTC;0;1002,8;1003;1002,5;464,4;26,4;22,3;27,2;26,4;23;22;80;76;78;127;3,8;1,3;
2026/05/07;2100 UTC;0;1003,1;1003,1;1002,8;261,9;25,9;22,5;26,5;25,9;22,9;22,3;82;78;81;128;3,3;1,2;
2026/05/07;2200 UTC;0;1003,4;1003,5;1002,9;75;25,5;22,6;26;25,5;22,9;22,4;85;81;84;37;3,1;1,4;
2026/05/07;2300 UTC;0;1003,7;1003,7;1003,3;0;25,4;23;25,6;25,4;23;22,7;86;84;86;59;3,4;1,4;
2026/05/08;0000 UTC;0;1004,1;1004,1;1003,7;0;25,1;23,2;25,4;24,8;23,2;23;91;86;89;43;2,6;1,2;
2026/05/08;0100 UTC;0;1004,9;1004,9;1004,1;0;24,7;23,2;25,2;24,4;23,2;23;93;88;92;38;2,4;,9;
2026/05/08;0200 UTC;0;1005,9;1005,9;1004,9;0;25;23,2;25,2;24,7;23,3;23,1;91;89;90;42;2,4;1,3;
2026/05/08;0300 UTC;0;1005,8;1006;1005,7;0;24,4;23,3;25;24,4;23,3;23,2;93;90;93;56;3,1;,8;
2026/05/08;0400 UTC;0;1004,8;1005,8;1004,8;0;24,1;23,3;24,5;24,1;23,3;23,2;95;93;95;344;1,9;,3;
2026/05/08;0500 UTC;0;1004,2;1004,8;1004,2;0;23,9;23,3;24,1;23,9;23,4;23,2;96;95;96;7;1,8;,4;
2026/05/08;0600 UTC;0;1004;1004,2;1004;0;24,4;23,4;24,4;23,8;23,5;23,2;97;95;95;42;2,5;1,2;
2026/05/08;0700 UTC;0;1003,9;1004;1003,9;0;24,2;23,4;24,4;24,2;23,5;23,4;95;94;95;51;2,3;,5;
2026/05/08;0800 UTC;0;1004,2;1004,2;1003,9;0;24,4;23,4;24,4;24,1;23,4;23,3;95;94;94;16;2,5;,7;
2026/05/08;0900 UTC;0;1004,6;1004,6;1004,2;0;24,3;23,1;24,4;24,2;23,4;23,1;94;93;93;4;3,3;,7;
2026/05/08;1000 UTC;,4;1004,9;1004,9;1004,5;,4;24;23;24,3;23,9;23,2;23;95;93;95;12;2,6;,6;
2026/05/08;1100 UTC;0;1005,9;1005,9;1004,9;103,4;24,6;23,3;24,6;23,9;23,5;23;96;92;93;353;2,6;,2;
2026/05/08;1200 UTC;0;1006,6;1006,6;1005,9;443,8;26,3;23,1;26,3;24,6;23,7;22,6;94;82;83;130;2;,8;
2026/05/08;1300 UTC;0;1006,9;1006,9;1006,6;707,3;27,4;23,2;27,4;26,1;23,6;22,7;85;77;78;46;2,3;1,1;
2026/05/08;1400 UTC;0;1006,9;1007;1006,9;1838;30;23,8;30,1;27,1;25;22,9;81;69;69;45;3,7;1;
2026/05/08;1500 UTC;0;1006,4;1006,9;1006,4;1724,9;31;24,3;31;28,9;25,4;23,3;76;67;67;19;3,9;,7;
2026/05/08;1600 UTC;0;1005,7;1006,4;1005,7;1900,3;29,4;24,2;31,6;29,4;25,4;23,5;76;66;74;228;4;1,7;
2026/05/08;1700 UTC;0;1004,3;1005,7;1004,3;525,2;29,1;24,4;29,4;28,8;24,8;24;78;73;76;274;4,2;,8;
2026/05/08;1800 UTC;0;1003,2;1004,3;1003,2;654,7;30,1;24;31,3;28,8;25,3;24;79;67;70;275;4,7;1,1;
2026/05/08;1900 UTC;0;1001,8;1003,2;1001,8;313,3;27,3;23;30,1;27,1;24,2;23;80;69;78;342;4,2;,4;
2026/05/08;2000 UTC;0;1001,2;1001,8;1001,2;375,9;28,2;23,3;28,6;27,3;24;22,9;80;74;75;30;1,3;,6;
2026/05/08;2100 UTC;0;1001,4;1001,4;1001,2;141;28,3;23,7;28,3;28,1;24,3;23;79;73;76;263;1,9;,3;
2026/05/08;2200 UTC;0;1001,8;1001,8;1001,4;32,6;27,4;23,8;28,5;27,4;24;23,5;81;75;80;267;1,6;,5;
2026/05/08;2300 UTC;0;1002,2;1002,3;1001,8;0;26,3;23,9;27,4;26,3;24;23,7;87;80;87;281;1,4;,4;
2026/05/09;0000 UTC;0;1003,4;1003,4;1002,2;0;26,4;24,1;26,6;26,1;24,2;23,9;88;86;87;1;1,7;,3;
2026/05/09;0100 UTC;0;1004,1;1004,2;1003,4;0;26,6;24,2;26,7;26;24,3;24;90;86;86;44;2,1;1,1;
2026/05/09;0200 UTC;0;1004,4;1004,6;1004,1;,1;26,6;24,5;26,9;26,6;24,5;24,2;88;86;88;42;2,8;,8;
2026/05/09;0300 UTC;0;1004,4;1004,5;1004,2;0;26,1;23,2;26,6;25,9;24,5;23,2;90;84;84;51;2,5;1,1;
2026/05/09;0400 UTC;0;1004,5;1004,5;1004,3;0;26;22,7;26,1;25,9;23,2;22,5;84;81;82;54;2,2;1;
2026/05/09;0500 UTC;0;1003,8;1004,5;1003,8;0;25,1;22,7;26,2;24,9;22,8;22,4;87;80;86;49;2;,7;
2026/05/09;0600 UTC;0;1003,4;1003,8;1003,4;0;24,4;22,7;25,1;24,3;22,9;22,6;91;86;90;31;1,4;,7;
2026/05/09;0700 UTC;0;1003,5;1003,5;1003,3;0;24,4;23;24,5;24,2;23;22,7;93;90;92;23;1,2;,4;
2026/05/09;0800 UTC;0;1003,6;1003,6;1003,4;0;24,2;23;24,5;24;23,1;22,8;94;91;93;72;1,4;,5;
2026/05/09;0900 UTC;0;1004,5;1004,5;1003,6;0;24,6;23,1;25,1;24;23,3;23;94;89;91;36;1,6;,7;
2026/05/09;1000 UTC;0;1005,3;1005,3;1004,5;1,6;24,3;23,2;24,6;24,3;23,2;23;94;91;94;13;1,4;,2;
2026/05/09;1100 UTC;0;1005,8;1005,8;1005,3;201,4;26,5;23,8;26,5;24,3;23,8;23,2;94;84;85;64;1,6;,8;
2026/05/09;1200 UTC;0;1006,8;1006,8;1005,8;368,5;26,8;24,1;26,8;26,2;24,2;23,5;86;84;85;49;2;,7;
2026/05/09;1300 UTC;0;1006,9;1006,9;1006,7;1120,8;29,1;24,6;29,1;26,8;25,1;23,7;86;76;77;78;3,3;1,5;
2026/05/09;1400 UTC;0;1006,8;1006,8;1006,7;2214,2;30;24,2;30,8;29;25,7;23,6;78;68;71;47;4,5;1,9;
2026/05/09;1500 UTC;0;1006,4;1006,8;1006,4;2120,9;31;24,1;31,2;29,8;25,1;23;73;63;67;65;6,9;1,9;
2026/05/09;1600 UTC;0;1005,4;1006,5;1005,4;1922,9;30,2;23,1;31,6;29,8;24,4;22,9;71;62;66;37;6,4;2,3;
2026/05/09;1700 UTC;0;1004,1;1005,4;1004,1;1490,9;31,5;23,3;31,8;30;25,2;23;70;61;62;66;5,3;2,2;
2026/05/09;1800 UTC;0;1003,2;1004,1;1003,2;1451,4;31,4;23,8;32,4;30,9;24,4;22,8;67;59;64;94;5,9;1,9;
2026/05/09;1900 UTC;0;1002,5;1003,3;1002,5;449,3;31,7;23,4;32,3;31;24,3;22,8;66;59;62;117;4,9;1,8;
2026/05/09;2000 UTC;0;1002,1;1002,5;1002,1;239,1;31,3;23,2;31,9;30,9;24;22,9;65;61;62;100;6,3;1,7;
2026/05/09;2100 UTC;0;1001,7;1002,2;1001,7;136,4;30,9;23,3;31,4;30,9;23,6;22,4;65;60;64;111;5,3;2,1;
2026/05/09;2200 UTC;0;1002;1002;1001,7;38,9;30,1;23,4;30,9;30,1;23,4;23;67;63;67;70;5,2;2,1;
2026/05/09;2300 UTC;0;1002,5;1002,5;1002;0;29,3;23,7;30,1;29,3;23,8;23,3;72;67;72;83;4,4;1;
2026/05/10;0000 UTC;0;1003,4;1003,4;1002,5;0;29;24,3;29,4;28,9;24,3;23,7;76;72;76;43;2,7;1,1;
2026/05/10;0100 UTC;0;1004,4;1004,4;1003,4;0;28,8;24,3;29;28,7;24,4;24,2;78;76;77;64;2,5;1,3;
2026/05/10;0200 UTC;0;1004,7;1004,7;1004,4;0;28,4;24,3;28,9;28,4;24,5;24,3;79;76;78;59;2,6;1;
2026/05/10;0300 UTC;0;1005,1;1005,1;1004,7;0;28;24,4;28,6;28;24,5;24,3;81;78;81;57;2,5;1;
2026/05/10;0400 UTC;0;1005;1005,1;1004,9;0;27,5;24,5;28;27,5;24,6;24,4;84;81;84;47;2,1;1,1;
2026/05/10;0500 UTC;0;1004,6;1005,1;1004,6;0;27,3;24,1;27,6;27,2;24,6;24,1;84;83;83;79;2,1;1,1;
2026/05/10;0600 UTC;0;1004,1;1004,6;1004,1;0;27;23,5;27,3;26,9;24,1;23,5;83;81;81;75;2,7;1;
2026/05/10;0700 UTC;0;1004,1;1004,1;1003,9;0;26,8;23,1;27,1;26,7;23,5;23,1;81;80;80;72;2;,9;
2026/05/10;0800 UTC;0;1004,2;1004,3;1004,1;0;26,8;22,7;26,9;26,2;23,1;22,7;83;78;79;71;3;1,4;
2026/05/10;0900 UTC;0;1004,6;1004,6;1004,1;0;26,5;22,8;26,8;26,4;22,8;22,6;81;78;80;59;3,6;1,5;
2026/05/10;1000 UTC;0;1005,2;1005,3;1004,6;,9;26,1;22,8;26,5;26;22,9;22,7;82;80;82;51;3,9;1,3;
2026/05/10;1100 UTC;0;1006,2;1006,2;1005,2;273,3;27,5;22,8;27,6;26,1;23,1;22,7;82;75;75;53;4;1,8;
2026/05/10;1200 UTC;0;1006,8;1006,8;1006,2;1101,1;29,1;22,8;29,6;27,5;23,4;22,6;76;68;69;52;5,1;2,8;
2026/05/10;1300 UTC;0;1006,8;1007;1006,8;1915,3;30,5;23,8;30,9;29,1;23,8;22,9;69;64;67;46;6,3;2,7;
2026/05/10;1400 UTC;0;1006,9;1007;1006,8;2585,4;31,1;24;31,5;30,5;24,8;23,2;69;64;66;89;6;2,6;
2026/05/10;1500 UTC;0;1006,5;1006,9;1006,5;2496,1;31,4;23,3;32;30,6;24,7;23,1;69;61;62;85;6,3;3,2;
2026/05/10;1600 UTC;0;1005,5;1006,5;1005,5;2348,5;31,1;23,3;32,3;30,9;24,5;22,9;67;58;63;126;6,2;2,2;
2026/05/10;1700 UTC;0;1004,5;1005,5;1004,5;2743,4;32,4;23,7;33;31;24,6;22,9;66;58;60;99;7,2;2,7;
2026/05/10;1800 UTC;0;1003,3;1004,5;1003,3;1497,6;32,8;24;33,3;32,2;24,4;23,1;61;56;60;76;6,4;2,6;
2026/05/10;1900 UTC;0;1002,1;1003,3;1002,1;355,7;32,8;23,3;32,9;32,1;24,2;22,8;61;56;57;76;5,5;2,9;
2026/05/10;2000 UTC;0;1001,7;1002,1;1001,7;167,3;32,1;22,9;32,8;31,9;23,4;22,7;61;56;58;82;8,2;2,7;
2026/05/10;2100 UTC;0;1001,7;1001,9;1001,6;107,1;31,7;23,2;32,1;31,5;23,2;22,8;61;58;61;81;6,1;2,4;
2026/05/10;2200 UTC;0;1002,2;1002,2;1001,7;47,5;31;23,3;31,7;31;23,5;22,7;64;60;64;93;5,3;2;
2026/05/10;2300 UTC;0;1003;1003;1002,2;0;29,5;23,6;31;29,4;24,1;23,3;71;63;71;51;4,5;1,5;
2026/05/11;0000 UTC;0;1004,2;1004,2;1003;0;29,2;23,3;29,5;29,1;23,6;23,2;72;70;71;73;3,3;1,3;
2026/05/11;0100 UTC;0;1005,7;1005,7;1004,2;0;28,9;23,9;29,2;28,7;23,9;23,2;75;71;74;82;3,5;1,3;
2026/05/11;0200 UTC;0;1006,2;1006,3;1005,8;0;28,6;24,3;29;28,6;24,3;23,8;77;74;77;93;3,3;1,3;
2026/05/11;0300 UTC;0;1005,9;1006,3;1005,9;0;28,2;24;28,6;28,1;24,7;24;81;77;78;103;3,3;1,4;
2026/05/11;0400 UTC;0;1005,8;1006;1005,8;0;28;23,7;28,2;28;24;23,6;78;76;78;126;3,6;1,4;
2026/05/11;0500 UTC;0;1004,8;1005,8;1004,8;0;27,4;23,7;28;27,4;23,7;23,6;80;77;80;74;3,4;1,6;
2026/05/11;0600 UTC;0;1004,3;1004,8;1004,2;0;26,9;24,5;27,4;26,9;24,5;23,8;87;80;87;73;3;1,3;
2026/05/11;0700 UTC;0;1003,6;1004,3;1003,6;0;26,7;24,8;26,9;26,6;24,8;24,5;90;87;90;74;2,8;1,5;
2026/05/11;0800 UTC;0;1003,2;1003,6;1003,2;0;26,5;24,4;26,7;26,4;24,8;24,4;90;89;89;93;2,8;1,1;
2026/05/11;0900 UTC;0;1004,1;1004,1;1003,2;0;26,8;24,6;26,8;26,4;24,6;24,4;89;88;88;67;2,6;,9;
2026/05/11;1000 UTC;0;1005;1005;1004,1;,7;26,5;24,8;26,8;26,4;24,9;24,6;91;88;91;160;2,1;,5;
2026/05/11;1100 UTC;0;1006;1006;1005;89,5;26,4;24,5;26,6;26,2;25,2;24,5;93;90;90;158;4,7;1,2;
2026/05/11;1200 UTC;0;1006,7;1006,7;1006;247;26,7;23,9;26,7;26,2;24,6;23,8;90;85;85;182;4,7;1,6;
2026/05/11;1300 UTC;0;1006,9;1006,9;1006,7;990,9;28,5;24,3;28,5;26,6;24,7;23,4;85;77;78;178;4,2;1,4;
2026/05/11;1400 UTC;0;1006,9;1007,1;1006,9;802,9;27,5;24,3;28,5;27,5;24,7;23,8;83;76;83;193;4,3;1,5;
2026/05/11;1500 UTC;0;1006,4;1006,9;1006,4;772,2;28,4;24;28,4;27,5;24,7;23,9;83;76;77;175;5,3;1;
2026/05/11;1600 UTC;0;1005,7;1006,5;1005,6;681,9;27,8;24,2;28,7;27,8;24,5;23,7;81;75;81;110;6,7;1,7;
2026/05/11;1700 UTC;13,4;1005,3;1005,8;1005,3;102,8;24,5;24;27,8;23,9;24,6;22,7;97;79;97;42;8,2;1,8;
2026/05/11;1800 UTC;2,2;1004,4;1005,3;1004,4;57,9;24,7;24;24,8;24,5;24,2;23,9;97;96;96;38;3,9;1;
2026/05/11;1900 UTC;,6;1003,1;1004,4;1003,1;109,9;24,9;24,4;24,9;24,6;24,4;23,9;97;95;97;30;3,2;,3;
2026/05/11;2000 UTC;0;1002,9;1003,1;1002,9;182,8;25,1;24,5;25,2;24,9;24,6;24,3;97;96;97;330;1,5;,4;
2026/05/11;2100 UTC;0;1003,8;1003,8;1002,8;193,2;25,1;24,3;25,2;24,9;24,6;24,1;97;95;95;11;1,9;,5;
2026/05/11;2200 UTC;0;1004,7;1004,7;1003,8;46,8;24,7;23,8;25,1;24,7;24,2;23,8;95;94;95;259;1,7;,4;
2026/05/11;2300 UTC;0;1005,8;1005,8;1004,7;0;25;23,8;25;24,6;23,9;23,6;95;93;93;251;2;,4;
2026/05/12;0000 UTC;0;1006,7;1006,7;1005,8;,1;25,6;24,2;25,6;24,9;24,2;23,9;95;92;92;243;3,4;1,2;
2026/05/12;0100 UTC;0;1007,5;1007,5;1006,7;,1;25,6;24,1;25,6;25,5;24,2;23,9;92;91;91;239;3,5;1;
2026/05/12;0200 UTC;0;1007,7;1007,8;1007,5;1;25,5;23,9;25,6;25,4;24,1;23,8;92;91;91;253;3,8;1,1;
2026/05/12;0300 UTC;0;1007,9;1008;1007,7;1,6;25,4;23,8;25,6;25,4;24,1;23,8;92;91;91;209;4,9;1,9;
2026/05/12;0400 UTC;0;1007,2;1007,9;1007,2;,4;25,2;23,7;25,4;25,2;23,9;23,7;92;91;91;206;4,9;1,3;
2026/05/12;0500 UTC;0;1006,5;1007,2;1006,5;,3;25,3;23,8;25,3;25,1;23,9;23,7;92;91;92;230;5;1,6;
2026/05/12;0600 UTC;,4;1005,8;1006,5;1005,8;,2;23,7;22,8;25,3;23,7;23,9;22,8;96;91;94;205;8,1;2,5;
2026/05/12;0700 UTC;,2;1005,5;1005,8;1005,5;0;23,5;22,4;23,8;23,5;22,7;22,3;94;93;94;212;8,1;1,9;
2026/05/12;0800 UTC;0;1005,8;1005,8;1005,4;,1;23,7;22,3;23,7;23,5;22,5;22,3;94;92;92;218;5,1;1,2;
2026/05/12;0900 UTC;0;1006,4;1006,4;1005,7;,7;23,7;22,2;23,8;23,7;22,4;22,1;93;91;91;218;4,1;,9;
2026/05/12;1000 UTC;0;1007,1;1007,1;1006,4;,9;24;22,2;24;23,7;22,3;22;91;89;90;235;3,8;1,2;
2026/05/12;1100 UTC;0;1008;1008;1007,1;76,8;24,4;22,2;24,4;24;22,3;22;90;87;88;214;3,7;1,1;
2026/05/12;1200 UTC;0;1009,2;1009,2;1008;157;24,5;21,9;24,5;24,2;22,3;21,8;88;86;86;204;6,4;2,2;
2026/05/12;1300 UTC;0;1009,8;1009,8;1009,2;201,9;24,4;22,2;24,6;24,3;22,4;21,9;88;86;87;177;6,4;1,2;
2026/05/12;1400 UTC;0;1009,9;1010;1009,8;259,8;24,4;22,7;24,5;24,2;23;22,1;92;87;90;181;4,2;1,2;
2026/05/12;1500 UTC;,4;1009,8;1009,9;1009,8;387,7;24,4;23,2;24,8;24,3;23,2;22,4;93;87;93;218;4,4;1,3;
2026/05/12;1600 UTC;,2;1009,2;1009,8;1009,2;682,8;24,8;23;25;24,2;24;22,6;94;90;90;180;5;1;
2026/05/12;1700 UTC;1,8;1008,9;1009,2;1008,9;254,2;23,8;22,7;25;23,8;23,2;22,3;94;88;94;119;3,9;1,8;
2026/05/12;1800 UTC;24;1008,2;1008,9;1008,2;181,9;23,2;22,7;23,8;23;22,8;22,2;97;94;97;92;5,3;1;
2026/05/12;1900 UTC;2,8;1007;1008,2;1007;439,9;23,8;22,6;23,9;23,2;23,1;22,5;97;93;93;126;5,2;1,7;
2026/05/12;2000 UTC;,6;1006;1007;1006;419;24;23;24,3;23,7;23,3;22,6;95;92;94;209;5,2;,8;
2026/05/12;2100 UTC;,2;1005,8;1006;1005,8;195,2;24;22,6;24,1;23,9;23,2;22,5;95;91;92;198;2,9;1;
2026/05/12;2200 UTC;,4;1005,8;1005,8;1005,7;68,6;23,8;22,8;24;23,8;23,1;22,6;95;92;94;199;3,2;,9;
2026/05/12;2300 UTC;0;1006,9;1006,9;1005,8;0;23,8;22,8;23,8;23,6;22,9;22,7;95;94;94;145;3,1;,7;
2026/05/13;0000 UTC;0;1008,5;1008,5;1006,9;,1;23,9;22,7;23,9;23,7;22,9;22,7;95;93;93;182;2,3;,8;
2026/05/13;0100 UTC;0;1009,6;1009,6;1008,5;0;23,7;23;23,9;23,6;23;22,7;96;93;96;99;1,7;,5;
2026/05/13;0200 UTC;0;1010;1010,1;1009,6;0;23,7;23,1;23,7;23,6;23,1;22,9;96;95;96;310;1,1;,3;
2026/05/13;0300 UTC;0;1010,1;1010,2;1010;0;23,7;23,2;23,7;23,6;23,2;23;97;96;97;70;,7;,3;
2026/05/13;0400 UTC;,2;1009,6;1010,2;1009,6;0;23,7;22,8;23,8;23,6;23,2;22,8;97;95;95;221;1,4;,6;
2026/05/13;0500 UTC;0;1009,2;1009,6;1009,2;0;23,9;22,8;23,9;23,6;22,9;22,8;96;94;94;187;2,3;1,1;
2026/05/13;0600 UTC;0;1008,2;1009,2;1008,2;0;23,8;22,9;23,9;23,6;23;22,8;96;94;95;200;2,3;,6;
2026/05/13;0700 UTC;0;1007,4;1008,2;1007,4;0;23,4;22,7;23,8;23,4;23;22,6;96;95;96;213;1,3;,4;
2026/05/13;0800 UTC;0;1007,6;1007,6;1007,3;0;23,3;22,8;23,4;23,3;22,8;22,6;97;96;97;186;1,2;,4;
2026/05/13;0900 UTC;0;1007,5;1007,6;1007,5;0;23,2;22,7;23,5;23,2;22,8;22,7;97;96;97;304;1;,2;
2026/05/13;1000 UTC;0;1007,9;1007,9;1007,5;,8;23,1;22,7;23,2;23,1;22,8;22,6;97;97;97;286;,6;,2;
2026/05/13;1100 UTC;0;1008,8;1008,8;1007,8;73,3;23,7;23,2;23,7;23,1;23,2;22,7;97;97;97;347;1,3;,3;
2026/05/13;1200 UTC;0;1009,5;1009,6;1008,8;330,8;25,1;23,6;25,1;23,7;23,8;23,2;97;92;92;293;1,8;,4;
2026/05/13;1300 UTC;0;1010;1010;1009,5;957;26,3;23,6;26,7;25,1;24,3;23,2;92;83;85;300;2,1;,5;
2026/05/13;1400 UTC;0;1009,9;1010,3;1009,9;980,3;26,8;23,6;26,9;26,1;23,9;23;86;80;82;276;2,7;,8;
2026/05/13;1500 UTC;0;1010;1010,1;1009,9;736,4;26,8;23;27;26,3;23,8;22,7;83;79;80;227;4,4;,8;
2026/05/13;1600 UTC;0;1009,1;1010;1009,1;1619,1;29;23,8;29,5;26,7;24,2;22,4;83;69;73;298;2,6;,8;
2026/05/13;1700 UTC;0;1007,9;1009,1;1007,9;1645,7;28,2;22,4;30,1;28,2;24,7;22;77;66;71;164;2,8;,8;
2026/05/13;1800 UTC;0;1006,7;1007,9;1006,7;547,8;28,8;22,7;29;28,2;23,5;22,1;74;69;70;261;3,4;,8;
2026/05/13;1900 UTC;0;1005,7;1006,7;1005,7;666,6;29,7;22,9;31;28,5;24,5;22,2;77;61;67;303;4,2;,9;
2026/05/13;2000 UTC;0;1005,5;1005,7;1005,5;363,8;28,7;23;29,9;28,6;23,6;22;74;63;71;286;4,2;1;
2026/05/13;2100 UTC;0;1005,6;1005,6;1005,4;354,4;28,1;23,2;29,2;28,1;23,8;22,9;76;70;74;274;3,8;1;
2026/05/13;2200 UTC;0;1006;1006;1005,6;55,1;26,9;23,5;28,1;26,9;23,9;23,1;82;75;82;283;2,9;,6;
2026/05/13;2300 UTC;0;1006,6;1006,6;1006;0;26,5;23,6;27;26,5;23,8;23,5;85;81;84;353;2;,4;
2026/05/14;0000 UTC;0;1007,6;1007,6;1006,6;0;26,3;23,3;26,5;26;23,6;23,3;86;84;84;318;2,2;,6;
2026/05/14;0100 UTC;0;1008,5;1008,5;1007,6;0;25,9;23,1;26,3;25,9;23,5;23,1;85;82;85;322;2,1;,4;
2026/05/14;0200 UTC;0;1008,8;1008,9;1008,5;0;25,5;23,5;25,9;25,5;23,5;23,1;89;85;89;334;1,8;,4;
2026/05/14;0300 UTC;0;1008,8;1008,9;1008,7;0;25,4;23,5;25,5;25,3;23,6;23,5;90;89;89;6;1,5;,5;
2026/05/14;0400 UTC;,2;1008,5;1008,8;1008,5;0;25,2;23,8;25,5;25,2;23,8;23,5;92;89;92;31;1,6;,7;
2026/05/14;0500 UTC;4,4;1007,9;1008,5;1007,9;0;24,2;23,5;25,3;24,2;23,9;23,4;96;91;96;46;4,3;1,3;
2026/05/14;0600 UTC;1,4;1007;1007,9;1007;0;23,9;23,4;24,2;23,9;23,5;23,4;97;96;97;303;3,1;,2;
2026/05/14;0700 UTC;0;1006,5;1007;1006,5;0;23,8;23,3;23,9;23,7;23,4;23,2;97;97;97;54;,7;,2;
2026/05/14;0800 UTC;0;1006,5;1006,5;1006,4;0;23,7;23,2;23,8;23,7;23,4;23,1;97;97;97;104;,5;,2;
2026/05/14;0900 UTC;0;1007,1;1007,1;1006,5;0;23,9;23,5;23,9;23,6;23,5;23,1;97;97;97;143;1,2;,4;
2026/05/14;1000 UTC;0;1007,6;1007,6;1007,1;,4;23,9;23,5;24;23,7;23,5;23,2;97;97;97;17;,8;,2;
2026/05/14;1100 UTC;0;1008,2;1008,2;1007,6;69;24,5;24,1;24,6;23,8;24,2;23,3;98;97;97;36;,6;,2;
2026/05/14;1200 UTC;0;1008,5;1008,5;1008,2;543,1;27,3;24,8;27,3;24,5;25;23,9;97;85;86;93;1,1;,4;
2026/05/14;1300 UTC;0;1008,8;1008,8;1008,5;1099,2;27,8;24,3;28,3;27,2;24,9;23,1;86;77;81;282;2,2;,5;
2026/05/14;1400 UTC;0;1008,7;1008,8;1008,7;1079,1;28,7;24,2;29,2;27,7;25,6;23,7;84;75;77;230;3;,9;
2026/05/14;1500 UTC;0;1008,4;1008,7;1008,3;1037,5;28,9;23,7;29,2;27,9;24,9;23,2;81;72;74;250;2,9;,8;
2026/05/14;1600 UTC;0;1007,6;1008,4;1007,6;1467,6;29,4;23,4;30,2;28,9;24,6;22,7;75;67;70;212;2,9;,5;
2026/05/14;1700 UTC;0;1006,1;1007,6;1006,1;2156,3;31,2;23,4;31,3;29,2;24,7;22,9;73;63;63;233;3,9;1,2;
2026/05/14;1800 UTC;0;1005,2;1006,1;1005,2;1089,7;31,6;23,9;31,7;30;24,8;23,2;71;63;64;234;3,9;1,3;
2026/05/14;1900 UTC;0;1004,3;1005,2;1004,3;516,5;30,2;23,8;31,9;30,1;24,5;22,9;69;61;69;13;4,3;,7;
2026/05/14;2000 UTC;0;1003,8;1004,3;1003,8;209,8;30,3;23,5;30,9;30,1;24,3;23;71;63;67;207;3,4;1,2;
2026/05/14;2100 UTC;0;1004;1004;1003,8;197,7;30,6;22,2;30,7;30,2;24;21,8;68;60;61;122;3,9;1,5;
2026/05/14;2200 UTC;0;1004,4;1004,4;1004;131;29,6;22,4;30,6;29,6;22,9;21,7;66;60;65;104;3,9;1,1;
2026/05/14;2300 UTC;0;1005,4;1005,4;1004,4;0;28,5;23,9;29,6;28,3;24;22,2;78;64;76;101;4;1,4;
2026/05/15;0000 UTC;0;1006,3;1006,3;1005,4;0;28,1;23,7;28,5;28,1;24,4;23,6;80;76;77;114;3,2;,7;
2026/05/15;0100 UTC;0;1007,5;1007,5;1006,3;0;27,4;23,8;28,3;27,3;23,9;23,3;81;75;81;95;2,5;,6;
2026/05/15;0200 UTC;0;1007,8;1007,8;1007,5;0;27,3;24,1;27,6;27,2;24,2;23,7;83;79;83;103;2,1;,6;
2026/05/15;0300 UTC;0;1007,6;1007,9;1007,5;0;26,4;24,5;27,3;26,2;24,6;24,1;91;83;89;44;1,2;,2;
2026/05/15;0400 UTC;0;1007,6;1007,7;1007,6;0;26,5;24,5;26,6;26,2;24,7;24,3;91;88;89;166;2,1;,6;
2026/05/15;0500 UTC;0;1006,9;1007,6;1006,9;0;26,1;24,4;26,5;25,9;24,6;24,4;92;89;91;83;1,7;,2;
2026/05/15;0600 UTC;0;1006,2;1006,9;1006,1;0;26,1;24;26,3;26;24,4;24;91;88;88;197;2,5;,6;
2026/05/15;0700 UTC;0;1006,4;1006,6;1006,2;0;25,9;23,9;26,2;25,7;24,2;23,8;91;87;89;192;2,1;,7;
2026/05/15;0800 UTC;0;1006,7;1006,7;1006,3;0;25,8;24,1;26,1;25,8;24,2;23,9;91;88;91;63;2,5;,3;
2026/05/15;0900 UTC;0;1007,5;1007,5;1006,7;0;25,4;24;25,9;25,4;24,2;23,8;92;88;92;110;1,1;,2;
2026/05/15;1000 UTC;0;1007,9;1007,9;1007,5;1,7;25,5;24,1;25,5;25,2;24,1;24;93;92;92;236;,8;,3;
2026/05/15;1100 UTC;0;1008,2;1008,2;1007,8;190,2;27;24;27;25,5;24,4;23,9;93;83;84;221;3,3;1,2;
2026/05/15;1200 UTC;0;1008,7;1008,8;1008,2;786,6;28,3;23,8;28,6;27;24,7;23,7;84;76;77;235;3,3;1;
2026/05/15;1300 UTC;0;1009,3;1009,4;1008,7;1170;28,4;23,9;29;27,8;24,9;23,6;81;75;77;239;4,1;1,4;
2026/05/15;1400 UTC;5,6;1009,2;1009,3;1009;857,8;25,6;24;29;25,6;25;24;91;75;91;213;6,9;2,3;
2026/05/15;1500 UTC;36;1010,6;1010,7;1009;50,4;23,3;22,7;25,6;23,3;25;22,7;98;91;96;41;7;2,7;
2026/05/15;1600 UTC;3,6;1008,8;1010,6;1008,8;33,9;23,2;22,5;23,3;22,9;22,6;22,3;97;96;96;98;5,9;1,3;
2026/05/15;1700 UTC;2,4;1007,6;1008,8;1007,6;141,6;23,7;23,2;23,8;23,2;23,3;22,4;97;95;97;237;3,4;,4;
2026/05/15;1800 UTC;,4;1007,1;1007,6;1007,1;423,6;24,4;23,6;24,7;23,7;24,1;23,2;97;95;95;289;1,7;,5;
2026/05/15;1900 UTC;0;1005,7;1007,1;1005,7;375,4;24,9;23,5;25,1;24,4;24;23,3;96;90;92;55;1,5;,3;
2026/05/15;2000 UTC;0;1004,4;1005,7;1004,4;288,3;25,3;23,5;25,3;24,7;23,9;23,2;94;90;90;37;2;,9;
2026/05/15;2100 UTC;0;1003,6;1004,4;1003,6;234,2;25,3;23,5;25,5;25,1;23,7;23,1;91;88;90;78;2,1;,4;
2026/05/15;2200 UTC;0;1004,1;1004,1;1003,5;43,5;24,6;23,4;25,3;24,6;23,5;23,1;93;89;93;151;,9;,3;
2026/05/15;2300 UTC;0;1005,2;1005,2;1004,1;,1;25,1;24;25,1;24,5;24;23,3;94;92;94;229;2,2;,8;
2026/05/16;0000 UTC;0;1006,3;1006,3;1005,2;,2;24,5;23,5;25,1;24,5;24;23,5;94;92;94;262;2,4;,3;
2026/05/16;0100 UTC;0;1007,4;1007,4;1006,3;0;24,1;23,5;24,5;24,1;23,5;23,4;96;94;96;341;1,2;,3;
2026/05/16;0200 UTC;0;1007,4;1007,5;1007,2;0;24,2;23,7;24,2;24,1;23,7;23,4;97;96;97;349;,7;,3;
2026/05/16;0300 UTC;0;1007,3;1007,5;1007,2;0;24,1;23,4;24,4;24;23,8;23,4;97;96;96;9;1,7;,2;
2026/05/16;0400 UTC;0;1007,6;1007,6;1007,3;0;23,9;23,4;24,1;23,9;23,4;23,4;97;96;97;52;1,2;,6;
2026/05/16;0500 UTC;0;1007,2;1007,6;1007,2;0;24;23,4;24,1;23,9;23,5;23,3;97;96;96;78;1,5;,3;
2026/05/16;0600 UTC;0;1006,4;1007,2;1006,4;0;23,9;23,5;24;23,8;23,5;23,3;97;96;97;342;,8;,3;
2026/05/16;0700 UTC;0;1006,3;1006,6;1006,3;0;23,9;23,4;24,1;23,9;23,6;23,4;97;97;97;337;1,2;,3;
2026/05/16;0800 UTC;0;1006,3;1006,4;1006,1;0;23,9;23,4;23,9;23,7;23,4;23,2;97;97;97;84;1,5;,8;
2026/05/16;0900 UTC;0;1006,5;1006,6;1006,3;0;24,4;23,7;24,4;23,9;23,8;23,4;97;96;96;30;1,7;,3;
2026/05/16;1000 UTC;0;1006,5;1006,5;1006,3;,7;24,2;23,5;24,5;24,2;23,8;23,4;96;95;96;355;1,4;,1;
2026/05/16;1100 UTC;0;1007;1007;1006,4;159;25,2;24;25,3;24;24,1;23,4;97;93;93;306;1,9;,3;
2026/05/16;1200 UTC;0;1007,7;1007,7;1007;397,4;25,8;24;26,3;25,2;24,4;23,6;93;87;90;11;1;,3;
2026/05/16;1300 UTC;0;1007,9;1008;1007,7;1531,6;28,9;24,2;29,8;25,8;25,5;23,6;90;73;76;31;2,6;,8;
2026/05/16;1400 UTC;0;1008,2;1008,3;1007,9;2199;28,6;23,7;30,5;28,5;24,9;23,1;78;68;75;61;3,3;1,4;
2026/05/16;1500 UTC;0;1008;1008,3;1008;520,6;28,6;24,6;28,7;27,6;24,8;23,5;83;74;79;92;3,3;1,1;
2026/05/16;1600 UTC;0;1007;1008;1007;1149,6;29,1;23,8;30,2;28,6;25,2;23,3;80;70;73;79;4;1,7;
2026/05/16;1700 UTC;0;1005,5;1007;1005,5;1759,4;30,1;23,9;30,9;29,1;24,8;23,2;75;66;70;93;4,2;1,6;
2026/05/16;1800 UTC;0;1004,1;1005,5;1004,1;1159;30,6;23,8;30,8;30;24,6;22,8;72;64;67;87;4,1;1,6;
2026/05/16;1900 UTC;0;1003,1;1004,1;1003,1;516,1;30,7;23,3;30,9;30,2;24,6;23,1;70;64;65;52;4,4;1,6;
2026/05/16;2000 UTC;0;1002,5;1003,2;1002,5;270,1;29,9;23,3;30,9;29,7;24,2;22,8;72;64;68;157;4,8;,7;
2026/05/16;2100 UTC;0;1002,9;1002,9;1002,5;198,2;28,4;24,2;30;28,1;24,6;23,4;79;68;78;76;5,8;1,7;
2026/05/16;2200 UTC;0;1003,5;1003,5;1002,7;186,9;27,8;23,4;28,7;27,8;24,3;23,2;78;73;77;101;4,9;1,7;
2026/05/16;2300 UTC;0;1004;1004;1003,4;1,3;27,2;24,2;27,8;27,2;24,3;23,4;84;77;84;74;3,9;1,9;
2026/05/17;0000 UTC;0;1004,8;1004,8;1004;0;27,1;23,2;27,2;27;24,3;23,2;85;79;79;64;3,5;1,7;
2026/05/17;0100 UTC;0;1005,3;1005,3;1004,8;0;26,7;23,5;27,1;26,7;23,5;23,1;83;79;83;60;3,1;1,1;
2026/05/17;0200 UTC;0;1006,1;1006,1;1005,3;0;26,5;23,5;26,8;26,4;23,6;23,5;84;82;84;52;2,8;1;
2026/05/17;0300 UTC;0;1006,3;1006,3;1006,1;0;26;23,6;26,5;26;23,7;23,5;87;84;87;78;2,8;1,1;
2026/05/17;0400 UTC;0;1006,4;1006,4;1006,3;0;26,1;22,8;26,2;26;23,7;22,8;87;82;82;72;2,5;1,3;
2026/05/17;0500 UTC;0;1005,9;1006,4;1005,9;0;25,7;23;26,1;25,7;23;22,8;85;82;85;71;3;1,2;
2026/05/17;0600 UTC;0;1005,1;1005,9;1005,1;0;25,5;23;25,7;25,3;23,2;23;88;85;86;42;2,6;,8;
2026/05/17;0700 UTC;0;1004,5;1005,1;1004,5;0;25,2;23,1;25,6;25;23,1;22,9;89;86;88;41;1,6;,9;
2026/05/17;0800 UTC;0;1004,3;1004,5;1004,2;0;24,9;23;25,2;24,8;23,1;23;90;88;89;70;1,8;,7;
2026/05/17;0900 UTC;0;1004,7;1004,7;1004,3;0;24,4;23,1;24,9;24,4;23,1;22,9;92;89;92;61;1,6;,6;
2026/05/17;1000 UTC;0;1005,2;1005,2;1004,7;,4;24,4;23,2;24,7;24,2;23,2;22,9;94;91;93;43;1,7;,8;
2026/05/17;1100 UTC;0;1006,3;1006,3;1005,2;278,8;27,3;23,8;27,4;24,2;23,9;23,1;95;81;81;78;1,4;,7;
2026/05/17;1200 UTC;0;1006,9;1006,9;1006,3;1031,5;28,7;24;29;27,1;24,6;23,3;82;74;76;53;2,7;1,5;
2026/05/17;1300 UTC;0;1007,3;1007,3;1006,9;1786,4;30,5;24,1;30,9;28,4;25,3;23,3;77;67;68;4;2,7;,8;
2026/05/17;1400 UTC;0;1007,5;1007,5;1007,2;1603,9;30,2;23,9;31,4;29,8;25,2;23,3;75;65;69;81;3,8;1,3;
2026/05/17;1500 UTC;0;1006,7;1007,5;1006,7;1348,2;30,6;24,7;31,7;29,1;26,2;23,2;77;67;71;76;3,1;,8;
2026/05/17;1600 UTC;0;1005,4;1006,6;1005,4;2130;31,9;23,6;32,1;30;25,8;22,9;74;60;62;93;6,3;2;
2026/05/17;1700 UTC;0;1004,5;1005,4;1004,5;2436,2;31,5;23,7;32,2;31,5;24,6;22,8;65;59;63;77;6,3;2,7;
2026/05/17;1800 UTC;0;1004;1004,5;1003,8;955,1;28,3;23,8;32,4;28,3;24,6;23,1;77;61;77;40;6,8;2;
2026/05/17;1900 UTC;0;1003,3;1004;1003,3;389,6;27,1;23,5;28,3;27,1;23,9;23,1;81;76;81;350;6,8;1,1;
2026/05/17;2000 UTC;0;1002,7;1003,3;1002,6;347,9;26,9;23,4;27,1;26,7;23,9;23,1;84;80;81;31;4,9;1,4;
2026/05/17;2100 UTC;;;;;;;;;;;;;;;;;;
2026/05/17;2200 UTC;0;1003,4;1003,5;1002,4;58;26;23,6;26,6;25,9;23,7;23,3;87;82;87;306;4;,5;
2026/05/17;2300 UTC;0;1004,2;1004,2;1003,4;0;25,4;23,4;26,1;25,4;23,6;23,3;89;85;89;8;2,1;,3;
2026/05/18;0000 UTC;0;1004,8;1004,8;1004,2;0;25,3;23,6;25,4;25,1;23,7;23,3;91;89;91;13;1,2;,3;
2026/05/18;0100 UTC;0;1005,9;1005,9;1004,8;0;24,7;23,5;25,3;24,7;23,7;23,5;93;91;93;340;1;,2;
2026/05/18;0200 UTC;0;1006,3;1006,3;1005,9;0;24,7;23,8;24,7;24,5;23,8;23,5;95;93;94;251;1;,3;
2026/05/18;0300 UTC;0;1006,8;1006,8;1006,3;0;24,7;23,7;25;24,7;23,8;23,6;94;93;94;360;1;,3;
2026/05/18;0400 UTC;0;1006,4;1006,8;1006,4;0;24,5;23,7;24,7;24,5;23,8;23,6;95;94;95;334;,6;,3;
2026/05/18;0500 UTC;0;1006,1;1006,4;1006,1;0;24,5;23,7;24,5;24,3;23,7;23,6;96;95;95;280;1,4;,4;
2026/05/18;0600 UTC;0;1005,9;1006,2;1005,9;0;24,1;23,5;24,6;24,1;23,7;23,5;96;95;96;340;1,4;,2;
2026/05/18;0700 UTC;0;1005,6;1006;1005,6;0;24,1;23,6;24,1;24;23,6;23,4;97;96;97;3;1,2;,1;
2026/05/18;0800 UTC;1,2;1005,6;1005,8;1005,4;0;24,5;23,8;24,5;24,1;23,8;23,5;97;96;96;99;3;1,2;
2026/05/18;0900 UTC;,6;1005,6;1005,6;1005,3;0;24,1;23,6;24,6;24;23,9;23,5;97;95;97;276;3;,2;
2026/05/18;1000 UTC;0;1006,5;1006,5;1005,6;,7;24;23,6;24,1;24;23,8;23,5;98;97;98;358;,7;,1;
2026/05/18;1100 UTC;0;1007,1;1007,1;1006,5;135,7;25,1;24,7;25,1;24;24,8;23,6;98;98;98;109;,9;,1;
2026/05/18;1200 UTC;0;1007,8;1007,8;1007,1;427,7;26,6;25,2;26,6;25;25,4;24,5;98;92;92;309;1,4;,4;
2026/05/18;1300 UTC;0;1008,4;1008,4;1007,8;1223,6;29;25,7;29;26,6;25,8;24,2;92;80;82;146;1,7;,4;
2026/05/18;1400 UTC;0;1008,4;1008,6;1008,4;878,8;28,2;24,6;29,2;27,8;25,4;24,3;85;78;81;250;2,9;,8;
2026/05/18;1500 UTC;0;1008,1;1008,5;1008,1;1014,3;28,8;24,9;29,7;27,8;25,3;24,2;84;75;80;268;2,9;,6;
2026/05/18;1600 UTC;1,2;1007,8;1008,1;1007,7;496,5;25,9;23,6;29,2;25,9;25,8;23,3;90;78;87;93;3,3;,5;
2026/05/18;1700 UTC;2,8;1007,6;1008,2;1007,5;150,2;24,5;23,6;26,3;24,5;23,8;23,4;95;86;95;7;6,5;1,6;
2026/05/18;1800 UTC;3,4;1006,2;1007,6;1006,2;63;23,9;23,2;24,5;23,9;23,5;23,1;96;94;96;41;5,6;2,3;
2026/05/18;1900 UTC;1,2;1005,2;1006,2;1005,1;192,8;24,4;23,6;24,4;23,9;23,6;23,2;96;95;95;275;5,6;,4;
2026/05/18;2000 UTC;0;1004,4;1005,3;1004,4;473,8;25,5;23,6;25,5;24,4;24,2;23,5;95;90;90;333;2,1;,5;
2026/05/18;2100 UTC;0;1004,2;1004,5;1004,2;293,4;25,6;23,4;25,9;25,5;23,8;23,2;90;86;88;40;2,5;1,4;
2026/05/18;2200 UTC;0;1004,1;1004,2;1003,8;60,6;25,3;23,4;25,8;25,2;23,6;23,2;89;86;89;36;3,4;1;
2026/05/18;2300 UTC;0;1005,1;1005,1;1004,1;0;24,7;23,7;25,3;24,7;23,7;23,4;94;89;94;95;2,4;,5;
2026/05/19;0000 UTC;0;1006,4;1006,4;1005,1;0;25;23,7;25,1;24,5;23,8;23,6;95;92;92;128;2,1;,7;
2026/05/19;0100 UTC;0;1006,8;1006,8;1006,4;0;24,5;23,7;25,3;24,5;23,9;23,6;95;91;95;63;2,1;,1;
2026/05/19;0200 UTC;0;1007,4;1007,5;1006,8;0;24,5;23,9;24,5;24,4;23,9;23,7;96;95;96;218;,9;,3;
2026/05/19;0300 UTC;0;1007,7;1007,7;1007,4;0;24,2;23,8;24,5;24,2;23,8;23,6;97;96;97;47;,6;,2;
2026/05/19;0400 UTC;0;1007,1;1007,7;1007,1;0;24,1;23,7;24,3;24,1;23,9;23,7;98;97;97;213;,9;,6;
2026/05/19;0500 UTC;0;1006,5;1007;1006,5;0;24,1;23,7;24,4;24,1;24;23,7;98;97;98;297;1,5;,2;
2026/05/19;0600 UTC;0;1006,6;1006,6;1006,4;0;24,1;23,8;24,2;24;23,9;23,6;98;98;98;82;,8;,6;
2026/05/19;0700 UTC;0;1006,3;1006,6;1006,1;0;24,1;23,8;24,4;24,1;24;23,8;98;98;98;36;,9;,1;
2026/05/19;0800 UTC;0;1006,3;1006,3;1006;0;24,1;23,7;24,2;24;23,8;23,7;98;98;98;34;,7;,3;
2026/05/19;0900 UTC;0;1006,7;1006,8;1006,2;0;24,2;23,8;24,3;23,9;24;23,6;98;98;98;47;1,3;,2;
2026/05/19;1000 UTC;0;1007,1;1007,1;1006,7;1;24;23,6;24,2;24;23,9;23,6;98;98;98;288;1;,2;
2026/05/19;1100 UTC;0;1007,7;1007,7;1007,1;142,7;25;24,7;25,1;24;24,7;23,6;98;98;98;299;,8;,3;
2026/05/19;1200 UTC;0;1008,4;1008,4;1007,7;842,7;29,2;26;29,2;25;26,3;24,7;98;83;83;332;1,4;,4;
2026/05/19;1300 UTC;0;1008,7;1008,7;1008,4;1457,9;28,3;24,4;30,3;27,8;26,3;24,1;87;74;79;288;2,2;,6;
2026/05/19;1400 UTC;0;1008,6;1008,8;1008,6;1001,7;29,7;24,9;29,8;27,8;25,9;23,7;84;74;76;314;2;,7;
2026/05/19;1500 UTC;0;1008,1;1008,6;1008,1;2234,3;29,3;24,8;32;29,3;26,4;23,8;77;65;77;229;3,6;1,5;
2026/05/19;1600 UTC;0;1007,4;1008,1;1007,4;1896,6;29,4;24,6;30,5;28,9;25,7;24,2;79;71;75;261;4,5;1,1;
2026/05/19;1700 UTC;0;1005,9;1007,4;1005,9;1888,8;31,5;24,2;32;29,4;25,8;24;76;64;65;142;3,7;,8;
2026/05/19;1800 UTC;0;1004,7;1005,9;1004,7;811,1;30,7;22,6;31,8;30,4;25;22;72;57;62;64;3,8;1,8;
2026/05/19;1900 UTC;0;1003,9;1004,7;1003,9;447,4;30,3;23,4;30,7;29,9;24,6;22,4;74;61;66;68;4,2;1,5;
2026/05/19;2000 UTC;0;1003,2;1003,9;1003,2;392,5;30,8;23,2;30,9;30,1;23,6;22,4;67;61;64;88;4,8;1,5;
2026/05/19;2100 UTC;0;1003;1003,2;1002,9;162,2;30,4;23,1;31;30,3;23,4;22,6;65;61;65;86;3,8;1,4;
2026/05/19;2200 UTC;0;1003,7;1003,7;1003;39,6;29,3;23,6;30,4;29,2;24,1;23,1;72;65;71;129;3,7;,9;
2026/05/19;2300 UTC;0;1004,8;1004,8;1003,7;0;28,2;23,7;29,4;28,2;23,9;23,5;77;71;77;160;2,8;,4;
2026/05/20;0000 UTC;0;1005,4;1005,4;1004,8;0;28,2;24,4;28,7;27,7;24,4;23,4;81;73;80;169;1,9;,8;
2026/05/20;0100 UTC;0;1006,5;1006,5;1005,4;0;27,6;24,1;28,3;27,6;24,4;23,7;82;77;81;211;2,5;,7;
2026/05/20;0200 UTC;0;1007,3;1007,3;1006,5;0;27,5;24,8;27,7;27,3;24,8;24,2;87;81;85;198;2,1;1;
2026/05/20;0300 UTC;0;1007,1;1007,4;1007,1;0;26,4;24,8;27,4;26,4;25;24,7;91;85;91;176;1,7;,2;
2026/05/20;0400 UTC;0;1007,1;1007,2;1007;0;26,5;24,5;26,6;26,1;24,8;24,5;91;89;89;191;1,7;,6;
2026/05/20;0500 UTC;0;1006,3;1007,1;1006,3;0;26,3;24,4;26,8;26,3;24,6;24,3;89;87;89;242;2,2;,2;
2026/05/20;0600 UTC;0;1005,6;1006,3;1005,6;0;26,6;24,8;26,9;26,1;24,8;24,3;90;87;90;231;2,9;1;
2026/05/20;0700 UTC;0;1005;1005,6;1005;0;26,4;24,9;26,6;26,4;24,9;24,8;91;90;91;261;3,5;,9;
2026/05/20;0800 UTC;0;1005;1005,1;1004,7;0;25,7;23,7;26,4;25,6;24,9;23,6;92;88;89;185;4;1,6;
2026/05/20;0900 UTC;,4;1006,4;1006,4;1005;,2;25,8;24,6;25,9;25,6;24,6;23,7;93;89;93;149;5,1;1,7;
2026/05/20;1000 UTC;5,2;1006,8;1006,8;1006,3;,4;23,9;23,1;25,8;23,3;24,3;22,1;96;88;95;184;5,7;1,1;
2026/05/20;1100 UTC;0;1007,2;1007,2;1006,6;10,2;25,3;24,6;25,3;23,9;24,7;23,2;97;95;96;200;4,1;1,3;
2026/05/20;1200 UTC;0;1007,9;1007,9;1007,2;161;25,9;24,8;25,9;25,3;24,8;24,4;96;93;94;199;3,4;1;
2026/05/20;1300 UTC;0;1008,2;1008,3;1007,9;522,6;26,9;24,2;27,2;25,9;25,1;24,2;94;85;85;213;4,4;1,3;
2026/05/20;1400 UTC;0;1008,1;1008,4;1008,1;689,6;27,4;23,8;27,7;26,6;24,8;23,8;88;81;81;181;4,4;1,6;
2026/05/20;1500 UTC;0;1008,3;1008,4;1008,1;1156,6;28,1;24,6;28,3;26,9;25,1;23,8;85;81;81;152;5,2;1,1;
2026/05/20;1600 UTC;0;1007,1;1008,4;1007,1;1101,6;28,7;24,9;28,7;27,5;24,9;23,9;83;78;80;196;5,2;2,2;
2026/05/20;1700 UTC;0;1006;1007,1;1006;1580,2;28,7;24,6;29,5;27,9;25,3;24;83;76;79;199;6,2;2,2;
2026/05/20;1800 UTC;0;1005,1;1006;1005,1;1101,1;29,4;24,5;29,5;27,9;25,2;24,1;82;75;75;234;6,7;1,7;
2026/05/20;1900 UTC;0;1004,6;1005,1;1004,5;513,2;28,1;24,3;30,3;28,1;25,9;24,1;81;73;80;234;5,8;2;
2026/05/20;2000 UTC;4,2;1004,7;1004,9;1004,4;130,4;25;24,2;28,1;25;25,2;24;95;80;95;198;6,6;2,5;
2026/05/20;2100 UTC;0;1004,9;1004,9;1004,2;122,9;25,3;24,1;25,4;24,9;24,4;24;96;93;93;227;6,6;1,1;
2026/05/20;2200 UTC;0;1006,1;1006,1;1004,9;36;25,8;24,4;25,8;25,3;24,4;23,9;95;91;92;190;3,3;1,1;
2026/05/20;2300 UTC;0;1006,8;1006,8;1006;1,1;25,3;23,8;25,8;25,2;24,3;23,6;92;90;92;39;4,9;,8;
2026/05/21;0000 UTC;2;1007,3;1007,3;1006,8;0;25;24,3;25,3;24,7;24,3;23,5;96;91;96;221;5,5;1,1;
2026/05/21;0100 UTC;3,4;1008,1;1008,2;1007,1;0;25,2;24,6;25,2;25;24,6;24,3;97;95;97;36;4,1;,5;
2026/05/21;0200 UTC;2;1008;1008,1;1007,9;0;25,3;24,5;25,4;25,1;24,6;24,5;97;95;95;79;2,2;,9;
2026/05/21;0300 UTC;,2;1007,9;1008,2;1007,9;0;25,4;24,4;25,5;25,3;24,6;24,4;95;94;94;141;2,3;1;
2026/05/21;0400 UTC;0;1007,4;1008,1;1007,4;0;25,2;24,5;25,4;25;24,5;24,4;97;94;96;82;2,1;,8;
2026/05/21;0500 UTC;0;1007,1;1007,4;1007,1;,8;25,2;24,1;25,3;25,1;24,4;24;96;93;93;150;2;,6;
2026/05/21;0600 UTC;0;1006,5;1007,1;1006,5;0;24,8;24,2;25,2;24,8;24,2;24,1;96;93;96;157;1,6;,2;
2026/05/21;0700 UTC;0;1006;1006,5;1006;0;25;24,3;25;24,7;24,3;24,1;97;96;96;207;1,7;,6;
2026/05/21;0800 UTC;0;1005,8;1006;1005,8;,8;24,9;24;25,1;24,9;24,3;24;96;94;95;217;3,2;1;
2026/05/21;0900 UTC;0;1006,2;1006,2;1005,6;0;24,7;23,9;24,9;24,7;24,1;23,8;95;95;95;205;2,9;,9;
2026/05/21;1000 UTC;0;1006,8;1006,8;1006,1;1;24,8;23,8;24,8;24,7;24;23,8;95;94;94;237;3,2;,7;
2026/05/21;1100 UTC;0;1007,7;1007,7;1006,8;93,8;25,1;23,7;25,2;24,8;23,9;23,6;94;91;92;222;3,2;1,4;
2026/05/21;1200 UTC;0;1008,3;1008,3;1007,7;275,9;25,8;24,1;25,8;25,1;24,1;23,6;92;88;90;223;3,2;1,2;
2026/05/21;1300 UTC;0;1008,6;1008,6;1008,2;888,4;27,1;24,1;27,1;25,8;24,7;23,8;91;84;84;233;3,8;1,3;
2026/05/21;1400 UTC;0;1008,8;1008,9;1008,6;801,4;27;23,9;27,5;26,8;24,5;23,4;85;81;83;199;4,7;1,7;
2026/05/21;1500 UTC;3;1008,1;1008,8;1008;360,9;25,6;24,6;27;25,6;24,6;23,4;94;82;94;221;4,6;1,3;
2026/05/21;1600 UTC;1;1007,5;1008,1;1007,4;1726,2;28,1;25,8;28,1;25,6;26,5;24,7;96;88;88;226;3,7;1,2;
2026/05/21;1700 UTC;8;1006,6;1008,3;1006,6;566,8;24,2;23,1;28,6;23,4;26,3;22,1;96;83;94;117;5,9;1,1;
2026/05/21;1800 UTC;,8;1005,6;1006,6;1005,6;423,2;24,7;23,6;24,8;24;23,7;22,7;95;92;94;207;3,3;1,2;
2026/05/21;1900 UTC;0;1005,5;1005,6;1005,2;398,9;25,2;23,6;25,2;24,7;24;23,4;95;91;91;186;4,1;1;
2026/05/21;2000 UTC;0;1005,4;1005,7;1005,4;202,2;25,7;23,8;25,7;25;23,9;23,4;93;88;89;218;4,2;1,5;
2026/05/21;2100 UTC;0;1005,6;1005,6;1005,3;251,3;25,7;23,5;25,8;25,5;23,9;23,4;90;87;88;227;4,2;1,4;
2026/05/21;2200 UTC;0;1005,7;1005,7;1005,5;69;25,2;23,5;25,7;25,2;23,7;23,3;90;88;90;205;3,1;1;
2026/05/21;2300 UTC;0;1006,5;1006,5;1005,6;0;25,1;23,6;25,3;25,1;23,7;23,5;92;90;91;181;3,7;1;
2026/05/22;0000 UTC;0;1007,8;1007,8;1006,5;0;25,3;23,6;25,3;25,1;23,7;23,6;92;91;91;176;3,2;1,2;
2026/05/22;0100 UTC;0;1008;1008;1007,7;,3;25,2;23,7;25,3;25,2;23,8;23,6;92;90;92;212;3,3;,5;
2026/05/22;0200 UTC;0;1008,5;1008,5;1008;0;25,3;23,8;25,4;25,1;23,9;23,7;92;91;91;223;2,2;,7;
2026/05/22;0300 UTC;0;1008;1008,5;1008;0;25,4;23,8;25,6;25,3;24;23,8;92;90;91;233;2,6;1,1;
2026/05/22;0400 UTC;0;1007,5;1008,1;1007,5;0;25,1;23,9;25,4;25,1;23,9;23,8;93;91;93;221;3;,7;
2026/05/22;0500 UTC;0;1006,7;1007,5;1006,7;0;25,1;24;25,1;25;24,1;23,9;95;93;94;237;2,6;,8;
2026/05/22;0600 UTC;0;1006,7;1006,9;1006,7;0;25,1;24;25,2;25;24,1;23,9;95;93;94;212;2,7;,6;
2026/05/22;0700 UTC;0;1006,4;1006,7;1006,4;0;25;24;25,1;25;24;23,9;94;93;94;205;2,6;1;
2026/05/22;0800 UTC;0;1006,2;1006,5;1006,2;0;24,9;23,8;25,1;24,9;24;23,8;94;93;94;201;2,9;,7;
2026/05/22;0900 UTC;0;1006,3;1006,3;1006,1;0;25;23,8;25;24,8;23,9;23,8;94;93;93;232;2,2;1;
2026/05/22;1000 UTC;0;1006,7;1006,7;1006,3;,5;25,1;24;25,1;24,9;24,1;23,8;94;93;94;228;2,3;,7;
2026/05/22;1100 UTC;0;1007,7;1007,7;1006,7;16,8;25,3;23,9;25,3;25,1;24,2;23,9;94;92;92;206;2,5;,5;
2026/05/22;1200 UTC;,4;1008,7;1008,7;1007,7;186,3;25,6;24,1;25,7;25,3;24,3;23,9;93;91;92;200;3,5;1,1;
2026/05/22;1300 UTC;0;1008,8;1008,9;1008,7;262,2;25,9;24,1;26,2;25,6;24,3;23,9;92;88;90;205;3,9;1,3;
2026/05/22;1400 UTC;2,2;1009;1009,1;1008,8;101;25,2;24,4;25,9;25,1;24,4;24;95;90;95;177;4,1;1;
2026/05/22;1500 UTC;1,8;1008,8;1009,1;1008,8;268,6;25,1;24,1;25,3;25;24,4;24;95;94;94;190;4,2;1,7;
2026/05/22;1600 UTC;0;1008;1008,8;1008;447,4;25,3;24;25,3;24,8;24,3;23,7;95;92;93;205;5;1,4;
2026/05/22;1700 UTC;0;1007,1;1008;1007,1;542,5;25,9;23,8;26,2;25,2;24,3;23,5;93;86;88;163;4;1,5;
2026/05/22;1800 UTC;0;1006,1;1007,1;1006,1;742,8;26,3;23,8;26,9;25,8;24,6;23,5;89;84;86;209;5,3;1,8;
2026/05/22;1900 UTC;0;1005,5;1006,1;1005,5;857,5;26,4;23,5;27,2;25,8;24;23,2;87;81;84;212;6;1,8;
2026/05/22;2000 UTC;0;1005,2;1005,5;1005,1;453,8;26,7;23,7;26,9;26,4;24;23,5;85;83;84;217;5,3;1,4;
2026/05/22;2100 UTC;0;1005,4;1005,4;1005;204,3;26,6;23,6;26,8;26,5;23,7;23,3;85;82;84;216;5,6;1,4;
2026/05/22;2200 UTC;0;1006,2;1006,2;1005,4;49,2;26,2;23,4;26,6;26,1;23,8;23,3;86;83;84;213;4,3;1,1;
2026/05/22;2300 UTC;0;1007;1007;1006,2;0;26;23,4;26,2;26;23,6;23,3;86;84;86;192;3,6;1,2;
2026/05/23;0000 UTC;0;1007,6;1007,6;1007;0;25,8;23,5;26;25,8;23,6;23,4;87;86;87;218;3,6;1;
2026/05/23;0100 UTC;0;1008,5;1008,5;1007,6;0;25,7;23,6;25,9;25,7;23,6;23,5;88;87;88;182;4,2;1;
2026/05/23;0200 UTC;0;1008,4;1008,6;1008,4;0;25,7;23,7;25,8;25,6;23,9;23,6;90;88;89;190;3,6;1,7;
2026/05/23;0300 UTC;0;1008,2;1008,5;1008,1;0;25,2;23,5;25,7;25,2;23,7;23,5;90;89;90;186;3,3;,7;
2026/05/23;0400 UTC;0;1008,2;1008,3;1008,1;0;24,8;23,5;25,3;24,7;23,5;23,4;93;90;93;179;2,4;,9;
2026/05/23;0500 UTC;0;1008,2;1008,3;1008,1;0;24,3;23,4;25;24,2;23,5;23,3;95;92;95;195;2,4;,7;
2026/05/23;0600 UTC;0;1007,7;1008,2;1007,7;0;24,5;23,5;24,9;24,3;23,6;23,4;95;92;94;197;2,4;,7;
2026/05/23;0700 UTC;0;1007,3;1007,7;1007,1;0;24,9;23,5;24,9;24,5;23,7;23,4;94;92;92;190;2,7;1;
2026/05/23;0800 UTC;0;1007,4;1007,5;1007,2;0;24,8;23,6;24,9;24,8;23,7;23,5;93;92;93;221;3,3;,9;
2026/05/23;0900 UTC;0;1007,8;1007,8;1007,4;0;24,8;23,5;24,9;24,8;23,7;23,5;93;92;93;214;3,6;1,2;
2026/05/23;1000 UTC;0;1008,4;1008,4;1007,8;,3;24,9;23,6;24,9;24,7;23,6;23,5;93;93;93;200;3,6;1,5;
2026/05/23;1100 UTC;0;1008,9;1008,9;1008,3;45,3;25,2;23,6;25,2;24,9;23,7;23,5;93;91;91;179;3,2;1,1;
2026/05/23;1200 UTC;0;1009,2;1009,3;1008,9;288,2;26,2;23,7;26,2;25,1;23,8;23,2;91;86;86;184;4,1;1,3;
2026/05/23;1300 UTC;0;1009,5;1009,5;1009,2;678,9;26,2;23,2;26,7;25,9;24,2;23,2;88;83;84;191;4,8;1,9;
2026/05/23;1400 UTC;0;1009,5;1009,6;1009,4;894,7;27,8;24,2;27,8;26,1;24,3;23,2;86;80;81;199;4,8;1,6;
2026/05/23;1500 UTC;0;1009,1;1009,5;1009,1;1680,3;27,8;23,6;28,4;26,8;24,4;23,2;82;75;78;124;4,6;1,5;
2026/05/23;1600 UTC;0;1008,3;1009,1;1008,3;1656,1;27,9;22,8;29,4;27,5;24,9;22,8;80;72;74;154;4,8;1,5;
2026/05/23;1700 UTC;0;1007,2;1008,3;1007,2;1533,6;30,1;24;30,1;27,9;24,6;22,9;77;70;70;238;4,1;1;
2026/05/23;1800 UTC;0;1006,4;1007,2;1006,4;1260,1;29,3;23;30,9;29,3;25,8;22,7;75;65;69;115;3,9;2,1;
2026/05/23;1900 UTC;0;1005,7;1006,4;1005,6;681,6;29,1;22,9;29,9;28,9;23,6;22,6;71;66;69;186;4,1;1,6;
2026/05/23;2000 UTC;0;1005,1;1005,7;1005,1;462,5;28,3;23,7;29,2;28,3;23,7;22,3;76;68;76;187;4,4;1,7;
2026/05/23;2100 UTC;0;1005,5;1005,5;1005;279,1;27,9;23,6;28,3;27,6;24,2;23,5;81;76;78;220;4,7;1,3;
2026/05/23;2200 UTC;0;1005,9;1005,9;1005,4;83,6;27,3;23,8;27,9;27,3;23,9;23,5;81;77;81;196;3,5;,8;
2026/05/23;2300 UTC;0;1006,5;1006,5;1005,9;0;26,9;23,9;27,4;26,9;24,2;23,8;85;81;84;122;3,8;,6;
2026/05/24;0000 UTC;0;1007,5;1007,5;1006,5;0;27,1;24,2;27,1;26,8;24,2;23,9;85;83;84;182;2,8;1;
2026/05/24;0100 UTC;0;1008;1008;1007,5;0;26,9;24,2;27,1;26,8;24,2;24;85;83;85;187;3,3;1,4;
2026/05/24;0200 UTC;0;1008,2;1008,2;1007,9;0;25,7;23,6;26,9;25,7;24,3;23,4;88;85;88;196;7,3;2,4;
2026/05/24;0300 UTC;0;1008,2;1008,3;1008,2;0;25,1;23;25,7;25,1;23,6;23;89;87;88;205;5,4;1,6;
2026/05/24;0400 UTC;0;1007,4;1008,2;1007,4;0;24,8;22,9;25,2;24,8;23,1;22,8;89;88;89;225;5,9;1,9;
2026/05/24;0500 UTC;0;1007,1;1007,4;1007;0;24,8;22,7;24,9;24,6;22,9;22,6;89;88;88;216;6;1,5;
2026/05/24;0600 UTC;0;1006,9;1007,2;1006,9;0;24,5;22,3;24,8;24,5;22,7;22,3;89;87;87;220;5,5;2;
2026/05/24;0700 UTC;0;1006,6;1006,9;1006,6;0;24,4;22,3;24,5;24,3;22,4;22,2;88;87;88;231;5,5;1,5;
2026/05/24;0800 UTC;0;1006,9;1006,9;1006,6;0;24,3;22,2;24,4;24,1;22,4;22,2;89;88;88;216;4,6;1,7;
2026/05/24;0900 UTC;0;1007;1007;1006,8;0;24,2;22,2;24,3;24,2;22,3;22,1;89;88;89;213;4,5;1,1;
2026/05/24;1000 UTC;0;1007,5;1007,5;1006,9;,1;24,1;22,2;24,2;24,1;22,3;22,2;89;88;89;196;4,5;1,4;
2026/05/24;1100 UTC;0;1008,2;1008,2;1007,5;34,9;24,2;22,3;24,3;24,1;22,3;22,2;89;88;89;211;3,7;1;
2026/05/24;1200 UTC;0;1008,9;1008,9;1008,2;155;24,6;22,3;24,7;24,2;22,5;22,2;89;86;87;188;3,2;1,2;
2026/05/24;1300 UTC;0;1009,1;1009,1;1008,9;272;24,9;22,8;24,9;24,6;23,2;22,2;90;86;88;226;3,6;1,1;
2026/05/24;1400 UTC;0;1009;1009,1;1008,9;413,2;25,2;22,5;25,4;24,7;22,9;22,4;89;84;85;231;3,9;1,3;
2026/05/24;1500 UTC;0;1008,8;1009;1008,8;609,9;25,2;22,6;25,7;25;22,8;22,2;86;83;85;183;4,4;1,7;
2026/05/24;1600 UTC;0;1008;1008,8;1008;888,8;26,3;23,4;26,8;25,2;23,6;22,5;87;81;84;222;4,8;1,1;
2026/05/24;1700 UTC;0;1007;1008;1007;866,7;26,8;23,1;27;26,1;23,3;22,7;84;79;80;263;4,2;,8;
2026/05/24;1800 UTC;0;1006,4;1007;1006,4;634,8;27,3;22,8;27,4;26,4;23,4;22,5;83;76;76;247;3,1;,8;
2026/05/24;1900 UTC;0;1005,4;1006,4;1005,4;776,2;27,6;23,2;27,6;26,9;23,5;22,6;80;76;77;221;3,6;1;
2026/05/24;2000 UTC;0;1004,9;1005,4;1004,9;522,1;27,2;23,2;28,3;27,2;23,8;22,7;80;73;79;247;3,9;1,1;
2026/05/24;2100 UTC;0;1004,8;1004,9;1004,7;202,5;27,2;23,1;27,6;26,8;23,4;22,9;81;77;78;242;3,4;1;
2026/05/24;2200 UTC;0;1005,5;1005,5;1004,8;29,7;26,4;23,2;27,2;26,2;23,3;22,9;84;78;83;251;2,9;,8;
2026/05/24;2300 UTC;0;1006,2;1006,2;1005,5;0;26;23;26,4;25,7;23,4;22,9;86;83;84;189;2,3;1;
2026/05/25;0000 UTC;0;1007;1007;1006,2;0;25,7;23,1;26;25,7;23,3;23;87;84;85;203;2,2;,7;
2026/05/25;0100 UTC;0;1007,4;1007,4;1007;0;25,5;23,3;25,8;25,2;23,4;23,1;89;85;87;214;2,1;,6;
2026/05/25;0200 UTC;0;1007,5;1007,6;1007,4;0;25,1;23,4;25,7;25;23,5;23,2;91;87;91;46;1,5;,2;
2026/05/25;0300 UTC;0;1007,4;1007,7;1007,4;0;25,1;23,5;25,2;25;23,6;23,4;92;90;91;288;,7;,2;
2026/05/25;0400 UTC;0;1007;1007,4;1007;0;24,8;23,6;25,2;24,8;23,6;23,5;93;91;93;298;1,2;,1;
2026/05/25;0500 UTC;0;1007;1007,1;1007;0;24,8;23,8;24,8;24,6;23,8;23,6;95;93;94;340;1;,3;
2026/05/25;0600 UTC;0;1006,3;1007;1006,3;0;24,5;23,5;24,9;24,4;23,8;23,5;95;94;95;337;1,8;,2;
2026/05/25;0700 UTC;1;1005,9;1006,4;1005,9;0;24,2;23,5;24,5;24,2;23,6;23,4;96;94;96;317;1,3;,3;
2026/05/25;0800 UTC;,6;1005,8;1005,9;1005,7;0;23,9;23,3;24,2;23,9;23,5;23,3;97;96;97;339;1,8;,3;
2026/05/25;0900 UTC;0;1006,1;1006,1;1005,7;0;23,8;23,3;23,9;23,7;23,4;23,2;97;97;97;17;1,1;,2;
2026/05/25;1000 UTC;0;1006,6;1006,6;1006,1;,5;23,6;23,1;23,8;23,6;23,3;23,1;97;97;97;239;,7;,2;
2026/05/25;1100 UTC;0;1007;1007;1006,6;93,3;24,3;23,8;24,3;23,6;23,8;23,2;97;97;97;57;1,3;,2;
2026/05/25;1200 UTC;0;1007,6;1007,6;1007;799,1;28,2;24,7;28,2;24,3;25,1;23,8;97;82;82;332;1,1;,5;
2026/05/25;1300 UTC;0;1007,9;1008;1007,6;1158,1;28,1;23,8;29,2;27,7;25;23,2;82;75;77;109;1,3;,3;
2026/05/25;1400 UTC;0;1008,1;1008,1;1007,9;1143,9;29,3;23,4;29,5;28;24,8;23,3;80;70;71;333;2,4;,5;
2026/05/25;1500 UTC;0;1007,7;1008,1;1007,7;1068,2;29,5;24,4;30,1;28,3;24,9;23,1;80;69;74;92;2,8;,6;
2026/05/25;1600 UTC;0;1006,8;1007,8;1006,8;1766,3;30,2;23;30,6;29,2;24,8;22,8;77;64;66;73;4,1;2;
2026/05/25;1700 UTC;0;1005,6;1006,8;1005,6;1240,7;29,9;22,8;30,9;29,5;23,9;22,8;69;64;66;71;5,5;1,9;
2026/05/25;1800 UTC;0;1004,9;1005,6;1004,9;542,9;29,1;23,2;29,9;28,3;24,4;23,2;77;66;71;54;4,7;1,2;
2026/05/25;1900 UTC;0;1004,2;1004,9;1004,1;577,1;29,4;23,4;30,1;29;24,4;23,1;75;68;70;58;4,6;2,1;
2026/05/25;2000 UTC;0;1003,9;1004,2;1003,7;275,7;27,3;23,4;29,6;27,2;24;22,8;80;69;79;70;5,8;1,7;
2026/05/25;2100 UTC;0;1004,3;1004,3;1003,9;137,8;27,2;22;27,4;27,1;23,5;21,9;80;73;73;45;3,5;1,6;
2026/05/25;2200 UTC;0;1004,4;1004,5;1004,3;36,1;27;22,1;27,4;27;22,2;21,7;75;71;75;76;3,2;1,2;
2026/05/25;2300 UTC;0;1005,4;1005,4;1004,4;0;26,6;22,5;27;26,4;22,6;22,2;79;75;79;137;2,9;,6;
2026/05/26;0000 UTC;0;1006,3;1006,3;1005,4;0;25,7;22,8;26,6;25,7;22,9;22,5;84;79;84;11;1,6;,3;
2026/05/26;0100 UTC;0;1006,9;1007;1006,3;0;25,2;23,3;25,7;25,2;23,3;22,7;89;84;89;337;1;,3;
2026/05/26;0200 UTC;0;1007;1007,2;1006,9;0;25,2;23,1;25,2;25,1;23,2;22,9;89;87;88;152;1;,2;
2026/05/26;0300 UTC;0;1007,1;1007,3;1007;0;25,8;24,5;25,8;25,2;24,5;23;93;88;93;338;1,2;,2;
2026/05/26;0400 UTC;0;1006,9;1007,1;1006,7;0;25,4;24,4;25,8;25,3;24,5;24,3;94;93;94;234;1,8;,7;
2026/05/26;0500 UTC;0;1006,6;1006,9;1006,6;0;25,1;24,2;25,6;25,1;24,4;24,2;95;93;95;351;1,8;,3;
2026/05/26;0600 UTC;0;1006,3;1006,6;1006,3;0;25;24,3;25,2;25;24,4;24,1;96;95;96;170;1,1;,2;
2026/05/26;0700 UTC;0;1005,9;1006,3;1005,8;0;25;24,4;25,1;25;24,5;24,3;96;96;96;231;1,8;,4;
2026/05/26;0800 UTC;0;1005,9;1005,9;1005,8;0;25,4;24,5;25,6;25;24,7;24,4;96;94;95;209;2,8;,6;
2026/05/26;0900 UTC;0;1006,3;1006,3;1005,9;0;25,3;24,3;25,6;25,3;24,6;24,3;95;94;94;166;2,3;,4;
2026/05/26;1000 UTC;0;1006,5;1006,6;1006,3;,3;25,4;24,3;25,4;25,2;24,4;24,3;95;94;94;186;2,1;,7;
2026/05/26;1100 UTC;0;1007;1007;1006,5;111,8;26;24,6;26;25,1;24,8;24,2;95;92;92;202;2,1;,8;
2026/05/26;1200 UTC;0;1008,4;1008,4;1007;480,9;26,8;24,4;27,5;26;25,3;24,2;92;84;87;75;2,4;1,4;
2026/05/26;1300 UTC;0;1009;1009;1008,4;456,8;27,3;24,6;27,7;26,8;24,9;24,5;87;83;86;54;3,1;1,6;
2026/05/26;1400 UTC;0;1008,4;1009,1;1008,4;891,1;26,5;23,3;27,5;25,6;24,9;22,9;88;82;83;31;7,7;2,3;
2026/05/26;1500 UTC;0;1007,9;1008,4;1007,8;1084,2;27,5;23,2;27,5;26,5;23,8;22,9;83;78;78;60;5,1;1,9;
2026/05/26;1600 UTC;0;1006,9;1007,9;1006,9;1435,5;28,7;24,1;29;27,2;24,5;23,1;80;74;76;49;4,4;1,7;
2026/05/26;1700 UTC;0;1006;1006,9;1005,9;1781,6;28,9;23,9;29,4;28,3;24,5;23,7;77;73;74;47;5,8;3;
2026/05/26;1800 UTC;0;1004,6;1006;1004,6;1157,3;29,1;23,9;30,2;28,6;24,6;23,4;76;70;74;19;5,5;1,2;
2026/05/26;1900 UTC;0;1003,5;1004,6;1003,5;520,5;30,7;23;30,9;29,1;24,5;22,8;74;63;64;125;4;1,4;
2026/05/26;2000 UTC;0;1003,3;1003,5;1003,2;294,4;30,2;22,6;31,3;30,2;23,6;22,2;66;59;64;93;4,1;1,6;
2026/05/26;2100 UTC;0;1003,9;1003,9;1003,3;105;29,5;23,1;30,3;29,5;23,2;22,5;69;63;69;74;4,5;2;
2026/05/26;2200 UTC;0;1004,3;1004,4;1003,9;37,1;28,6;23,4;29,5;28,5;23,8;23;75;68;73;71;4,5;1,3;
2026/05/26;2300 UTC;0;1005,2;1005,2;1004,3;0;28,3;23,4;28,6;28,1;23,4;23,2;75;73;75;68;3;1,2;
2026/05/27;0000 UTC;0;1005,8;1005,9;1005,2;0;27,5;22,7;28,4;27,5;23,6;22,5;79;73;75;161;2,9;1,2;
2026/05/27;0100 UTC;0;1006,5;1006,5;1005,8;0;27;23;27,5;26,9;23,2;22,3;80;74;78;61;2,2;,7;
2026/05/27;0200 UTC;0;1006,8;1006,9;1006,4;0;26,1;23,3;27;26,1;23,5;22,9;85;78;85;137;1,5;,4;
2026/05/27;0300 UTC;0;1006,6;1006,8;1006,6;0;25,7;23,4;26,1;25,7;23,5;23,1;87;84;87;326;1,3;,2;
2026/05/27;0400 UTC;0;1006;1006,6;1006;0;25,1;23,1;25,7;25,1;23,5;23;89;86;89;344;,7;,4;
2026/05/27;0500 UTC;0;1005,6;1006,1;1005,6;0;25,5;23,3;25,5;25,1;23,4;23,1;90;88;88;190;1,6;,7;
2026/05/27;0600 UTC;0;1004,8;1005,6;1004,8;0;26;24,1;26,2;25,5;24,2;23,3;90;86;90;224;3,1;,6;
2026/05/27;0700 UTC;0;1004,3;1004,8;1004,3;0;25,9;24,1;26;25,7;24,2;24;91;90;90;226;1,8;,5;
2026/05/27;0800 UTC;0;1004,1;1004,3;1004,1;0;25,7;24;26;25,7;24,3;24;91;89;90;233;1,8;,7;
2026/05/27;0900 UTC;0;1004,5;1004,5;1004,1;0;25,6;23,8;25,7;25,4;24;23,7;91;90;90;234;1,5;,4;
2026/05/27;1000 UTC;0;1005,2;1005,2;1004,5;,1;25,7;24;25,8;25,5;24;23,8;91;89;90;230;1,8;,8;
2026/05/27;1100 UTC;0;1005,8;1005,8;1005,2;48,7;25,8;24,3;25,9;25,7;24,4;23,9;92;90;91;13;1,8;,2;
2026/05/27;1200 UTC;0;1006,4;1006,4;1005,8;338,4;27,6;24,7;27,6;25,8;24,9;24,2;91;84;84;297;,9;,4;
2026/05/27;1300 UTC;0;1006,9;1007;1006,4;874,7;29;23,8;29,2;27,6;25,1;23,3;84;73;74;91;2,6;1;
2026/05/27;1400 UTC;0;1007;1007;1006,9;1818,9;31,4;24,7;31,4;29;25;23,5;75;64;68;80;3,7;2,2;
2026/05/27;1500 UTC;0;1006,3;1007;1006,2;2822,1;31,6;24;32,1;30,5;24,7;23,3;69;62;64;59;4,9;2,5;
2026/05/27;1600 UTC;0;1005,5;1006,3;1005,5;2904,6;31,9;23,1;32,2;30,5;24,5;22,7;66;59;60;108;7,2;2,6;
2026/05/27;1700 UTC;0;1004,3;1005,5;1004,3;1689,6;32;22,2;32,6;31,5;24;21,8;62;56;56;101;6,2;3;
2026/05/27;1800 UTC;0;1003,3;1004,3;1003,3;867,7;32,2;22,3;32,6;31,5;22,5;21,5;57;53;56;78;7,2;3;
2026/05/27;1900 UTC;0;1002,5;1003,4;1002,5;316,5;31,5;21,7;32,6;31,5;22,6;21,5;58;54;56;72;6,5;2,6;
2026/05/27;2000 UTC;0;1002,5;1002,5;1002,3;393,5;31;21,4;32;31;22,3;21;58;53;57;74;5,3;2,4;
2026/05/27;2100 UTC;0;1002,9;1002,9;1002,5;255,9;30,8;21,5;31,2;30,8;22,2;21,1;60;55;57;67;4,4;2,1;
2026/05/27;2200 UTC;0;1003,1;1003,1;1002,9;38;30;22,5;30,8;29,9;22,7;21,2;65;57;64;64;4,8;1,5;
2026/05/27;2300 UTC;0;1003,7;1003,7;1003,1;0;29,4;23,6;30,1;29,4;23,6;22,4;71;64;71;52;2,7;1;
2026/05/28;0000 UTC;0;1004,7;1004,7;1003,7;0;27,6;23,4;29,5;27,6;24,1;23,4;78;70;78;15;2,6;,4;
2026/05/28;0100 UTC;0;1005,5;1005,5;1004,6;0;27;23,2;27,6;26,8;23,6;23,2;81;78;80;357;1,2;,5;
2026/05/28;0200 UTC;0;1006,2;1006,2;1005,5;0;26,6;24,2;27;26,5;24,2;23,2;87;80;87;289;1;,4;
2026/05/28;0300 UTC;0;1006,2;1006,3;1006,2;0;26,3;24,3;26,6;26,3;24,5;24,2;89;87;89;22;1,1;,4;
2026/05/28;0400 UTC;0;1005,9;1006,2;1005,9;0;26,1;24,6;26,5;26,1;24,6;24,2;92;88;92;3;1,1;,2;
2026/05/28;0500 UTC;0;1005,6;1005,9;1005,6;0;25,9;24,1;26,1;25,9;24,7;24,1;92;89;90;5;,8;,2;
2026/05/28;0600 UTC;0;1004,9;1005,6;1004,9;0;25,9;23,9;26;25,9;24,1;23,8;90;88;89;327;1,1;,2;
2026/05/28;0700 UTC;0;1004,6;1004,9;1004,6;0;26;23,9;26;25,9;24,1;23,9;90;88;88;38;1,1;,3;
2026/05/28;0800 UTC;0;1004,7;1004,7;1004,5;0;26,3;24;26,4;26;24,2;23,8;90;86;87;285;1;,4;
2026/05/28;0900 UTC;0;1005,1;1005,1;1004,7;0;26;24;26,3;26;24,1;23,6;89;86;89;297;1,2;,3;
2026/05/28;1000 UTC;0;1005,2;1005,4;1005,1;,4;25,7;23,8;26;25,7;24,1;23,6;90;88;89;28;1;,3;
2026/05/28;1100 UTC;0;1006;1006;1005,2;98,6;26,6;24,1;26,6;25,6;24,2;23,6;91;86;86;4;,8;,2;
2026/05/28;1200 UTC;0;1006,8;1006,8;1006;392,2;28,3;23,8;28,3;26,6;24,5;23,8;86;76;77;284;1,1;,4;
2026/05/28;1300 UTC;0;1007;1007;1006,7;1407,9;31,9;25,2;31,9;28,2;25,4;23,6;79;67;68;346;1,4;,5;
2026/05/28;1400 UTC;0;1006,6;1007;1006,6;2084,3;33;24;33,2;30,5;25,3;22,7;68;58;59;130;3,1;,7;
2026/05/28;1500 UTC;0;1006,1;1006,6;1006,1;1840,7;31,7;24;33;30,9;24,9;23,4;67;58;64;245;3,8;1,2;
2026/05/28;1600 UTC;0;1005,3;1006,1;1005,3;1383,8;31,5;22,7;33,4;30,8;24,5;21,7;65;55;60;116;3,5;,8;
2026/05/28;1700 UTC;0;1004,2;1005,3;1004,2;1430,2;32,9;21,1;33,8;31,5;22,9;21;60;48;50;135;5,1;1,4;
2026/05/28;1800 UTC;0;1002,9;1004,2;1002,9;616,6;33,6;22,5;33,8;32,1;22,7;21,1;54;50;52;198;5,2;1,6;
2026/05/28;1900 UTC;0;1002,4;1002,9;1002,4;364;32,5;22,6;34;31,9;23,4;21,7;60;49;56;120;5,2;1,7;
2026/05/28;2000 UTC;0;1002,5;1002,6;1002,2;195,8;31,4;23,1;32,5;31,1;23,5;22,5;63;56;61;170;4,5;1,1;
2026/05/28;2100 UTC;0;1002,8;1002,8;1002,5;114,3;29,7;24;31,5;29,7;24;22,4;71;59;71;10;4,3;,5;
2026/05/28;2200 UTC;0;1003,1;1003,1;1002,8;27,6;28,5;24,1;29,7;28,5;24,1;23,7;78;71;77;26;2;,4;
2026/05/28;2300 UTC;0;1004,1;1004,1;1003,1;,1;29,2;23,6;29,2;28,4;24;23,5;77;72;72;56;1,5;,4;
2026/05/29;0000 UTC;0;1004,8;1004,8;1004,1;,1;27,1;23,9;29,2;27,1;24;23,3;83;72;83;359;2,8;,6;
2026/05/29;0100 UTC;0;1005,8;1005,8;1004,8;0;27,1;24;27,2;27;24,2;23,9;84;83;83;345;2,1;,4;
2026/05/29;0200 UTC;0;1006;1006,1;1005,8;0;27,3;23,4;27,4;27,1;24;23,4;83;79;79;353;3,3;,6;
2026/05/29;0300 UTC;0;1006,3;1006,4;1006;0;27;23,6;27,3;27;23,6;23,4;82;79;82;350;2,2;,2;
2026/05/29;0400 UTC;0;1006;1006,3;1006;0;26,8;23,6;27,1;26,7;23,9;23,5;84;81;83;295;1,5;,4;
2026/05/29;0500 UTC;0;1005,1;1006;1005,1;0;26,3;23,5;26,8;26,3;23,8;23,5;85;83;84;34;1,5;,4;
2026/05/29;0600 UTC;0;1004,3;1005,1;1004,3;0;25,8;23,6;26,3;25,7;23,6;23,4;88;84;88;313;1,2;,4;
2026/05/29;0700 UTC;0;1003,8;1004,3;1003,8;0;25,4;23,5;25,9;25,3;23,6;23,5;90;87;89;14;1,3;,5;
2026/05/29;0800 UTC;0;1004,1;1004,1;1003,8;0;25,3;23,7;25,5;25,2;23,7;23,4;91;89;91;266;1,3;,3;
2026/05/29;0900 UTC;0;1004,6;1004,6;1004,1;0;25,7;23,9;25,7;25,2;24;23,5;91;90;90;277;1,9;,4;
2026/05/29;1000 UTC;0;1005,6;1005,6;1004,6;0;25,2;23,9;25,8;25,2;23,9;23,8;93;89;93;303;2,2;,5;
2026/05/29;1100 UTC;0;1006,2;1006,2;1005,6;86,2;25,7;24,1;25,7;25,1;24,2;23,9;93;91;91;307;2,5;,4;
2026/05/29;1200 UTC;0;1006,9;1006,9;1006,2;427,2;27,7;24,8;27,7;25,7;24,9;24;92;84;85;309;1,9;,5;
2026/05/29;1300 UTC;0;1006,8;1007;1006,8;1591,3;30,5;24,8;30,9;27,5;25,3;24,2;85;71;72;322;2,4;,8;
2026/05/29;1400 UTC;0;1007;1007;1006,8;2373,8;31,9;24,3;32,3;30,4;25,1;23,7;71;62;64;19;3,5;1,6;
2026/05/29;1500 UTC;0;1006,5;1007;1006,5;2178,1;32,2;24,9;33,1;31,3;25,5;23,2;70;60;66;229;4;1;
2026/05/29;1600 UTC;0;1005,5;1006,5;1005,5;2114,1;32,3;22,9;33,1;31,4;24,6;22,4;66;55;58;60;5,1;1,8;
2026/05/29;1700 UTC;0;1004,6;1005,5;1004,6;1354,4;32,8;21,8;33,2;32,2;23,2;21,6;58;51;53;71;5,5;2,7;
2026/05/29;1800 UTC;0;1003,7;1004,6;1003,7;640,8;33,2;20,8;33,7;32,6;22,2;20,7;54;48;48;91;5,8;2,4;
2026/05/29;1900 UTC;0;1002,8;1003,7;1002,8;293,9;32,7;22;33,8;32,7;22,1;20,4;53;47;53;113;6,5;2,3;
2026/05/29;2000 UTC;0;1002,5;1002,8;1002,5;239,3;32,1;22,3;33,1;31,9;23,4;21,9;61;52;56;162;6,5;1,8;
2026/05/29;2100 UTC;0;1003,1;1003,1;1002,4;111,9;31,6;22,7;32,2;31,6;22,8;21,8;60;55;59;100;3,7;1,3;
2026/05/29;2200 UTC;0;1003,6;1003,6;1003;33,1;31;22,9;31,7;31;22,9;22,4;62;58;62;72;3,3;,9;
2026/05/29;2300 UTC;0;1004,9;1004,9;1003,6;0;30,9;23,5;31,1;30,6;23,5;22,7;65;61;65;41;2,9;1,1;
2026/05/30;0000 UTC;0;1005,2;1005,2;1004,9;0;29,4;24,1;30,9;29,4;24,1;23,3;73;64;73;323;2,4;,3;
2026/05/30;0100 UTC;0;1005,8;1005,8;1005,2;0;28,2;23,9;29,4;28,2;24,3;23,9;79;73;77;317;2;,6;
2026/05/30;0200 UTC;0;1006,2;1006,2;1005,8;0;27,6;24,1;28,2;27,6;24,3;23,9;81;77;81;345;2,4;,4;
2026/05/30;0300 UTC;0;1006,7;1006,7;1006,2;0;27,8;24,2;27,9;27,5;24,2;23,8;82;79;80;40;2,4;1;
2026/05/30;0400 UTC;0;1006,4;1006,7;1006,4;0;27,2;23,9;27,9;27,1;24,2;23,8;83;79;82;1;3,7;,9;
2026/05/30;0500 UTC;0;1006;1006,4;1005,9;0;27;24;27,3;26,8;24,1;23,9;85;82;83;30;3,7;1,1;
2026/05/30;0600 UTC;0;1005,6;1005,9;1005,5;0;26,8;23,9;27,1;26,8;24;23,7;84;82;84;38;4,7;2;
2026/05/30;0700 UTC;0;1005,4;1005,7;1005,3;0;26,6;23,7;26,8;26,5;24;23,7;86;84;84;44;4,7;,8;
2026/05/30;0800 UTC;0;1005,6;1005,6;1005,4;0;26,7;23,7;26,7;26,6;23,8;23,6;84;83;84;49;3;1;
2026/05/30;0900 UTC;0;1006;1006;1005,6;0;26,6;23,7;26,8;26,5;23,8;23,7;85;83;84;71;2,2;,8;
2026/05/30;1000 UTC;0;1006,5;1006,5;1006;,3;26,2;23,7;26,7;26,2;24;23,6;88;84;86;55;1,5;,3;
2026/05/30;1100 UTC;0;1007;1007;1006,5;110,7;27;23,9;27;26,2;24;23,7;87;83;83;52;1,7;,9;
2026/05/30;1200 UTC;0;1007,9;1007,9;1007;572,1;28,6;23,8;28,8;27;24,4;23,7;84;74;75;37;2,4;1;
2026/05/30;1300 UTC;0;1008,5;1008,5;1007,9;828,7;29,7;24,3;29,7;28,3;24,3;23,5;78;72;73;39;4,2;1,8;
2026/05/30;1400 UTC;0;1008,3;1008,6;1008,3;1157,1;30,2;24,1;30,4;29,1;24,6;23,3;73;70;70;42;4,9;1,3;
2026/05/30;1500 UTC;0;1007,6;1008,3;1007,6;1332,3;30,9;24,2;31,9;30,2;25,1;23,6;71;64;68;28;4,1;1,4;
2026/05/30;1600 UTC;0;1006,8;1007,7;1006,8;1153,3;31,5;24,1;31,6;30,2;25,3;24;71;65;65;80;5,4;1,4;
2026/05/30;1700 UTC;0;1006;1006,8;1006;1235,8;31,4;25,1;31,8;30,8;25,1;24,1;69;65;69;72;4,9;1,5;
2026/05/30;1800 UTC;0;1004,8;1006;1004,8;811,8;31,1;24,1;32,2;30,9;25,9;24,1;73;65;67;95;5,3;2,2;
2026/05/30;1900 UTC;0;1003,7;1004,9;1003,7;479,4;30,7;25;32,1;30,4;25,2;23,7;72;62;72;230;5,3;,8;
2026/05/30;2000 UTC;0;1003,3;1003,9;1003,3;367,4;30,6;25,2;31,8;30,4;25,3;24,4;74;66;73;300;2,5;,4;
2026/05/30;2100 UTC;0;1004;1004;1003,2;263;29,8;24,8;30,7;29,8;25,4;24,1;75;68;75;264;3,1;,9;
2026/05/30;2200 UTC;0;1004,4;1004,5;1004;86,2;28,9;25;29,9;28,9;25,2;24,7;79;74;79;66;2,8;,4;
2026/05/30;2300 UTC;0;1006;1006;1004,4;0;29,2;25,3;29,5;28,7;25,3;23,5;80;70;79;288;2,3;,5;
2026/05/31;0000 UTC;0;1007,2;1007,2;1006;0;28,4;24,5;29,2;28,3;25,4;24,2;80;77;80;131;3;,7;
2026/05/31;0100 UTC;0;1007,3;1007,4;1007,1;0;27,7;23,4;28,6;27,5;24,7;23,4;82;77;77;179;4,5;1,4;
2026/05/31;0200 UTC;0;1007,1;1007,6;1006,9;0;27,8;23,2;27,9;27,7;23,5;22,7;78;74;76;128;3,5;,8;
2026/05/31;0300 UTC;0;1007,7;1007,9;1007,1;0;26,8;23,1;27,8;26,8;24,1;23,1;83;76;80;61;5,1;2,4;
2026/05/31;0400 UTC;0;1007,5;1007,9;1007,5;0;26,3;22,8;26,8;26,3;23,2;22,6;81;78;81;58;5,1;1,7;
2026/05/31;0500 UTC;0;1006,8;1007,5;1006,6;0;26;22,3;26,3;25,9;22,8;22,2;81;79;80;177;4,6;,8;
2026/05/31;0600 UTC;0;1006,2;1006,8;1006,2;0;26;22,6;26,2;25,9;22,7;22,2;82;79;82;298;1,8;,3;
2026/05/31;0700 UTC;0;1005,7;1006,2;1005,7;0;25,7;23;26;25,5;23,1;22,4;86;81;85;10;,9;,3;
2026/05/31;0800 UTC;0;1006;1006,1;1005,7;0;25,8;22,5;25,9;25,6;23;22,5;85;82;82;348;1,8;,5;
2026/05/31;0900 UTC;1,2;1006,5;1006,5;1005,9;0;25,7;23,3;26,2;25,7;23,3;22,5;87;81;87;153;2,8;,8;
2026/05/31;1000 UTC;4,4;1006,9;1006,9;1006,5;0;24,1;23,4;25,6;24,1;23,6;23;96;87;96;277;3,7;,5;
2026/05/31;1100 UTC;5,2;1008,2;1008,2;1006,9;16,4;24,2;23,6;24,6;24,1;23,7;23,3;96;95;96;45;3,8;1,1;
2026/05/31;1200 UTC;6,6;1009;1009;1008,2;118,3;24,4;23,8;24,5;24,2;23,9;23,5;97;96;96;236;3,2;,7;
2026/05/31;1300 UTC;1;1009,7;1009,7;1009;189,3;24,8;23,8;24,9;24,4;24;23,6;96;93;94;132;3,2;1,2;
2026/05/31;1400 UTC;2,8;1009,8;1009,9;1009,4;223;24,6;23,5;24,8;24,4;23,8;23;94;92;94;85;3,6;1,4;
2026/05/31;1500 UTC;,6;1010,3;1010,3;1009,7;292,6;24,8;23,8;24,9;24,6;23,8;23,5;94;93;94;67;3,6;2;
2026/05/31;1600 UTC;9,2;1010,2;1010,7;1010,2;141,2;22,8;22;24,9;22,6;23,9;21,7;96;92;96;74;12;2,2;
2026/05/31;1700 UTC;1,8;1009,7;1010,2;1009,7;316,3;23,5;22,5;23,5;22,8;22,5;22,1;96;93;94;72;6;2,1;
2026/05/31;1800 UTC;,6;1009,3;1009,7;1009,3;227,9;23,8;22,9;23,8;23,5;23;22,5;96;94;95;16;4,7;1;
2026/05/31;1900 UTC;,2;1007,5;1009,3;1007,5;210,7;23,7;23;24;23,7;23,3;22,9;96;95;96;343;2,3;,4;
2026/05/31;2000 UTC;,2;1006,2;1007,5;1006,2;179;23,7;22,9;23,9;23,7;23,1;22,7;96;94;95;261;1,8;,3;
2026/05/31;2100 UTC;0;1005,7;1006,2;1005,7;84,4;23,6;22,7;23,8;23,6;22,9;22,6;95;93;95;1;2,1;,4;
2026/05/31;2200 UTC;0;1005,7;1006,1;1005,7;18,2;23,4;22,6;23,7;23,4;22,7;22,2;95;92;95;28;2,4;,3;
2026/05/31;2300 UTC;0;1006,4;1006,5;1005,7;0;23,6;22,6;23,8;23,4;22,6;22,3;95;92;94;40;2,5;,3;
2026/06/01;0000 UTC;0;1007,1;1007,1;1006,4;0;23,9;23,1;24,2;23,5;23,1;22,4;95;92;95;21;2,6;,4;
2026/06/01;0100 UTC;0;1007,9;1007,9;1007,1;0;23,7;23;23,9;23,7;23,1;23;96;95;96;253;1,1;,4;
2026/06/01;0200 UTC;0;1008,4;1008,5;1007,8;0;23,9;23;24;23,6;23,1;22,8;96;94;95;199;2;,6;
2026/06/01;0300 UTC;0;1008,6;1008,6;1008,2;0;23,7;22,8;24;23,6;23;22,7;95;94;95;139;2,1;,6;
2026/06/01;0400 UTC;0;1008,5;1008,7;1008,5;0;23,4;22,7;23,7;23,3;22,8;22,5;96;95;96;115;1,4;,5;
2026/06/01;0500 UTC;0;1008,2;1008,7;1008,2;,2;23,9;23;24,1;23,4;23;22,7;96;94;95;35;1,9;,8;
2026/06/01;0600 UTC;0;1008;1008,3;1008;0;23,9;23,1;24;23,8;23,2;23;96;95;95;36;1,8;,2;
2026/06/01;0700 UTC;0;1007,4;1008;1007,3;0;23,7;23;24;23,7;23,2;22,9;96;95;96;8;,9;,2;
2026/06/01;0800 UTC;0;1007,5;1007,6;1007,4;0;23,3;22,7;23,7;23,3;23;22,7;97;96;97;306;1,7;,5;
2026/06/01;0900 UTC;0;1007,5;1007,5;1007,3;0;23;22,5;23,3;23;22,7;22,5;97;97;97;328;2,4;,3;
2026/06/01;1000 UTC;0;1007,8;1007,9;1007,5;,8;22,7;22,2;23;22,7;22,5;22,2;97;97;97;33;1,3;,2;
2026/06/01;1100 UTC;0;1008,6;1008,6;1007,8;106,5;23,5;22,8;23,5;22,6;22,8;22,1;97;96;96;31;1,1;,5;
2026/06/01;1200 UTC;0;1009,3;1009,3;1008,6;480,3;25;23;25;23,5;23;22,6;96;89;89;21;1,4;,3;
2026/06/01;1300 UTC;0;1009,8;1009,8;1009,3;1090,2;27,7;23,6;27,8;25;23,6;22,3;90;78;79;273;1,4;,4;
2026/06/01;1400 UTC;0;1009,9;1009,9;1009,7;1971,4;28,2;23,3;29,8;27;24,7;23;81;71;75;50;2,5;,6;
2026/06/01;1500 UTC;0;1009,5;1009,9;1009,5;2183,7;29,8;24,6;29,9;28,2;24,9;23,2;77;71;74;203;3,2;1,5;
2026/06/01;1600 UTC;0;1008,9;1009,5;1008,9;970,3;28,9;23,9;29,7;28,2;24,2;23,3;77;71;75;239;3,5;1,3;
2026/06/01;1700 UTC;0;1007,8;1008,9;1007,8;1123,2;29,1;23,7;30,4;28,9;24,8;23,2;75;68;73;224;3,4;1;
2026/06/01;1800 UTC;0;1006,6;1007,8;1006,6;569,9;30,3;24;30,9;28,9;24,9;23,6;75;67;69;287;3,2;,8;
2026/06/01;1900 UTC;0;1005,3;1006,6;1005,3;298,3;30,6;23,9;30,6;29,1;24;23,2;74;66;68;212;3,1;1,1;
2026/06/01;2000 UTC;0;1004,7;1005,3;1004,7;188,8;30,2;22,9;31,3;30;23,9;22,6;68;63;65;209;4,1;1,7;
2026/06/01;2100 UTC;0;1004,9;1004,9;1004,6;133,2;30;22,4;30,3;29,8;23;22,1;67;62;64;117;4,3;1,3;
2026/06/01;2200 UTC;0;1005,4;1005,4;1004,9;54,7;28,9;22,7;30;28,9;22,8;22,1;70;63;69;111;3,2;1,1;
2026/06/01;2300 UTC;0;1006,1;1006,2;1005,4;0;28,7;23,1;28,9;28,4;23,2;22,6;73;69;72;136;2,8;1,2;
2026/06/02;0000 UTC;0;1007,3;1007,3;1006,1;0;27,7;23,8;28,7;27,7;23,8;23;79;72;79;110;2,8;,5;
2026/06/02;0100 UTC;0;1007,7;1007,8;1007,3;0;27,4;24,1;28,1;27,3;24,5;23,8;83;78;82;122;3,1;1;
2026/06/02;0200 UTC;0;1008,3;1008,3;1007,7;0;27,3;23,4;27,4;27,2;24,1;23,4;82;79;79;114;2,9;1,2;
2026/06/02;0300 UTC;0;1008,4;1008,6;1008,3;0;26,8;23,6;27,3;26,8;23,6;23,3;83;79;83;84;2,6;,7;
2026/06/02;0400 UTC;0;1008,3;1008,5;1008,3;0;25,9;23,8;26,9;25,9;23,8;23,5;88;82;88;312;1,5;,2;
2026/06/02;0500 UTC;0;1007,8;1008,3;1007,8;0;25,6;23,6;25,9;25,4;23,8;23,6;90;88;89;58;,8;,2;
2026/06/02;0600 UTC;0;1007,4;1007,8;1007,4;0;25,5;23,9;25,7;25,5;23,9;23,5;91;88;91;61;1,1;,5;
2026/06/02;0700 UTC;0;1006,8;1007,4;1006,8;0;25,4;24;25,8;25,4;24,1;23,9;92;90;92;45;1,1;,2;
2026/06/02;0800 UTC;0;1006,8;1006,9;1006,6;0;25,4;24,2;25,5;25,3;24,2;24;93;91;93;28;1,1;,3;
2026/06/02;0900 UTC;0;1007,3;1007,3;1006,8;0;25,3;24,2;25,4;25,2;24,2;24,1;94;92;93;28;1,8;,8;
2026/06/02;1000 UTC;0;1007,7;1007,7;1007,3;0;25,3;24,2;25,5;25,3;24,2;24,2;94;93;94;36;1,8;,5;
2026/06/02;1100 UTC;0;1008,5;1008,5;1007,7;60,8;26;24,4;26;25,3;24,4;24,2;94;91;91;40;1,6;1,1;
2026/06/02;1200 UTC;0;1009,8;1009,8;1008,6;98,3;24,9;22,9;26,2;24,9;24,4;22,8;91;87;89;49;8,9;3,4;
2026/06/02;1300 UTC;6,4;1010;1010,2;1009,8;264;24;23;24,9;23,3;23,2;22,3;96;89;94;35;8,8;1,6;
2026/06/02;1400 UTC;0;1010,2;1010,4;1010;869,5;26,8;23,9;26,8;24;24,2;22,9;95;84;84;17;4,6;,5;
2026/06/02;1500 UTC;0;1009,4;1010,2;1009,4;2938,5;29,2;22,9;29,9;26,7;24,6;22,4;85;68;69;85;4,2;2;
2026/06/02;1600 UTC;0;1008,4;1009,4;1008,4;2955,9;30,6;23,6;31;29,1;24,2;22,6;71;62;67;52;5,2;2;
2026/06/02;1700 UTC;0;1006,9;1008,4;1006,9;1596,9;31,2;22,4;31,6;30,4;23,9;22,2;67;59;59;99;5,2;1,8;
2026/06/02;1800 UTC;0;1005,7;1006,9;1005,6;643,4;31,8;22,6;31,9;30,8;23,9;21,9;64;58;58;51;6,9;2,5;
2026/06/02;1900 UTC;0;1004,5;1005,7;1004,5;261,6;31,1;22,6;31,7;30,4;23,1;21,4;62;57;61;58;6,9;2,5;
2026/06/02;2000 UTC;0;1004,3;1004,5;1004;183,6;30,7;22,5;31,4;30,5;23,3;22,2;64;61;62;126;4,7;1,8;
2026/06/02;2100 UTC;0;1004,4;1004,4;1004,2;117,1;30,3;23;30,7;30,2;23,2;22,4;65;61;65;65;4,8;1,6;
2026/06/02;2200 UTC;0;1005,1;1005,1;1004,4;36,8;29,5;22,9;30,3;29,4;23,1;22,6;68;64;68;55;3,4;1,4;
2026/06/02;2300 UTC;0;1005,9;1005,9;1005,1;0;29;23,2;29,5;29;23,2;22,7;71;68;71;107;5,4;1,5;
2026/06/03;0000 UTC;0;1006,6;1006,6;1005,9;0;26,7;22,6;29;26,7;23,6;22,5;80;71;78;127;9,4;1,6;
2026/06/03;0100 UTC;0;1007,6;1007,6;1006,6;0;27;23,2;27;26,6;23,2;22,6;81;78;80;111;3,3;,9;
2026/06/03;0200 UTC;0;1008;1008;1007,6;0;26,8;23,4;27,1;26,5;23,6;23,1;84;79;81;108;2,8;,7;
2026/06/03;0300 UTC;0;1008;1008;1007,9;0;27;23,4;27,3;26,6;23,4;23,2;83;79;81;94;2,5;,7;
2026/06/03;0400 UTC;0;1007,5;1008;1007,5;0;26,7;23,8;27,1;26,7;23,8;23,4;84;80;84;91;2,8;1,1;
2026/06/03;0500 UTC;0;1007,2;1007,6;1007,2;0;26,2;24,2;26,7;26,1;24,2;23,8;89;84;89;102;2,8;,7;
2026/06/03;0600 UTC;0;1006,7;1007,2;1006,7;0;26,1;24,3;26,5;26,1;24,4;24,2;90;88;90;41;2,4;1,4;
2026/06/03;0700 UTC;0;1006,5;1006,7;1006,3;0;26,1;24,4;26,2;25,9;24,5;24,4;91;90;91;45;2,6;1,5;
2026/06/03;0800 UTC;0;1006,4;1006,5;1006,4;0;25,8;24;26,1;25,8;24,4;23,8;91;88;90;51;2,6;1,1;
2026/06/03;0900 UTC;0;1006,9;1006,9;1006,4;0;25,6;23,4;25,8;25,4;24;23,4;91;87;87;70;2;,8;
2026/06/03;1000 UTC;0;1007,4;1007,4;1006,9;,2;25,5;22,9;25,8;25,5;23,4;22,9;87;84;86;46;2,4;1;
2026/06/03;1100 UTC;0;1007,6;1007,6;1007,3;237,6;27,2;23,1;27,2;25,5;23,2;22,8;86;78;78;75;3,4;1,6;
2026/06/03;1200 UTC;0;1008,3;1008,3;1007,6;1002,7;28,2;23,1;28,3;27,2;23,5;23;79;73;74;77;4,7;2,6;
2026/06/03;1300 UTC;0;1008,4;1008,4;1008,2;1782;29,9;23,3;29,9;28,2;23,9;23;74;68;68;53;5,5;2,3;
2026/06/03;1400 UTC;0;1008,3;1008,4;1008,2;2417,8;30,8;23;31,1;29,9;23,8;22,3;68;61;63;70;5,4;2,6;
2026/06/03;1500 UTC;0;1008;1008,3;1008;2816;31,5;22,3;32;30,6;23,7;22,3;64;58;58;100;5,9;2,7;
2026/06/03;1600 UTC;0;1007,4;1008;1007,4;2976,3;31,6;22,2;32,1;31;23,1;21,9;62;57;58;86;7;3,5;
2026/06/03;1700 UTC;0;1006,3;1007,4;1006,3;1421,5;32,1;23,1;32,6;31,5;23,1;21,9;60;55;59;94;7;3;
2026/06/03;1800 UTC;0;1005,3;1006,3;1005,3;619,1;31,7;22,9;32,6;31;24,1;22;62;55;60;116;6,5;2,8;
2026/06/03;1900 UTC;0;1004,4;1005,3;1004,4;317,1;32,2;23,3;32,4;31,4;23,7;22,4;62;57;59;115;6,2;1,6;
2026/06/03;2000 UTC;0;1003,5;1004,4;1003,5;190,5;31,3;23,4;32,2;31,2;23,9;22,6;63;59;63;101;5,3;1,8;
2026/06/03;2100 UTC;0;1003,7;1003,8;1003,5;124,4;30,5;23,5;31,3;30,5;23,8;23,2;67;62;66;156;5;1;
2026/06/03;2200 UTC;0;1003,9;1004;1003,7;41,8;30,1;23,7;30,5;30,1;23,8;23,3;69;66;69;103;3,7;1,7;
2026/06/03;2300 UTC;0;1005;1005;1003,9;0;29,4;24,5;30,1;29,4;24,5;23,6;75;69;75;186;3,7;1,1;
2026/06/04;0000 UTC;0;1006,2;1006,2;1005;0;28,7;24,8;29,3;28,7;25;24,5;80;75;79;200;3,5;1,2;
2026/06/04;0100 UTC;0;1007,4;1007,4;1006,2;0;28,2;23;28,8;28,1;24,8;23;81;73;73;123;4;1,2;
2026/06/04;0200 UTC;0;1008;1008;1007,4;0;27,6;23,3;28,2;27,6;23,6;22,9;78;73;78;120;5,1;1,4;
2026/06/04;0300 UTC;0;1008,3;1008,5;1008;0;27;23,7;27,6;27;23,7;23,3;82;78;82;127;4,7;1,6;
2026/06/04;0400 UTC;0;1008;1008,6;1008;0;25,4;23,7;27;25,4;23,9;23,3;90;82;90;42;8,9;1,4;
2026/06/04;0500 UTC;,2;1007,3;1008;1007,3;0;25,2;23,8;25,5;25,1;23,9;23,6;93;90;92;67;3,2;1,1;
2026/06/04;0600 UTC;0;1006,6;1007,3;1006,6;0;25;23,4;25,3;25;23,9;23,3;92;90;91;69;3,5;1;
2026/06/04;0700 UTC;0;1006,4;1006,6;1006,3;0;25;23,5;25,2;25;23,6;23,4;92;90;92;59;2,3;1,1;
2026/06/04;0800 UTC;0;1006,7;1006,7;1006,3;0;25,3;23,8;25,3;24,9;23,8;23,5;92;91;92;42;1,9;1,1;
2026/06/04;0900 UTC;0;1007;1007;1006,7;0;25,6;24;25,6;25,2;24,1;23,8;92;91;91;71;1,9;,6;
2026/06/04;1000 UTC;0;1007,4;1007,4;1006,9;,4;25,8;24,1;25,9;25,5;24,2;24;91;90;90;131;2,7;1,1;
2026/06/04;1100 UTC;0;1008,1;1008,1;1007,4;149,9;26,4;24,4;26,5;25,8;24,4;24;90;88;89;124;3,1;1,3;
2026/06/04;1200 UTC;0;1008,8;1008,8;1008,1;600,4;27,6;24,6;27,6;26,2;24,6;23,9;89;83;84;127;3,5;1,3;
2026/06/04;1300 UTC;0;1008,8;1008,9;1008,7;1655,5;29,5;23,7;29,6;27,2;24,8;23,4;84;71;71;68;5,8;2,1;
2026/06/04;1400 UTC;0;1009;1009,1;1008,7;1670,2;29,2;23,8;30,4;28,8;24,7;23,5;75;69;73;93;5,8;2,1;
2026/06/04;1500 UTC;0;1008,5;1009;1008,5;1371,2;29,6;23,8;30;29,1;24,2;23,6;74;70;71;108;5,3;2,1;
2026/06/04;1600 UTC;0;1007,5;1008,5;1007,5;1868,6;30,9;23,5;31,2;29,5;24,4;23,5;73;64;65;87;5,5;2,4;
2026/06/04;1700 UTC;0;1006,4;1007,5;1006,4;1280,5;30,3;24;31,6;30,1;24,2;23,3;70;63;69;95;6,3;1,9;
2026/06/04;1800 UTC;0;1005,6;1006,5;1005,6;655,8;29,1;22,5;30,6;29,1;24,5;22,5;75;67;68;50;6,1;2,1;
2026/06/04;1900 UTC;0;1004,8;1005,6;1004,6;611,7;30,4;23;30,6;29;24,1;22,5;71;65;65;71;5,5;2;
2026/06/04;2000 UTC;0;1004,2;1004,8;1004,2;465,2;30,7;23;31,1;30,3;23,8;22,6;67;61;63;76;5,8;2,6;
2026/06/04;2100 UTC;0;1004,4;1004,4;1004,2;251,3;30;23,3;30,8;30;23,4;22,5;68;62;67;43;4,7;1,8;
2026/06/04;2200 UTC;0;1004,4;1004,5;1004,1;60,3;29,2;23,7;30;29,1;24,1;23,3;74;67;73;61;3,5;,9;
2026/06/04;2300 UTC;0;1005,8;1005,8;1004,4;0;27,5;24,4;29,2;27,5;24,6;23,7;83;73;83;54;2,4;,8;
2026/06/05;0000 UTC;0;1006,5;1006,5;1005,8;0;27,3;23,8;27,5;27;24,4;23,8;85;81;81;52;1,9;,8;
2026/06/05;0100 UTC;0;1007,4;1007,4;1006,4;0;26,8;23,9;27,4;26,8;24;23,7;84;80;84;22;1,8;,4;
2026/06/05;0200 UTC;0;1008,2;1008,2;1007,4;0;26,4;24,1;26,8;26,4;24,3;23,9;87;84;87;355;1,1;,2;
2026/06/05;0300 UTC;0;1008,1;1008,2;1007,7;0;26,4;24,4;26,5;26,2;24,4;24,1;89;86;89;106;1,1;,4;
2026/06/05;0400 UTC;0;1008;1008,2;1007,9;0;25,6;23;26,7;25,6;24,4;22,9;89;84;85;185;4,6;1,2;
2026/06/05;0500 UTC;0;1007,3;1008;1007,3;0;25,2;23,2;25,6;25;23,3;23;90;85;88;248;2,8;,4;
2026/06/05;0600 UTC;0;1007;1007,3;1007;0;25,4;23,2;25,4;25,1;23,3;23,2;90;88;88;209;1,5;,6;
2026/06/05;0700 UTC;0;1006,7;1007;1006,7;0;25;23,1;25,5;25;23,3;23,1;89;87;89;200;2,6;1,1;
2026/06/05;0800 UTC;0;1006,7;1006,8;1006,5;0;24,9;23,3;25,1;24,9;23,3;23,1;91;89;91;341;2,3;,2;
2026/06/05;0900 UTC;0;1006,8;1006,9;1006,7;0;25,4;23,1;25,4;24,7;23,3;23;92;87;87;114;1,6;,6;
2026/06/05;1000 UTC;0;1007,3;1007,3;1006,8;1,1;25,1;23,4;25,4;25,1;23,4;22,9;90;86;90;180;2,4;,7;
2026/06/05;1100 UTC;0;1007,9;1007,9;1007,3;83,9;25,5;23,7;25,5;25,1;23,8;23,4;91;89;90;191;3,7;1,6;
2026/06/05;1200 UTC;0;1008,7;1008,7;1007,9;305,6;26,3;23,6;26,4;25,5;24;23,6;90;85;85;204;3,7;,8;
2026/06/05;1300 UTC;0;1009;1009,1;1008,7;1260,1;28,4;24;29,1;26,2;25,3;23,6;87;75;77;218;2,6;1,2;
2026/06/05;1400 UTC;0;1009,1;1009,1;1008,9;1525,5;28,8;23,9;30,3;28,2;25,2;23,8;80;72;75;217;3,1;1,4;
2026/06/05;1500 UTC;0;1008,1;1009,1;1008,1;1963,3;30,8;24,2;31,5;28,7;25,3;23,8;78;67;68;196;3,1;1,1;
2026/06/05;1600 UTC;0;1006,8;1008,1;1006,7;1916,2;31;24,7;31,5;29,8;25,1;23,9;73;67;69;241;4,3;1,2;
2026/06/05;1700 UTC;0;1006;1006,8;1006;785,6;31;24,2;31,1;29,6;25,2;23,9;74;67;67;232;4,6;,7;
2026/06/05;1800 UTC;0;1004,9;1006;1004,9;655,8;30,7;23,5;31,7;30,5;25;22,7;69;60;65;40;3,4;1,4;
2026/06/05;1900 UTC;0;1004,1;1004,9;1004,1;563,7;30;24,4;31,2;30;25;22,7;74;61;72;282;3,7;,6;
2026/06/05;2000 UTC;0;1004,5;1004,5;1004;359,2;30;24,6;30,3;29,8;25;24,2;75;71;73;347;3;,8;
2026/06/05;2100 UTC;0;1005,7;1005,8;1004,5;205,1;24,5;22,6;30;24,4;25,1;22;89;70;89;21;11,1;2,8;
2026/06/05;2200 UTC;,2;1006,3;1006,3;1005,4;18,6;24,3;22,3;24,5;24,1;22,7;22,3;90;89;89;49;8,7;2,9;
2026/06/05;2300 UTC;,8;1007,2;1007,2;1006,3;0;23,9;22,6;24,3;23,7;22,7;22;93;87;92;71;7;1,6;
2026/06/06;0000 UTC;,2;1007,4;1007,4;1007,1;0;23,8;22,3;23,9;23,5;22,7;22,2;94;91;91;70;3,2;1;
2026/06/06;0100 UTC;0;1007,8;1007,9;1007,4;0;24,2;22,5;24,3;23,6;22,7;22,2;94;89;90;40;2,2;1,3;
2026/06/06;0200 UTC;0;1007,2;1007,8;1007,2;0;24,3;22,4;24,4;24,2;22,6;22,3;91;89;89;47;2,7;1,2;
2026/06/06;0300 UTC;0;1008,2;1008,2;1007,2;,4;24,8;22,3;24,9;24,3;22,4;22,1;89;85;86;72;2,6;1,3;
2026/06/06;0400 UTC;,2;1007,6;1008,3;1007,6;0;24;22,7;24,9;24;22,8;22,2;93;85;92;9;2,5;,3;
2026/06/06;0500 UTC;0;1006,8;1007,6;1006,8;0;23,9;22,3;24,1;23,8;22,8;22,2;94;90;91;291;1,1;,3;
2026/06/06;0600 UTC;0;1006;1006,8;1006;0;24;22,8;24;23,8;22,9;22,3;94;90;93;322;,9;,3;
2026/06/06;0700 UTC;0;1005,6;1006;1005,5;0;24;22,9;24,2;24;23,1;22,8;94;93;94;339;1,5;,3;
2026/06/06;0800 UTC;0;1005,4;1005,8;1005,3;0;24,1;22,4;24,4;23,9;23;22,4;94;89;90;42;2,6;,9;
2026/06/06;0900 UTC;0;1005,5;1005,5;1005,3;0;23,7;22,6;24,1;23,7;22,6;22,3;93;90;93;57;1,5;,3;
2026/06/06;1000 UTC;0;1005,9;1005,9;1005,5;,1;23,3;22,4;23,7;23,3;22,7;22,4;95;93;95;45;2,2;,5;
2026/06/06;1100 UTC;0;1006,8;1006,8;1005,9;142,9;24,1;22,2;24,1;23,2;22,6;22,1;95;89;89;349;2,2;,5;
2026/06/06;1200 UTC;0;1007,8;1007,8;1006,8;244,1;24,9;21,9;25;24,1;22,5;21,8;90;83;84;257;1,2;,3;
2026/06/06;1300 UTC;0;1008,2;1008,2;1007,7;320,4;25,6;22,5;25,7;24,9;22,8;21,7;85;80;83;311;1,6;,3;
2026/06/06;1400 UTC;0;1008,3;1008,4;1008,2;547,9;26,6;23,2;26,9;25,6;23,6;22,1;84;77;82;241;1,7;,4;
2026/06/06;1500 UTC;0;1007,8;1008,3;1007,7;601,8;26,5;22,7;27,1;26,5;23,4;22,2;82;77;80;343;1,8;,5;
2026/06/06;1600 UTC;,2;1006,9;1007,8;1006,9;664,9;27;23,6;27;26,3;23,9;22,3;85;77;82;51;2,5;,5;
2026/06/06;1700 UTC;0;1005,6;1006,9;1005,6;1065,2;28,7;22,8;28,9;26,9;24;22,3;83;69;71;92;2,9;,9;
2026/06/06;1800 UTC;0;1004,6;1005,6;1004,6;797,9;29,7;23,1;30,1;28,6;23,8;22,4;73;65;68;228;4,2;1,3;
2026/06/06;1900 UTC;0;1003,5;1004,5;1003,5;541,2;29,6;22,8;30,3;28,7;23,5;22,4;73;65;67;124;3,3;1,6;
2026/06/06;2000 UTC;0;1003,4;1003,5;1003,2;528,6;28,3;23,1;29,9;28,2;23,6;22,6;74;67;73;135;4,9;2,1;
2026/06/06;2100 UTC;0;1003,7;1003,8;1003,4;239,4;26,8;22,7;28,5;26,6;23,9;22,3;79;72;78;83;7,5;2,3;
2026/06/06;2200 UTC;0;1004,7;1004,7;1003,6;82,4;26,9;21,9;27;26,7;22,7;21,8;79;74;74;93;4,1;1,5;
2026/06/06;2300 UTC;0;1005,4;1005,4;1004,6;0;26,4;22,4;26,9;26,4;22,5;22;79;74;79;136;3,5;,8;
2026/06/07;0000 UTC;0;1005,8;1005,8;1005,4;0;25,8;22,6;26,4;25,8;22,8;22,3;83;79;83;352;2;,4;
2026/06/07;0100 UTC;0;1006,9;1006,9;1005,8;0;26,1;23,4;26,3;25,6;23,4;22,5;85;82;85;188;3;1,4;
2026/06/07;0200 UTC;0;1006,9;1007,1;1006,9;0;25,6;23,5;26,1;25,6;23,5;23,3;88;85;88;111;3,1;,4;
2026/06/07;0300 UTC;0;1006,7;1007;1006,7;0;25,6;23;25,9;25,5;23,5;23;89;85;86;119;1,8;,4;
2026/06/07;0400 UTC;0;1006,2;1006,7;1006,2;0;25,1;23,3;25,8;25,1;23,3;22,7;90;85;90;347;1,1;,3;
2026/06/07;0500 UTC;0;1005,7;1006,2;1005,7;0;25,1;23,3;25,3;25,1;23,5;23,1;90;89;90;338;1,2;,2;
2026/06/07;0600 UTC;0;1005,1;1005,7;1005,1;0;24,7;23,2;25,1;24,7;23,4;23,2;91;90;91;26;,9;,2;
2026/06/07;0700 UTC;0;1004,8;1005,1;1004,8;0;24,8;23,4;24,9;24,6;23,4;23,2;92;91;92;300;1,4;,3;
2026/06/07;0800 UTC;0;1005,1;1005,1;1004,8;0;24,4;23,1;24,8;24,4;23,4;23,1;93;92;93;290;1,4;,4;
2026/06/07;0900 UTC;0;1005,2;1005,2;1005;0;24;22,9;24,5;24;23,1;22,9;94;92;94;54;1,8;,3;
2026/06/07;1000 UTC;0;1005,7;1005,7;1005,2;,1;24,1;23;24,1;23,9;23,1;22,9;95;93;93;47;1,8;1;
2026/06/07;1100 UTC;0;1006,4;1006,4;1005,7;85;24,6;23,3;24,7;24,1;23,6;22,9;94;92;92;18;1,7;,2;
2026/06/07;1200 UTC;0;1007,4;1007,4;1006,4;488;27,3;24,4;27,3;24,6;24,4;23,2;92;84;84;5;1,3;,4;
2026/06/07;1300 UTC;0;1007,8;1007,8;1007,4;987,6;28,4;24;28,6;27,1;24,7;23,5;84;77;78;32;1,5;,6;
2026/06/07;1400 UTC;0;1007,9;1008;1007,8;1038;29;24;29,4;28;25;23,6;79;73;75;248;2,3;,9;
2026/06/07;1500 UTC;0;1007,1;1007,9;1007,1;917,4;28,8;24,8;29,1;27,9;25;22,7;83;70;79;265;3,1;1,1;
2026/06/07;1600 UTC;0;1006,1;1007,1;1006,1;1423,6;29,4;24,2;30,1;28,8;25,4;24;80;72;74;219;3,1;,8;
2026/06/07;1700 UTC;0;1004,9;1006,1;1004,9;322,2;28,1;24,7;29,5;28,1;24,8;23,9;82;74;82;260;3,9;,8;
2026/06/07;1800 UTC;6,8;1004,1;1004,9;1004,1;371;27,8;26,1;28,6;26,3;26,4;24,4;95;79;91;242;3,5;,8;
2026/06/07;1900 UTC;0;1003,8;1004,1;1003,6;417,2;29,5;24,4;30,6;27,8;26,5;23,7;91;69;74;210;2,7;,8;
2026/06/07;2000 UTC;1;1003,5;1003,8;1003,5;189,1;26,4;25,1;29,5;26,4;25,5;23,4;92;71;92;334;4,1;,8;
2026/06/07;2100 UTC;9,4;1004,2;1004,4;1003,4;15,5;24,7;24,1;26,4;24,4;25,1;23,1;96;87;96;283;6,9;,6;
2026/06/07;2200 UTC;0;1004,9;1005;1004,2;2,6;24,9;24;25;24,6;24,1;23,6;96;93;95;221;3,1;,8;
2026/06/07;2300 UTC;0;1005,2;1005,2;1004,8;0;24,9;24,1;25;24,7;24,2;23,8;96;93;95;338;2,8;,4;
2026/06/08;0000 UTC;0;1006,2;1006,2;1005,2;0;24,9;24,2;25,1;24,8;24,4;24,1;96;95;96;247;1,3;,4;
2026/06/08;0100 UTC;,2;1006,7;1006,7;1006,2;0;25,2;24,3;25,3;24,9;24,4;24,1;96;94;95;100;1,9;,4;
2026/06/08;0200 UTC;0;1007,1;1007,1;1006,7;0;25;24,3;25,3;24,9;24,3;24;96;93;96;348;1,2;,4;
2026/06/08;0300 UTC;0;1007,1;1007,2;1007,1;0;24,7;24,2;25;24,7;24,3;24,2;97;96;97;315;,9;,2;
2026/06/08;0400 UTC;0;1006,9;1007,1;1006,9;0;24,6;24,1;24,7;24,6;24,2;24,1;97;97;97;74;1;,2;
2026/06/08;0500 UTC;0;1006,5;1006,9;1006,5;0;24,5;24,1;24,7;24,5;24,2;24;97;97;97;63;,8;,5;
2026/06/08;0600 UTC;0;1006;1006,5;1006;0;24,8;24,4;24,8;24,5;24,4;24;98;97;97;235;1,6;,5;
2026/06/08;0700 UTC;0;1005,7;1006;1005,7;0;24,6;24,2;24,8;24,6;24,4;24,2;97;97;97;275;1,6;,2;
2026/06/08;0800 UTC;0;1005,9;1005,9;1005,7;0;24,7;24,3;24,8;24,6;24,3;24,2;97;97;97;173;1,1;,2;
2026/06/08;0900 UTC;0;1006,6;1006,6;1005,9;0;24,7;24,2;24,8;24,6;24,3;24,1;97;97;97;239;1,5;,4;
2026/06/08;1000 UTC;0;1007,4;1007,4;1006,6;,1;24,9;24,2;25;24,7;24,4;24,2;97;96;96;204;2,3;,6;
2026/06/08;1100 UTC;0;1008;1008;1007,4;32,6;25,3;24,3;25,3;24,9;24,3;24,1;96;94;94;237;2,4;,8;
2026/06/08;1200 UTC;0;1008,6;1008,7;1008;174,4;25,9;24,5;25,9;25,2;24,5;24,1;94;91;92;265;2,2;,4;
2026/06/08;1300 UTC;0;1008,9;1009;1008,6;489,8;27,5;24,7;27,5;25,9;24,9;24,1;92;85;85;80;1,1;,4;
2026/06/08;1400 UTC;0;1008,9;1009,1;1008,9;1765,6;29,4;24,4;30;27,5;25,5;24;86;74;75;81;2,7;1,3;
2026/06/08;1500 UTC;0;1008,4;1008,9;1008,4;1586;29,4;24,5;30,6;29;25,2;23,7;78;69;75;51;4,1;1,8;
2026/06/08;1600 UTC;0;1007,5;1008,4;1007,5;1583,4;29,9;24,5;30;29,2;24,7;23,4;75;69;73;74;4,7;2,1;
2026/06/08;1700 UTC;0;1006,2;1007,5;1006,2;1483,4;30,6;22,8;31,8;30;25;22,7;73;61;63;64;5,2;2,7;
2026/06/08;1800 UTC;0;1005;1006,2;1005;578,4;31,2;23,2;31,3;29,8;23,6;22,2;68;61;63;125;5;1;
2026/06/08;1900 UTC;0;1004,8;1005,1;1004,6;523,5;30,1;24,3;31,5;30;24,3;22;71;59;71;34;5,2;1,5;
2026/06/08;2000 UTC;0;1005,1;1005,1;1004,5;257,2;27,6;23,6;30,1;27,6;24,9;23,5;81;71;79;303;4;1;
2026/06/08;2100 UTC;,8;1005,9;1006;1005;16,9;24,8;22,9;27,6;24,7;23,6;22,8;91;77;89;29;9,3;2,7;
2026/06/08;2200 UTC;2,4;1006,5;1006,6;1005,8;3,3;24,3;23,4;24,8;24,3;23,6;22,8;95;88;95;270;9,3;,5;
2026/06/08;2300 UTC;,8;1007,6;1007,6;1006,5;0;24,2;23,4;24,3;24,1;23,5;23,1;96;94;95;50;2,6;,3;
2026/06/09;0000 UTC;,6;1008,1;1008,1;1007,5;0;24;23,1;24,3;24;23,5;23,1;96;95;95;17;1,4;,6;
2026/06/09;0100 UTC;0;1008,5;1008,5;1008,1;0;23,9;23;24,3;23,9;23,2;22,9;95;93;95;333;2,1;,4;
2026/06/09;0200 UTC;0;1008,7;1008,8;1008,5;0;24,5;23,1;24,5;23,9;23,3;22,9;95;92;92;94;2;,9;
2026/06/09;0300 UTC;0;1008,9;1008,9;1008,6;,2;24,7;22,9;24,7;24,4;23,1;22,9;92;90;90;125;2,1;1,1;
2026/06/09;0400 UTC;0;1008,8;1009,1;1008,8;1,4;24,9;23,5;24,9;24,7;23,5;22,8;92;89;92;99;2,8;1;
2026/06/09;0500 UTC;0;1008,1;1008,8;1008,1;,2;24,7;23,2;24,9;24,6;23,5;23,2;93;91;92;122;2,4;,6;
2026/06/09;0600 UTC;0;1007,5;1008,1;1007,5;,2;24,4;23,3;24,8;24,4;23,4;23,3;94;92;94;351;1,4;,2;
2026/06/09;0700 UTC;0;1007,5;1007,6;1007,4;0;24,5;23,5;24,5;24,4;23,6;23,3;95;94;95;333;1,2;,2;
2026/06/09;0800 UTC;0;1007,5;1007,5;1007,4;,3;24,3;23,4;24,5;24,3;23,5;23,3;95;94;95;283;1,4;,3;
2026/06/09;0900 UTC;0;1007,9;1007,9;1007,4;0;24,3;23,4;24,3;24,2;23,5;23,3;95;95;95;351;,7;,2;
2026/06/09;1000 UTC;0;1008,5;1008,5;1007,9;0;24,2;23,4;24,3;24,2;23,5;23,3;95;95;95;14;,9;,3;
2026/06/09;1100 UTC;0;1009,3;1009,3;1008,5;56,7;24,8;23,6;24,8;24,1;23,6;23,3;95;93;93;296;1,1;,5;
2026/06/09;1200 UTC;10,2;1010,2;1010,2;1009,3;115,9;23,8;23,1;25,4;23,8;23,8;22,8;96;90;96;86;4,9;1,1;
2026/06/09;1300 UTC;4,4;1010,7;1010,7;1010,2;178,6;24,2;23,6;24,2;23,8;23,6;23;96;94;96;214;3;,7;
2026/06/09;1400 UTC;0;1010,4;1010,7;1010,4;663,4;25,5;23,3;25,6;24,2;24,1;23,2;96;87;88;107;3,1;1,4;
2026/06/09;1500 UTC;,2;1010,2;1010,4;1010,1;529,2;25,5;23,3;26,2;25,5;24;23,2;89;85;88;144;3,4;1,3;
2026/06/09;1600 UTC;1;1009,7;1010,2;1009,6;791,8;25,5;23,5;26,3;25,5;24,4;23,4;91;85;89;109;4,9;2,2;
2026/06/09;1700 UTC;7,6;1008,8;1010;1008,8;412,1;23,4;22;25,5;22,9;23,7;21,5;94;89;91;102;8,1;1,4;
2026/06/09;1800 UTC;,8;1007,5;1008,8;1007,5;288,3;23,4;21,7;23,8;23,3;22,4;21,5;93;87;90;70;4;1,4;
2026/06/09;1900 UTC;1;1006,5;1007,5;1006,5;468,1;24;22,1;24;23,3;22,1;21,6;92;87;90;59;4,1;1,1;
2026/06/09;2000 UTC;0;1005,6;1006,5;1005,6;458,7;24,7;22,5;24,7;24;22,5;21,6;91;86;88;51;3,3;1;
2026/06/09;2100 UTC;0;1005,3;1005,6;1005,3;238,6;24,6;22;24,7;24,6;22,5;21,8;88;85;85;45;3,3;1,6;
2026/06/09;2200 UTC;0;1005,4;1005,4;1005,2;63,2;24;22,1;24,6;24;22,3;21,9;89;85;89;46;3,3;,7;
2026/06/09;2300 UTC;0;1006;1006;1005,2;,1;24,1;22,1;24,2;23,9;22,2;21,9;89;88;89;81;2,7;1,1;
2026/06/10;0000 UTC;0;1006,6;1006,6;1006;0;23,8;22,2;24,2;23,8;22,3;22;91;88;91;41;2,8;1,3;
2026/06/10;0100 UTC;0;1006,9;1007;1006,6;0;23,6;22,3;23,9;23,6;22,4;22,2;92;90;92;61;2,7;1,1;
2026/06/10;0200 UTC;0;1007,2;1007,2;1006,7;0;23,5;22,4;23,7;23,5;22,4;22,3;93;92;93;45;2,8;1,4;
2026/06/10;0300 UTC;0;1007,6;1007,7;1007,2;0;23,4;22,4;23,6;23,4;22,5;22,4;94;93;94;33;2,8;,7;
2026/06/10;0400 UTC;0;1007,7;1007,9;1007,5;0;23,3;22,5;23,4;23,1;22,5;22,3;95;94;95;281;1,5;,2;
2026/06/10;0500 UTC;0;1007,5;1007,7;1007,5;0;23,1;22,5;23,3;23,1;22,5;22,4;96;95;96;44;,9;,4;
2026/06/10;0600 UTC;0;1007,2;1007,5;1007,2;0;22,9;22,4;23,2;22,9;22,5;22,3;97;96;97;24;1;,3;
2026/06/10;0700 UTC;0;1006,8;1007,2;1006,8;0;22,8;22,3;22,9;22,7;22,3;22,2;97;97;97;360;,8;,2;
2026/06/10;0800 UTC;0;1007;1007,1;1006,8;0;22,8;22,3;22,9;22,7;22,5;22,3;97;97;97;23;1,2;,2;
2026/06/10;0900 UTC;0;1007,3;1007,3;1007;0;22,9;22,5;23;22,8;22,5;22,3;97;97;97;3;,9;,4;
2026/06/10;1000 UTC;0;1007,6;1007,7;1007,3;,6;23;22,6;23;22,9;22,6;22,5;98;97;98;149;1;,3;
2026/06/10;1100 UTC;0;1008,2;1008,2;1007,6;76,7;23,6;23,1;23,6;22,9;23,1;22,5;98;97;97;359;,8;,4;
2026/06/10;1200 UTC;0;1008,9;1008,9;1008,2;292,1;24,9;23,5;24,9;23,6;23,7;23,1;97;92;92;99;,9;,3;
2026/06/10;1300 UTC;0;1009,2;1009,2;1008,9;633,8;26,4;23,6;26,5;24,9;24,2;23,5;92;84;84;242;2;,7;
2026/06/10;1400 UTC;,6;1009,3;1009,5;1009,2;1055,1;27,7;24,2;27,8;25,6;25,4;23,2;92;81;81;240;2,3;,7;
2026/06/10;1500 UTC;0;1008,7;1009,3;1008,7;1225,5;28,1;24;28,5;27,2;25,6;23,6;87;78;79;305;2,5;,5;
2026/06/10;1600 UTC;2,8;1007,8;1008,7;1007,8;631,9;26,1;24,2;28,1;26,1;24,7;23,4;91;78;89;276;2,2;,6;
2026/06/10;1700 UTC;3,6;1006,4;1007,8;1006,4;729,2;27,8;24,4;27,8;25,6;25,6;24;95;81;82;283;2,4;,8;
2026/06/10;1800 UTC;0;1004,8;1006,4;1004,8;783;28,3;23,4;28,9;27,7;24,9;23,2;84;73;75;259;3,3;,9;
2026/06/10;1900 UTC;0;1003,9;1004,8;1003,9;407,8;28,6;23,7;29,9;28,3;24,6;22,3;77;66;75;233;3,3;,8;
2026/06/10;2000 UTC;0;1004,2;1004,2;1003,8;242,2;29,1;23,3;30;28,6;24,1;22,8;75;68;71;100;3,1;,3;
2026/06/10;2100 UTC;0;1004,2;1004,4;1004,1;178,6;28,8;23,6;29,1;28,5;24,1;23;76;71;74;107;2;,4;
2026/06/10;2200 UTC;0;1005,2;1005,2;1004,2;37,9;27,3;24,2;28,8;27,3;24,2;22,9;84;72;84;19;1,5;,6;
2026/06/10;2300 UTC;0;1005,8;1005,9;1005,2;0;26,7;24,2;27,3;26,7;24,8;24,1;88;84;86;40;2,4;,9;
2026/06/11;0000 UTC;0;1006,8;1006,8;1005,8;0;26,3;24,6;26,7;26,3;24,6;24,1;90;86;90;25;2,4;,4;
2026/06/11;0100 UTC;0;1007,7;1007,7;1006,8;0;26,2;24;26,4;26,2;24,8;24;91;87;87;50;2,8;1,6;
2026/06/11;0200 UTC;0;1007,3;1007,9;1007,3;0;25,5;23,5;26,2;25,5;24;23,3;89;85;89;55;3,5;,5;
2026/06/11;0300 UTC;0;1008,1;1008,1;1007,3;0;25,6;23,7;25,9;25,4;23,7;23,4;90;87;89;12;1,7;,3;
2026/06/11;0400 UTC;0;1008,2;1008,3;1008,1;0;25,7;23,2;26,2;25,5;23,9;23,2;90;85;86;121;4,6;1,7;
2026/06/11;0500 UTC;2,2;1008;1008,2;1008;0;24,3;23,4;25,7;24,2;23,4;23,1;95;86;95;144;4,6;1,1;
2026/06/11;0600 UTC;0;1007,2;1008;1007,2;0;24,4;23,5;24,4;24,2;23,5;23,3;95;94;95;169;4,6;1;
2026/06/11;0700 UTC;0;1006,5;1007,2;1006,5;,6;24,5;23,3;24,7;24,4;23,5;23,2;95;92;93;154;2,9;,9;
2026/06/11;0800 UTC;0;1006,7;1006,8;1006,5;1,4;24,6;23,3;24,6;24,5;23,5;23,2;94;92;93;211;3,5;1,1;
2026/06/11;0900 UTC;0;1006,5;1006,7;1006,4;,1;24,4;23,1;24,6;24,4;23,3;23,1;93;92;92;196;3,5;1,7;
2026/06/11;1000 UTC;0;1007;1007;1006,5;1,1;24,5;23,2;24,5;24,3;23,2;23;93;92;92;195;3,5;1,2;
2026/06/11;1100 UTC;0;1007,6;1007,6;1007;84,9;24,8;23,3;24,8;24,4;23,4;23,1;93;91;92;33;2,9;,3;
2026/06/11;1200 UTC;0;1008,4;1008,4;1007,6;610,8;26,1;23,1;26,6;24,8;23,9;22,5;92;82;83;77;3,4;1,3;
2026/06/11;1300 UTC;0;1008,4;1008,5;1008,3;1817,1;27,5;23,1;28;26,1;24,2;22,7;84;75;77;63;4,3;2,2;
2026/06/11;1400 UTC;0;1008,1;1008,4;1008,1;2504,7;29,5;24;29,8;27,3;24,2;22,7;78;69;73;68;4,3;1,6;
2026/06/11;1500 UTC;0;1007,7;1008,1;1007,7;2132,2;29,5;23,2;30,2;28,6;24,7;22,8;75;67;69;73;4,4;2,3;
2026/06/11;1600 UTC;0;1006,7;1007,7;1006,7;2139,5;30,5;24;30,7;29,3;24,1;22,9;73;66;69;72;6,3;2,6;
2026/06/11;1700 UTC;0;1005,6;1006,7;1005,6;1175,4;31,2;23,7;31,8;29,6;24,9;23,4;71;63;65;61;6,7;2,1;
2026/06/11;1800 UTC;0;1004,4;1005,6;1004,4;838;30,3;23,5;31,3;30;24,2;23,1;70;64;67;39;6,8;3,3;
2026/06/11;1900 UTC;0;1003,8;1004,4;1003,8;574,7;30,3;23,1;31,3;30,2;24,1;22,4;68;61;66;40;6,8;2,2;
2026/06/11;2000 UTC;0;1003,4;1003,8;1003,4;453,5;30,3;23,6;30,9;30,3;23,7;22,9;68;64;68;17;5,7;1,5;
2026/06/11;2100 UTC;0;1003,3;1003,4;1003,2;158,6;29,9;23,4;30,4;29,9;24;23,2;69;66;68;38;5,1;1,3;
2026/06/11;2200 UTC;0;1003,8;1003,9;1003,3;83;29,2;23,6;29,9;29,2;24;23,3;72;68;72;21;3,4;,9;
2026/06/11;2300 UTC;0;1004,8;1004,8;1003,8;0;28,8;23,7;29,4;28,8;23,8;23,5;74;71;74;50;2,9;,9;
2026/06/12;0000 UTC;0;1005,6;1005,6;1004,8;0;28,5;23,7;29;28,5;23,8;23,6;75;73;75;45;3;1,3;
2026/06/12;0100 UTC;0;1006,6;1006,6;1005,6;0;28,4;23,9;28,7;28,3;23,9;23,7;77;75;77;47;2,6;1,2;
2026/06/12;0200 UTC;0;1007,3;1007,3;1006,6;0;28,1;23,9;28,4;28,1;24;23,7;78;76;78;72;2,7;1,5;
2026/06/12;0300 UTC;0;1007,2;1007,4;1007,2;0;27,4;24,7;28,2;27,4;24,7;23,9;85;78;85;80;2,7;,9;
2026/06/12;0400 UTC;0;1006,6;1007,2;1006,5;0;26,9;24,8;27,4;26,9;24,8;24,7;88;85;88;66;1,9;,8;
2026/06/12;0500 UTC;0;1006,1;1006,6;1006,1;0;26,4;24,6;26,9;26,4;25;24,6;91;88;90;48;1,8;,6;
2026/06/12;0600 UTC;0;1005,8;1006,1;1005,8;0;26,6;24,6;26,6;25,8;24,7;24,5;92;89;89;92;2,2;1;
2026/06/12;0700 UTC;0;1005,9;1005,9;1005,7;0;26,2;24,9;26,6;26,2;24,9;24,6;92;89;92;81;3,1;1,4;
2026/06/12;0800 UTC;0;1005,9;1005,9;1005,8;0;26,1;25;26,2;26,1;25;24,9;94;92;93;77;3,1;1,4;
2026/06/12;0900 UTC;0;1006;1006;1005,8;0;26;24,9;26,2;25,8;25;24,7;94;92;93;67;3;1;
2026/06/12;1000 UTC;0;1006,7;1006,7;1006;,2;26;24,7;26;25,9;24,9;24,7;94;92;92;70;2,6;1,5;
2026/06/12;1100 UTC;0;1007,5;1007,5;1006,7;198,4;27,1;24,9;27,2;25,9;25,1;24,7;93;88;88;69;2,7;1,5;
2026/06/12;1200 UTC;0;1008,4;1008,4;1007,5;813,9;28,3;24,5;28,4;26,7;25,3;24,5;89;80;80;67;4,4;2,3;
2026/06/12;1300 UTC;0;1008,6;1008,8;1008,4;1747,7;30;24,3;30;28,3;24,8;23,6;80;71;72;76;5,6;2,6;
2026/06/12;1400 UTC;0;1008,4;1008,8;1008,4;2316,1;30,8;23;31,3;30;24,7;22,8;72;62;63;53;6,9;2,6;
2026/06/12;1500 UTC;0;1007,8;1008,4;1007,8;2279,9;31;23,4;32;30,5;24;22,5;65;59;64;91;6,1;2,7;
2026/06/12;1600 UTC;0;1006,8;1007,9;1006,8;2484,1;31,9;23,4;32;30,7;24;22,7;65;60;61;80;6,4;2,8;
2026/06/12;1700 UTC;0;1005,5;1006,8;1005,5;920,3;31,7;23,2;32,6;30,7;24;22,7;65;58;61;86;7,1;3;
2026/06/12;1800 UTC;0;1004,5;1005,5;1004,4;666,4;31,8;23,9;32,7;31,1;24,4;23;65;58;63;102;6,6;2,3;
2026/06/12;1900 UTC;0;1003,7;1004,5;1003,7;335;31,4;23,2;32,1;31;24,5;23,2;65;61;62;95;5,8;2,4;
2026/06/12;2000 UTC;0;1003,4;1003,7;1003,4;224,4;31;23,3;31,6;31;23,9;23;65;61;64;123;5,8;1,4;
2026/06/12;2100 UTC;0;1003,8;1003,8;1003,4;123,9;30,8;22,9;31,3;30,8;23,8;22,9;66;62;63;75;5,7;2,3;
2026/06/12;2200 UTC;0;1004,4;1004,4;1003,7;27,2;29,8;23,7;30,8;29,7;24;23;71;63;70;39;4,8;1,4;
2026/06/12;2300 UTC;0;1005,2;1005,2;1004,4;0;29,7;23,9;29,9;29,6;23,9;23,5;71;69;71;71;3,1;1,3;
2026/06/13;0000 UTC;0;1006,1;1006,1;1005,2;0;29,5;23,8;29,7;29,4;23,9;23,7;72;71;72;85;3,9;1,3;
2026/06/13;0100 UTC;,2;1006,8;1006,8;1006,1;0;27,2;24,5;29,6;27,2;24,5;23,7;85;71;85;53;5,3;2,1;
2026/06/13;0200 UTC;0;1006,9;1007,1;1006,8;0;27,3;24,2;27,4;26,8;24,6;24,1;87;83;83;72;3,9;1,2;
2026/06/13;0300 UTC;0;1006,7;1007;1006,7;0;27,1;23,8;27,6;27;24,1;23,8;83;80;82;51;3;1,2;
2026/06/13;0400 UTC;0;1006,7;1006,9;1006,7;0;26,9;23,7;27,2;26,9;24;23,7;84;82;82;68;2,7;1;
2026/06/13;0500 UTC;0;1006,3;1006,8;1006,3;0;26,5;23,7;26,9;26,4;23,8;23,6;86;82;84;40;2,3;1,4;
2026/06/13;0600 UTC;0;1005,8;1006,3;1005,8;0;26,6;23,2;26,6;26,3;23,6;23,2;84;82;82;63;2,5;1,1;
2026/06/13;0700 UTC;0;1005,8;1005,9;1005,6;0;26,4;22,9;26,6;26,3;23,2;22,8;82;80;81;68;2,9;1;
2026/06/13;0800 UTC;0;1005,7;1005,8;1005,7;0;26,3;22,8;26,5;26,3;22,9;22,8;81;80;81;57;4,5;2;
2026/06/13;0900 UTC;0;1006,1;1006,1;1005,7;0;25,8;22,7;26,4;25,8;22,8;22,7;83;80;83;38;4,9;1,7;
2026/06/13;1000 UTC;0;1006,8;1006,8;1006,1;0;25,5;22,9;25,9;25,5;22,9;22,7;85;83;85;45;3,1;1,5;
2026/06/13;1100 UTC;0;1007,4;1007,4;1006,8;201,5;27,3;23,4;27,3;25,1;23,6;22,8;87;80;80;68;2,5;,9;
2026/06/13;1200 UTC;0;1008,2;1008,2;1007,4;988,5;28,7;22,7;29,2;27,2;23,8;22,7;80;70;70;72;4,1;2,1;
2026/06/13;1300 UTC;0;1008,6;1008,7;1008,2;1768,8;30;22,4;30,3;28,6;23,4;22,4;72;64;64;70;5,6;2,5;
2026/06/13;1400 UTC;0;1008,7;1008,8;1008,6;2415,9;31,1;23,5;31,1;29,7;23,5;22,3;67;62;64;73;6,6;2,5;
2026/06/13;1500 UTC;0;1008,3;1008,8;1008,3;2842;31,5;23,2;31,5;30,5;23,7;22,7;66;61;62;84;7;2,7;
2026/06/13;1600 UTC;0;1007,6;1008,4;1007,6;2855,4;31,8;23,3;32,1;30,9;23,8;22,9;64;59;61;84;6,9;2,6;
2026/06/13;1700 UTC;0;1006,5;1007,7;1006,5;955,8;32,6;22,6;32,9;31,7;23,6;21,4;61;52;56;75;7,3;2,8;
2026/06/13;1800 UTC;0;1005,5;1006,5;1005,5;634,7;32,3;23,3;32,7;31,7;23,9;22,4;61;56;59;79;7,3;2,8;
2026/06/13;1900 UTC;0;1004,6;1005,5;1004,6;226;32,3;23;32,8;31,7;23,6;22,4;61;57;58;123;6,1;1,8;
2026/06/13;2000 UTC;0;1004,2;1004,6;1004,1;168,9;31,8;23,1;32,5;31,6;23,3;22,3;61;56;60;107;6;1,5;
2026/06/13;2100 UTC;0;1004,4;1004,4;1004,1;104,6;31,1;22,9;31,8;31,1;22,9;22,2;62;58;62;88;5,3;2,3;
2026/06/13;2200 UTC;0;1004,5;1004,5;1004,2;41,9;30,6;22,9;31,2;30,6;22,9;22,6;63;60;63;85;5;2,4;
2026/06/13;2300 UTC;0;1005,1;1005,1;1004,5;0;30;23,3;30,7;29,9;23,3;22,9;67;63;67;76;4,9;1,9;
2026/06/14;0000 UTC;0;1005,7;1005,7;1005,1;0;29,6;23,2;30;29,6;23,3;23,1;69;67;69;80;4,3;1,5;
2026/06/14;0100 UTC;0;1006,3;1006,3;1005,7;0;28,9;23,6;29,6;28,9;23,6;23,2;73;69;73;88;4,9;1,8;
2026/06/14;0200 UTC;0;1006,6;1006,6;1006,3;0;28,3;23,5;28,9;28,3;23,7;23,5;76;73;75;80;4,5;2,1;
2026/06/14;0300 UTC;0;1006,8;1006,8;1006,5;0;27,7;23,7;28,3;27,7;23,7;23,6;79;75;79;79;4,3;2;
2026/06/14;0400 UTC;0;1006,7;1006,8;1006,7;0;27,3;23,6;27,7;27,3;23,9;23,6;82;79;80;70;4,2;1,5;
2026/06/14;0500 UTC;0;1006,3;1006,7;1006,3;0;26,9;23,9;27,3;26,8;24;23,6;84;80;84;67;3,3;1,2;
2026/06/14;0600 UTC;0;1005,6;1006,3;1005,6;0;26,8;23,6;27,1;26,8;24;23,6;84;81;83;61;2,7;1,1;
2026/06/14;0700 UTC;0;1005,4;1005,6;1005,3;0;26,4;23,6;26,9;26,4;23,6;23,5;84;82;84;67;3,2;1;
2026/06/14;0800 UTC;0;1005,6;1005,6;1005,3;0;26,2;23,6;26,6;26,2;23,7;23,5;86;83;86;49;2,9;1,1;
2026/06/14;0900 UTC;0;1006,2;1006,2;1005,6;0;26,1;23,2;26,5;26;23,6;23,1;86;82;84;55;3,5;1,1;
2026/06/14;1000 UTC;0;1007;1007;1006,2;,1;25,9;23,2;26,1;25,9;23,2;23,1;85;84;85;54;2,6;1,1;
2026/06/14;1100 UTC;0;1007,6;1007,6;1007;186,2;27,3;23,5;27,3;25,9;23,6;23,2;85;80;80;70;3,4;1,6;
2026/06/14;1200 UTC;0;1008,3;1008,3;1007,6;981,5;28,7;23;28,8;27,3;23,8;23;80;71;71;68;5,5;2,3;
2026/06/14;1300 UTC;0;1008,5;1008,5;1008,2;1766,6;30,7;23,5;30,8;28,7;23,8;22,8;72;65;65;87;5,7;2,2;
2026/06/14;1400 UTC;0;1008,8;1008,9;1008,5;2393,6;31;23;31,6;30,3;23,7;22,7;66;60;62;67;6;2,8;
2026/06/14;1500 UTC;0;1008,4;1008,8;1008,3;2817,7;31,5;23,2;32,1;30,9;23,9;22,8;64;59;62;82;6,8;2,9;
2026/06/14;1600 UTC;0;1007,8;1008,4;1007,8;2732,8;31,9;22,9;32,1;31,2;24,1;22,7;64;59;59;81;6,9;3,2;
2026/06/14;1700 UTC;0;1006,9;1007,9;1006,9;1201,6;32;22,1;32,5;31,5;23,2;22,1;60;55;56;84;6,9;3,1;
2026/06/14;1800 UTC;0;1005,9;1006,9;1005,9;790,8;32,2;22;32,8;31,6;23,3;21,8;60;55;55;115;6,4;2,4;
2026/06/14;1900 UTC;0;1005,3;1005,9;1005,2;523,7;32,3;22,1;32,4;31,3;22,4;21;59;52;55;98;7,4;2,9;
2026/06/14;2000 UTC;0;1005;1005,3;1004,9;206,2;31,5;22,2;32,2;31,4;22,5;21,4;59;54;58;85;7,8;3,6;
2026/06/14;2100 UTC;0;1005,8;1005,8;1005;260,2;31,1;22,5;31,7;31,1;22,7;21,9;60;57;60;71;6,7;2,9;
2026/06/14;2200 UTC;0;1006,5;1006,5;1005,8;77,9;27,2;22,9;31,1;27,2;23,1;22,4;78;60;78;49;8,5;3;
2026/06/14;2300 UTC;0;1006,7;1006,7;1006,4;0;26,3;24;27,2;26,1;24;22,9;87;78;87;58;7,1;1;
2026/06/15;0000 UTC;0;1007,1;1007,1;1006,6;0;26,8;23,4;26,9;26,3;24;23,3;87;81;82;44;3,7;1,4;
2026/06/15;0100 UTC;0;1007,9;1007,9;1007,1;0;26,4;23;26,9;26,4;23,3;22,9;82;80;81;32;4,8;1,5;
2026/06/15;0200 UTC;0;1008,2;1008,3;1007,9;0;25,9;22,9;26,4;25,8;23;22,8;84;81;84;28;4,5;1,5;
2026/06/15;0300 UTC;0;1008,1;1008,3;1008,1;0;25,7;22,9;25,9;25,6;23,1;22,9;86;84;85;48;3,8;1,4;
2026/06/15;0400 UTC;0;1008;1008,3;1008;0;25,5;22,9;25,7;25,4;23,1;22,9;87;85;86;27;2,8;1,1;
2026/06/15;0500 UTC;0;1007,6;1008;1007,6;0;25,3;22,9;25,5;25,1;23;22,8;88;86;87;20;3,4;,8;
2026/06/15;0600 UTC;0;1006,9;1007,6;1006,9;0;25,1;22,7;25,3;25;22,9;22,7;88;86;87;42;2,4;1;
2026/06/15;0700 UTC;0;1006,7;1006,9;1006,7;0;24,8;22,7;25,2;24,8;22,8;22,6;88;86;88;349;2,3;,3;
2026/06/15;0800 UTC;0;1006,6;1006,8;1006,5;0;24,4;22,6;24,8;24,4;22,8;22,6;90;88;89;347;1,9;,4;
2026/06/15;0900 UTC;0;1007,4;1007,4;1006,6;0;24,5;22,8;24,6;24,4;22,8;22,5;90;89;90;308;2;,3;
2026/06/15;1000 UTC;0;1007,8;1007,8;1007,3;0;24,2;22,5;24,5;24,1;22,8;22,4;91;90;90;6;1,2;,4;
2026/06/15;1100 UTC;0;1008,3;1008,3;1007,6;96,9;25,1;22,7;25,1;24,2;22,8;22,4;90;86;87;45;1,8;,9;
2026/06/15;1200 UTC;0;1008,8;1008,8;1008,3;567,3;26,7;22,8;27,1;25,1;23,3;22,5;87;77;80;48;2,8;,9;
2026/06/15;1300 UTC;0;1009,3;1009,3;1008,8;923,9;29,5;23,9;29,5;26,5;23,9;22,3;80;70;72;5;3,1;,8;
2026/06/15;1400 UTC;0;1009;1009,4;1009;1723,4;30,4;23,6;30,4;28,5;24,2;22,5;73;67;67;360;3,9;1,1;
2026/06/15;1500 UTC;0;1008,6;1009,1;1008,6;2789,1;31,3;23,6;31,7;29,9;24;22,9;69;62;64;67;4,3;1,5;
2026/06/15;1600 UTC;0;1007,7;1008,6;1007,7;2936,3;31,7;23;32;30,6;24,2;22,9;66;60;60;72;6,1;2,3;
2026/06/15;1700 UTC;0;1006,5;1007,7;1006,5;1048,5;32,1;22,9;32,6;31,4;23,9;22,8;62;58;59;80;6,1;2,2;
2026/06/15;1800 UTC;0;1005;1006,5;1005;652,3;32,7;23;32,7;31,5;24;22,7;62;57;57;94;5,5;2,3;
2026/06/15;1900 UTC;0;1004,3;1005;1004,3;259,2;32,1;23,1;32,7;31,7;23,8;22,5;61;56;59;75;6,3;2,8;
2026/06/15;2000 UTC;0;1003,9;1004,5;1003,8;181,7;30,6;23,3;32,2;30,6;23,7;22,5;67;57;65;99;6,3;2;
2026/06/15;2100 UTC;0;1004;1004,2;1003,9;201,1;30,3;23,5;30,7;30,3;23,9;23,2;68;65;67;132;4,4;1,4;
2026/06/15;2200 UTC;0;1004,3;1004,3;1004;61,9;29,8;23,7;30,5;29,8;23,9;23,2;71;66;70;86;3,9;1,6;
2026/06/15;2300 UTC;0;1005,7;1005,7;1004,3;0;29,5;23,6;29,9;29,2;23,8;23,5;72;69;71;134;3,2;1;
2026/06/16;0000 UTC;0;1006,3;1006,3;1005,7;0;28,9;23,9;29,6;28,9;23,9;23,5;75;70;75;158;2,3;,6;
2026/06/16;0100 UTC;0;1007,2;1007,2;1006,3;0;27,7;24,3;29;27,7;24,4;23,3;81;72;81;73;2,8;,3;
2026/06/16;0200 UTC;0;1007,3;1007,3;1007,1;0;27,5;24,8;27,7;27,2;24,9;24,2;87;81;86;245;1,5;,5;
2026/06/16;0300 UTC;0;1007,5;1007,5;1007,3;0;27,5;24;27,6;27,4;24,8;24;86;81;82;237;2;,7;
2026/06/16;0400 UTC;0;1007,2;1007,5;1007,2;0;26,7;24,6;27,5;26,7;24,8;24,1;88;82;88;250;2;,5;
2026/06/16;0500 UTC;0;1006,9;1007,3;1006,9;0;26,1;23,8;26,9;26,1;24,5;23,8;88;85;87;355;1,7;,3;
2026/06/16;0600 UTC;0;1006,4;1006,9;1006,3;0;25,5;23,3;26,1;25,4;23,9;23,3;89;87;88;12;1,8;,5;
2026/06/16;0700 UTC;0;1006,2;1006,5;1006,1;0;25,1;23,1;25,5;25,1;23,3;23,1;89;88;89;11;1,4;,4;
2026/06/16;0800 UTC;0;1006,4;1006,4;1006,1;0;24,9;23,2;25,2;24,8;23,3;23,1;91;89;90;339;,9;,2;
2026/06/16;0900 UTC;0;1006,6;1006,6;1006,3;0;24,8;23,3;25;24,7;23,4;23,1;92;90;91;237;,9;,3;
2026/06/16;1000 UTC;0;1007;1007;1006,5;,7;24,9;23,7;25;24,8;23,8;23,2;94;91;93;251;,9;,5;
2026/06/16;1100 UTC;0;1007,6;1007,6;1007;213,3;27,1;25,1;27,1;24,8;25,1;23,7;94;88;89;299;1,2;,4;
2026/06/16;1200 UTC;0;1008,3;1008,3;1007,6;970,2;29,1;25;29,7;27,1;25,7;24,5;89;77;79;336;1,9;,6;
2026/06/16;1300 UTC;0;1008,6;1008,7;1008,3;1504,9;30,7;25,3;30,7;28,2;26;24,2;81;72;73;359;2,4;1;
2026/06/16;1400 UTC;0;1008,3;1008,7;1008,3;2185,5;31,5;24,4;32,5;29,9;25,7;24;76;64;66;320;2,6;,9;
2026/06/16;1500 UTC;0;1007,6;1008,3;1007,6;1503;30,7;24,2;33;30,7;25,1;23,3;70;60;68;77;4,1;1,2;
2026/06/16;1600 UTC;0;1006,8;1007,6;1006,8;890,1;31,2;25,5;31,6;29,9;25,5;24,6;76;68;72;222;4,1;1,3;
2026/06/16;1700 UTC;0;1005,8;1006,8;1005,8;977,5;31,9;24,4;33,2;30,7;25,8;24;72;62;65;220;4,2;,8;
2026/06/16;1800 UTC;0;1004,9;1005,8;1004,9;486,1;33,3;21,4;33,7;31,2;25,5;20,9;69;47;50;77;5,4;2;
2026/06/16;1900 UTC;0;1004,4;1004,9;1004,2;271;31,7;21,8;33,5;31,7;22,8;20,9;56;49;56;56;6;2,1;
2026/06/16;2000 UTC;0;1003,5;1004,4;1003,5;289,3;31;22,6;31,7;30,9;23;21,7;63;56;61;60;4,1;1,2;
2026/06/16;2100 UTC;0;1003,5;1003,7;1003,3;245,6;30,4;23,8;31,1;30,4;23,8;22,3;68;60;68;336;3,4;,5;
2026/06/16;2200 UTC;0;1004,1;1004,1;1003,5;71,1;29,2;24;30,4;29,2;24,5;23,7;73;68;73;48;1,9;,5;
2026/06/16;2300 UTC;0;1004,6;1004,6;1004,1;0;28,3;24,3;29,3;28,3;24,5;23,7;79;73;79;312;2,2;,6;
2026/06/17;0000 UTC;0;1005,8;1005,8;1004,5;0;27,4;24,5;28,3;27,4;24,6;24,3;84;79;84;49;2,2;,3;
2026/06/17;0100 UTC;0;1006,6;1006,6;1005,8;0;27,2;23,9;27,4;27,1;24,7;23,9;86;82;82;350;1,8;,5;
2026/06/17;0200 UTC;0;1007;1007;1006,5;0;26,6;24,5;27,2;26,6;24,5;23,9;89;82;89;11;1,6;,3;
2026/06/17;0300 UTC;0;1007;1007;1006,8;0;26,1;24,4;26,7;26,1;24,5;24,3;90;88;90;331;1,4;,3;
2026/06/17;0400 UTC;0;1007;1007,1;1007;0;25,7;23,5;26,3;25,6;24,4;23,5;90;87;88;353;1,6;,4;
2026/06/17;0500 UTC;0;1006,8;1007;1006,8;0;25,7;23,2;25,8;25,5;23,5;23,2;88;86;86;34;1,9;,6;
2026/06/17;0600 UTC;0;1006,4;1006,8;1006,2;0;25,5;22,8;25,7;25,1;23,2;22,7;88;85;85;2;1,9;,4;
2026/06/17;0700 UTC;0;1006,5;1006,6;1006,3;0;24,9;22,5;25,5;24,9;22,8;22,4;88;85;86;300;1,2;,2;
2026/06/17;0800 UTC;0;1006,8;1006,8;1006,5;0;24,8;22,5;25;24,7;22,8;22,3;88;86;87;9;,8;,3;
2026/06/17;0900 UTC;0;1007,2;1007,3;1006,8;0;25,2;22;25,3;24,8;22,6;21,9;87;82;82;18;1,5;,4;
2026/06/17;1000 UTC;0;1007,6;1007,6;1007,2;1,4;24,5;22,2;25,2;24,5;22,2;21,8;87;83;87;333;1,4;,3;
2026/06/17;1100 UTC;0;1007,8;1008;1007,6;66,2;25,1;22,5;25,1;24,4;22,6;21,9;87;85;85;332;,9;,2;
2026/06/17;1200 UTC;0;1009;1009;1007,8;760,8;28,1;24;28,4;25,1;24,3;22,3;86;77;78;324;4,4;,5;
2026/06/17;1300 UTC;6,2;1009,3;1010,3;1009;275,1;23,6;22,3;28,2;23,2;24,1;21,1;93;75;92;305;8,8;,8;
2026/06/17;1400 UTC;,2;1009,5;1009,7;1009,3;587,7;25,7;23,9;25,7;23,6;24,1;22,4;94;90;90;265;3,1;,7;
2026/06/17;1500 UTC;0;1009;1009,5;1009;1139;28,2;24,5;28,3;25,7;25,4;23,3;90;80;80;239;2,1;,6;
2026/06/17;1600 UTC;0;1008,7;1009,2;1008,7;413,3;26,1;22;28,6;25,6;25,3;20,8;85;68;78;86;7,5;1,1;
2026/06/17;1700 UTC;0;1008,1;1008,8;1008;610,6;27,3;22,1;27,5;26,1;22,6;21,5;79;71;73;143;2,8;1,2;
2026/06/17;1800 UTC;0;1007,7;1008,1;1007,6;934,4;28,7;22,6;28,9;27,3;23,3;21,5;76;69;70;109;3,1;1,2;
2026/06/17;1900 UTC;0;1006,6;1007,7;1006,6;616,4;29,9;23,2;29,9;28,7;23,7;22,4;72;67;68;249;3,5;1,1;
2026/06/17;2000 UTC;0;1006,2;1006,6;1006,1;230,9;28,5;23,6;30;28,4;23,9;23,2;75;68;75;284;3,3;,6;
2026/06/17;2100 UTC;0;1006,4;1006,6;1006;172,7;28,4;24,1;29;28,3;24,1;23;77;73;77;325;2,5;,6;
2026/06/17;2200 UTC;0;1005,8;1006,4;1005,7;49,9;27,4;23,7;28,4;27,4;24,2;23,7;82;77;80;18;2,2;,6;
2026/06/17;2300 UTC;0;1006,7;1006,7;1005,8;0;26,8;23,8;27,4;26,7;23,9;23,6;84;80;84;45;2;,5;
2026/06/18;0000 UTC;0;1007,6;1007,6;1006,6;0;26,5;22,4;27,5;26,5;23,7;22,4;84;77;78;56;3,4;1,6;
2026/06/18;0100 UTC;0;1008,4;1008,4;1007,6;0;25,6;22,2;26,5;25,6;22,4;22;82;77;81;35;3;,3;
2026/06/18;0200 UTC;0;1009,2;1009,2;1008,4;0;25,9;22,2;26;25,5;22,5;22,1;83;79;80;49;2,4;1,3;
2026/06/18;0300 UTC;0;1009,2;1009,6;1009,2;0;25,3;22,2;25,9;25,3;22,3;22,1;83;80;83;27;2,4;,4;
2026/06/18;0400 UTC;0;1008,9;1009,4;1008,9;0;25;22,2;25,7;25;22,4;22,1;85;82;84;39;2,6;,5;
2026/06/18;0500 UTC;0;1008,5;1008,9;1008,5;0;24,6;22,2;25;24,5;22,6;22,1;89;84;87;50;1,5;,5;
2026/06/18;0600 UTC;0;1008;1008,5;1008;0;24,8;20,9;25,3;24,4;22,4;20,8;89;77;79;74;1,8;,7;
2026/06/18;0700 UTC;0;1007,3;1008;1007,3;0;23,9;21,2;24,8;23,9;21,7;20,9;87;79;84;29;1,4;,4;
2026/06/18;0800 UTC;0;1007,4;1007,4;1007,2;0;23,8;21;24,3;23,8;21,7;21;87;84;85;55;1,6;,4;
2026/06/18;0900 UTC;0;1007,7;1007,7;1007,3;0;23,6;21;24,2;23,5;21,3;20,9;87;82;85;35;1,8;,7;
2026/06/18;1000 UTC;0;1008,2;1008,2;1007,6;,1;23,6;20,9;23,8;23,1;21,2;20,7;89;83;85;51;1,6;,9;
2026/06/18;1100 UTC;0;1008,8;1008,8;1008,2;202,3;25,6;21,1;25,8;23,5;22;20,7;86;76;76;32;1,8;,7;
2026/06/18;1200 UTC;0;1009,4;1009,4;1008,8;940,8;28,2;23,2;28,2;25,6;23,2;21,2;78;71;74;281;1,8;,4;
2026/06/18;1300 UTC;0;1009,7;1009,7;1009,4;1674,1;28,9;23,7;29,7;27,4;24,4;22,5;77;71;73;259;2,1;,8;
2026/06/18;1400 UTC;0;1009,6;1009,8;1009,6;2256,4;30,3;24,3;30,5;28,9;24,6;23,2;77;69;70;251;4,2;1,4;
2026/06/18;1500 UTC;0;1009,3;1009,6;1009,3;1499,3;29,8;23,5;30,3;29,1;24,6;23,2;74;67;69;266;3,6;,8;
2026/06/18;1600 UTC;0;1008,8;1009,3;1008,6;1489,7;29,8;23,3;31,9;29,6;24,6;22,8;72;62;68;346;6;1,5;
2026/06/18;1700 UTC;0;1007,6;1008,8;1007,6;866,7;32,3;23,3;32,3;29,8;24,4;22,9;69;59;59;331;6;,7;
2026/06/18;1800 UTC;0;1006,6;1007,5;1006,6;614,9;32,8;23,9;33;30,8;24,5;22,6;66;57;60;270;3,7;,9;
2026/06/18;1900 UTC;0;1005,5;1006,6;1005,4;425,5;31,1;23,2;33,3;31,1;24,7;22,6;63;58;63;249;4,9;1,5;
2026/06/18;2000 UTC;0;1005,5;1006;1005,5;123,6;26,2;22,3;31,1;26,2;23,1;22;80;62;79;11;9,2;,5;
2026/06/18;2100 UTC;0;1005,2;1005,5;1005,1;88,7;27;21,6;27,3;26,2;22,4;20,9;80;68;72;6;2,7;,6;
2026/06/18;2200 UTC;0;1005,7;1005,7;1005,2;35,4;27;21,4;27,6;26,9;21,8;21;73;68;72;52;3,2;1,1;
2026/06/18;2300 UTC;0;1006,2;1006,2;1005,7;0;26,7;22,1;27;26,4;22,2;21,4;77;72;76;30;2,2;1;
2026/06/19;0000 UTC;0;1007,2;1007,2;1006,2;0;25,8;22,3;26,9;25,8;22,7;21,9;82;75;81;10;1,7;,3;
2026/06/19;0100 UTC;0;1007,9;1007,9;1007,2;0;25,7;23;26;25,6;23;22,2;85;81;85;13;1,5;,3;
2026/06/19;0200 UTC;0;1008,3;1008,3;1007,9;0;24,8;22,7;25,8;24,8;23,2;22,7;89;85;88;63;1,5;,3;
2026/06/19;0300 UTC;0;1008,6;1008,6;1008,3;0;24,4;22;24,9;24,4;22,7;22;88;86;86;71;1,2;,5;
2026/06/19;0400 UTC;0;1008,6;1008,6;1008,5;0;24,2;22;24,5;24,1;22,3;21,7;89;86;88;33;,9;,5;
2026/06/19;0500 UTC;0;1008,1;1008,6;1008,1;0;24;22;24,3;24;22,3;21,8;89;87;89;54;1,1;,4;
2026/06/19;0600 UTC;0;1007,6;1008,1;1007,6;0;23,6;21,5;24,1;23,5;22,1;21,4;90;85;88;97;1;,1;
2026/06/19;0700 UTC;0;1007,3;1007,6;1007,3;0;23,7;21,8;23,7;23,5;22,1;21,6;91;88;90;37;,9;,6;
2026/06/19;0800 UTC;0;1007,1;1007,3;1007,1;0;23,8;21,8;23,9;23,5;22,1;21,8;91;88;89;49;1,4;,3;
2026/06/19;0900 UTC;0;1007,1;1007,2;1007;0;23,3;22,1;23,8;23,2;22,1;21,8;92;89;92;24;1,3;,2;
2026/06/19;1000 UTC;0;1007,5;1007,5;1007,1;,4;23,3;22,2;23,4;23,2;22,2;22;94;92;94;27;,9;,2;
2026/06/19;1100 UTC;0;1008,5;1008,5;1007,5;224,9;26,7;23,4;26,7;23,2;23,8;22,1;94;83;83;135;,6;,2;
2026/06/19;1200 UTC;0;1009,5;1009,5;1008,5;971,7;28;23;28,6;26,7;24,2;22,8;83;74;74;14;1,5;,6;
2026/06/19;1300 UTC;0;1009,7;1009,8;1009,5;1638,3;29,9;23,9;30,4;27,8;24,7;23,1;79;69;70;1;2,1;,7;
2026/06/19;1400 UTC;0;1009,7;1009,8;1009,7;2315,7;30,8;24;31,4;29,7;25,2;22,8;71;63;67;310;4,1;,9;
2026/06/19;1500 UTC;0;1009,1;1009,7;1009,1;897,8;29,2;24,2;30,8;28,4;24,6;23,5;77;67;74;224;3,5;1,4;
2026/06/19;1600 UTC;0;1008,4;1009,1;1008,4;1260,6;30,5;24,4;30,5;29;24,8;23,6;76;68;70;277;3,4;,8;
2026/06/19;1700 UTC;0;1007,6;1008,4;1007,6;825,3;30,1;23,9;31,6;29,7;24,6;23,4;71;63;69;211;4,6;1,2;
2026/06/19;1800 UTC;0;1006,4;1007,6;1006,3;477,4;30,3;22,7;30,8;29,9;24,3;22,6;70;63;64;176;4,4;1,2;
2026/06/19;1900 UTC;0;1006;1006,8;1006;508,1;30;23,5;30,3;28,5;24;22,7;74;63;68;341;5,8;,6;
2026/06/19;2000 UTC;0;1006;1006,3;1005,9;437,2;29,4;23,7;30,1;29,3;24,2;23;74;66;72;336;3,1;,6;
2026/06/19;2100 UTC;0;1005,7;1006;1005,6;190,3;29,1;23,2;29,4;29,1;24,1;22,9;74;68;71;18;2;,5;
2026/06/19;2200 UTC;0;1005,8;1005,9;1005,6;79,8;28,5;22,6;29,4;28,5;23,2;22,2;71;66;70;52;2;,9;
2026/06/19;2300 UTC;0;1006,3;1006,3;1005,8;0;27,1;23,8;28,5;27,1;23,8;22,4;82;70;82;268;1,6;,3;
2026/06/20;0000 UTC;0;1007;1007;1006,3;0;26,7;24,2;27,1;26,5;24,3;23,8;87;82;86;316;1,6;,4;
2026/06/20;0100 UTC;0;1007,7;1007,8;1007;0;26,1;24,3;26,7;26;24,5;24,1;90;86;90;73;1;,2;
2026/06/20;0200 UTC;0;1008,1;1008,1;1007,8;0;25,8;24,2;26,1;25,6;24,3;24,1;92;90;91;327;,9;,3;
2026/06/20;0300 UTC;0;1008,3;1008,4;1008;0;25,4;24,2;25,7;25,3;24,3;24,1;93;91;93;10;1,4;,4;
2026/06/20;0400 UTC;0;1008,4;1008,5;1008,3;0;24,8;23,6;25,4;24,8;24,2;23,5;94;92;93;9;1,4;,2;
2026/06/20;0500 UTC;0;1007,7;1008,4;1007,7;0;24,5;23,4;24,9;24,5;23,6;23,4;94;93;93;202;,8;,4;
2026/06/20;0600 UTC;0;1007,7;1007,7;1007,6;0;24,4;23,4;24,6;24,4;23,4;23,2;94;92;94;332;,9;,2;
2026/06/20;0700 UTC;0;1007,5;1007,7;1007,5;0;24,6;23,7;24,7;24,4;23,7;23,4;95;94;94;250;,9;,2;
2026/06/20;0800 UTC;0;1007,5;1007,7;1007,5;0;25,3;24;25,3;24,6;24;23,7;94;92;93;271;1,8;,4;
2026/06/20;0900 UTC;0;1008,1;1008,1;1007,5;0;25,1;24;25,3;24,9;24,1;23,9;95;92;94;264;1,4;,4;
2026/06/20;1000 UTC;0;1008,3;1008,3;1008;,2;24,5;23,8;25,1;24,4;24;23,7;96;94;96;26;1,1;,4;
2026/06/20;1100 UTC;0;1008,6;1008,6;1008,2;91,1;25,4;24,4;25,5;24,4;24,6;23,7;96;94;94;123;,8;,2;
2026/06/20;1200 UTC;0;1009,1;1009,1;1008,6;685,2;27,6;24,5;27,7;25,4;25,1;24,3;94;83;83;259;1,6;,6;
2026/06/20;1300 UTC;0;1009,3;1009,3;1009,1;1447,4;28,4;24,4;28,9;27,4;24,9;24;85;78;79;168;3,2;1,1;
2026/06/20;1400 UTC;0;1009,3;1009,4;1009,2;1722,4;30,1;24,2;30,4;28,5;25,1;23,7;79;70;71;214;3,6;1,2;
2026/06/20;1500 UTC;0;1008,5;1009,3;1008,5;1432,4;29,8;22,5;31,1;29;24,5;22,3;75;62;65;100;3,9;1,8;
2026/06/20;1600 UTC;0;1007,6;1008,5;1007,6;2046,7;30,9;22,9;31,5;29,8;24,5;22,2;71;61;62;102;5,1;1,7;
2026/06/20;1700 UTC;0;1006,3;1007,6;1006,3;939,1;32;23,3;32;30,2;23,7;22,4;66;59;60;100;5,3;1,8;
2026/06/20;1800 UTC;0;1005;1006,3;1005;600,5;32;22,2;32,6;31,3;23,2;21,8;60;54;56;77;6;2;
2026/06/20;1900 UTC;0;1004,3;1005;1004,3;250,3;31,7;22;32,3;31,2;22,7;21,5;59;54;56;81;6;2,7;
2026/06/20;2000 UTC;0;1003,6;1004,3;1003,6;212,6;30,7;22,8;31,9;30,6;23,5;21,6;65;55;63;133;5,3;1,4;
2026/06/20;2100 UTC;0;1003,6;1003,7;1003,6;114,6;30,5;22,9;30,8;30,4;23,2;22,8;65;63;64;83;3,2;1,5;
2026/06/20;2200 UTC;0;1003,9;1003,9;1003,5;45,3;29,9;23,1;30,6;29,7;23,4;22,7;68;63;67;144;3;1,3;
2026/06/20;2300 UTC;0;1004,4;1004,4;1003,8;,1;29,6;23,4;30;29,5;23,4;23;69;67;69;61;2,5;1,3;
2026/06/21;0000 UTC;0;1004,9;1004,9;1004,4;0;29,2;23,1;29,6;29;23,6;23,1;72;69;70;62;2,8;,9;
2026/06/21;0100 UTC;0;1005,7;1005,7;1004,9;0;28,6;23;29,2;28,6;23,2;22,8;72;68;72;76;3,6;1,5;
2026/06/21;0200 UTC;0;1005,9;1005,9;1005,7;0;28;23,1;28,6;27,9;23,1;23;75;72;74;54;3,4;1;
2026/06/21;0300 UTC;0;1006,3;1006,3;1005,9;0;27,6;23,2;28;27,6;23,2;23;77;74;77;43;2,9;1,2;
2026/06/21;0400 UTC;0;1006,1;1006,4;1006,1;0;27,3;23,4;27,6;27;23,4;23,2;80;77;79;48;2,7;1,5;
2026/06/21;0500 UTC;0;1005,7;1006,1;1005,7;0;27,1;23,1;27,4;27,1;23,5;23;80;78;79;68;3,8;1,9;
2026/06/21;0600 UTC;0;1005,4;1005,7;1005,4;0;26,4;23,8;27,1;26,4;23,8;23,1;85;79;85;52;3,5;1,6;
2026/06/21;0700 UTC;0;1005,1;1005,4;1005;0;26,3;23,7;26,5;26,3;23,9;23,7;86;85;86;54;3,5;1,4;
2026/06/21;0800 UTC;0;1005,1;1005,2;1005;0;25,9;23,6;26,3;25,7;23,7;23,6;88;86;87;43;2,9;1,3;
2026/06/21;0900 UTC;0;1005,4;1005,4;1005,1;0;25,7;23,5;25,9;25,4;23,7;23,5;89;87;88;43;2,5;1,1;
2026/06/21;1000 UTC;0;1006,3;1006,3;1005,4;,1;25,6;23,5;25,8;25,3;23,6;23,4;90;88;88;53;2,1;1,1;
2026/06/21;1100 UTC;0;1006,8;1006,8;1006,3;201,2;26,9;23,5;27,2;25,5;23,8;23,4;88;81;82;43;2,6;1,2;
2026/06/21;1200 UTC;0;1007,4;1007,4;1006,8;945,2;28,9;23,5;28,9;26,9;23,9;23,1;83;72;73;54;3,7;1,4;
2026/06/21;1300 UTC;0;1007,5;1007,6;1007,4;1701,3;30,4;24;30,4;28,9;24,1;22,9;73;68;68;73;4,4;1,9;
2026/06/21;1400 UTC;0;1007,4;1007,5;1007,3;2320,6;30,6;22,7;31,5;29,9;24,4;22,7;70;62;63;93;6,1;2,7;
2026/06/21;1500 UTC;0;1006,9;1007,4;1006,9;2607,2;30,3;22,9;31,9;30,3;23,3;21,8;66;58;65;107;6,4;1,9;
2026/06/21;1600 UTC;0;1006,3;1006,9;1006,3;2438,6;31,2;23;31,5;30,1;23,9;22,3;66;60;62;112;5,8;2,1;
2026/06/21;1700 UTC;0;1005,4;1006,3;1005,4;1121,3;31,6;23,5;32;30,7;23,6;22,3;64;58;62;118;7;2;
2026/06/21;1800 UTC;0;1004,4;1005,4;1004,4;627,4;31,9;22,9;32,2;31,2;23,8;22,2;64;57;59;79;5,3;2,1;
2026/06/21;1900 UTC;0;1003,8;1004,5;1003,8;334,4;31,8;22,9;32,1;30,8;23,9;22,1;64;57;59;78;5,7;2,2;
2026/06/21;2000 UTC;0;1003,6;1003,8;1003,6;219,5;31;23,7;31,8;30,7;23,8;22,7;65;59;65;85;5,3;2,1;
2026/06/21;2100 UTC;0;1003,6;1003,6;1003,5;105,1;30,6;21,8;31,2;30,4;23,6;21,6;65;58;59;114;5,1;1,8;
2026/06/21;2200 UTC;0;1003,9;1003,9;1003,5;41,3;30;23,3;30,6;29,9;23,4;21,6;68;58;67;90;4,6;1,9;
2026/06/21;2300 UTC;0;1004,4;1004,4;1003,9;0;29,7;23;30;29,6;23,3;22;68;62;67;67;3,9;1,2;
2026/06/22;0000 UTC;0;1005;1005,1;1004,4;0;29,1;23;29,8;29,1;23,2;22,9;70;67;69;61;4;1,1;
2026/06/22;0100 UTC;0;1006,1;1006,1;1005;0;28,8;23,4;29,2;28,8;23,4;22,9;73;69;73;60;2,2;1;
2026/06/22;0200 UTC;0;1006,3;1006,3;1006,1;0;28,4;24,1;28,9;28,3;24,1;23,4;78;73;78;59;2,4;1,1;
2026/06/22;0300 UTC;0;1006,5;1006,5;1006,3;0;28,3;23,6;28,4;28,1;24,1;23,5;78;75;76;71;2,6;1,3;
2026/06/22;0400 UTC;0;1006,3;1006,5;1006,3;0;28;23,6;28,3;27,9;23,9;23,6;78;76;77;76;3,5;1,6;
2026/06/22;0500 UTC;0;1005,8;1006,3;1005,8;0;27,6;23,5;28;27,6;23,7;23,4;79;77;78;71;3,5;1,5;
2026/06/22;0600 UTC;0;1005,1;1005,8;1005,1;0;27,2;23,8;27,6;27,1;23,9;23,5;82;78;82;79;3;1,5;
2026/06/22;0700 UTC;0;1004,7;1005,1;1004,7;0;26,7;23,2;27,2;26,6;23,8;23,2;83;81;81;67;3,4;1,2;
2026/06/22;0800 UTC;0;1004,8;1004,9;1004,7;0;26,3;23,1;26,7;26,3;23,2;23;83;81;83;60;2,9;1;
2026/06/22;0900 UTC;0;1005,2;1005,2;1004,8;0;26,1;23,3;26,3;26;23,4;23,1;85;83;85;78;2,7;1,2;
2026/06/22;1000 UTC;0;1005,6;1005,6;1005,2;,1;25,8;23,6;26,1;25,8;23,6;23,3;88;85;88;49;2,4;1,2;
2026/06/22;1100 UTC;0;1006,6;1006,6;1005,6;198,9;27,4;24,2;27,4;25,7;24,3;23,6;88;83;83;72;2,9;1,3;
2026/06/22;1200 UTC;0;1007,4;1007,4;1006,6;945,5;29;24,1;29;27,3;24,7;23,8;83;75;75;83;3,7;1,8;
2026/06/22;1300 UTC;0;1007,8;1007,8;1007,4;1714,3;30,2;23,1;30,4;29;24,6;23;75;65;66;74;6;3,1;
2026/06/22;1400 UTC;0;1008;1008,1;1007,8;2336,9;30,7;22,7;31;29,9;23,7;22,1;67;62;63;78;7,9;3,6;
2026/06/22;1500 UTC;0;1007,5;1008,1;1007,5;2432,3;30,8;23;31,8;30,5;23,5;22,4;64;60;63;95;6,4;2,8;
2026/06/22;1600 UTC;0;1006,6;1007,5;1006,6;1573,2;30,5;23,4;31,6;30,4;24;22,7;66;62;66;68;6,4;2,1;
2026/06/22;1700 UTC;0;1005,2;1006,6;1005,2;767,8;30,8;23;32;30,5;24,1;22,9;66;60;63;75;5,2;2,3;
2026/06/22;1800 UTC;0;1004;1005,2;1004;579,5;32,7;23,4;32,8;30,7;23,8;22,7;65;57;58;82;5,1;1,6;
2026/06/22;1900 UTC;0;1004;1004;1003,7;491;31;24,3;32,8;30,2;24,3;22,7;68;57;68;68;6,2;2,1;
2026/06/22;2000 UTC;0;1004;1004;1003,5;372,6;31,1;22,9;31,3;30,7;24,3;22,9;68;61;62;65;4,9;2,2;
2026/06/22;2100 UTC;0;1004;1004;1003,5;265,1;29,7;23,8;31,1;29,6;24,4;22,8;73;62;71;75;4,6;1,9;
2026/06/22;2200 UTC;0;1004,7;1004,7;1003,9;49,8;28,1;23,8;29,7;28,1;23,9;23,5;78;70;77;44;5,6;1,6;
2026/06/22;2300 UTC;0;1005,5;1005,5;1004,6;0;27,6;22,8;28,1;27,6;23,8;22,7;77;73;75;49;5,4;2,4;
2026/06/23;0000 UTC;0;1006,3;1006,3;1005,5;0;27,4;22,7;27,7;27,4;22,8;22,6;76;74;75;31;5,1;1,6;
2026/06/23;0100 UTC;0;1006,7;1006,7;1006,3;0;26,9;22,9;27,4;26,8;23;22,7;79;75;79;49;5;1,2;
2026/06/23;0200 UTC;0;1006,9;1006,9;1006,6;0;26,9;22,9;26,9;26,3;23,1;22,9;83;79;79;47;3,6;1,9;
2026/06/23;0300 UTC;0;1007,1;1007,1;1006,9;0;26,5;23;26,9;26,5;23;22,9;81;79;81;47;3,9;1,4;
2026/06/23;0400 UTC;0;1006,4;1007,1;1006,4;0;26,8;23,1;26,8;26,5;23,1;23;82;80;80;40;3,2;1,6;
2026/06/23;0500 UTC;0;1005,7;1006,4;1005,7;0;26,9;23,2;26,9;26,7;23,2;23,1;81;80;80;55;3,1;1,2;
2026/06/23;0600 UTC;0;1005,4;1005,7;1005,4;0;26,8;23,2;27;26,6;23,4;23,1;83;80;81;45;3,1;1,4;
2026/06/23;0700 UTC;0;1005,2;1005,4;1005,2;0;26,4;23,2;26,8;26,4;23,4;23,2;83;81;82;53;3,4;,6;
2026/06/23;0800 UTC;0;1005;1005,2;1004,9;0;26;23,2;26,5;26;23,3;23,1;84;82;84;44;2,8;,7;
2026/06/23;0900 UTC;0;1005,4;1005,4;1005;0;25,8;23,2;26,2;25,8;23,3;23,2;86;83;86;352;2,2;,3;
2026/06/23;1000 UTC;0;1005,7;1005,7;1005,4;0;24,9;23,3;25,8;24,9;23,3;23,1;91;86;91;356;1,9;,4;
2026/06/23;1100 UTC;0;1005,9;1005,9;1005,6;248,4;27;23,3;27,1;24,9;23,6;23,1;91;80;80;44;2,5;1,4;
2026/06/23;1200 UTC;0;1007;1007;1005,9;874;28,2;23,4;29,3;26,9;23,9;23;80;71;75;33;2,7;1,2;
2026/06/23;1300 UTC;0;1007,5;1007,5;1007;1290,4;30,3;23,3;30,5;28,1;24,2;22,9;77;66;66;87;3,3;1,5;
2026/06/23;1400 UTC;0;1007,2;1007,5;1007,2;2005,8;30,8;23,2;31,2;30;23,9;22,6;68;62;64;88;4,1;2;
2026/06/23;1500 UTC;0;1006,9;1007,3;1006,8;1659,9;30,9;22,5;31,4;30,3;23,4;22;64;60;61;68;5,4;2,4;
2026/06/23;1600 UTC;0;1005,7;1006,9;1005,7;2203,5;31,8;22,9;31,8;30,6;23;21,8;62;57;60;53;6;2,7;
2026/06/23;1700 UTC;0;1004,3;1005,7;1004,3;1020,4;31,9;22,3;32,9;31,6;23,5;22,1;61;55;57;73;6,6;3;
2026/06/23;1800 UTC;0;1002,9;1004,3;1002,9;574,3;32,4;22,6;33;31,8;23,5;22,1;59;54;56;100;6,5;2,2;
2026/06/23;1900 UTC;0;1002,2;1002,9;1002,2;259,4;32,1;22,5;33,1;31,7;23,2;21,9;59;54;57;90;6,3;2,8;
2026/06/23;2000 UTC;0;1002,1;1002,2;1001,9;211;31,9;22,3;32,7;31,6;23;22;59;54;57;94;6;2,7;
2026/06/23;2100 UTC;0;1002,4;1002,5;1002;168;31,4;23,1;31,9;31,2;23,1;22;62;56;61;89;6,8;2,5;
2026/06/23;2200 UTC;0;1002,9;1002,9;1002,3;53,1;29,9;23,9;31,4;29,9;24,1;22,9;71;61;70;77;5,2;1,8;
2026/06/23;2300 UTC;0;1003,9;1003,9;1002,9;0;29,5;24,2;29,9;29,5;24,2;23,8;73;70;73;174;3,5;1,2;
2026/06/24;0000 UTC;0;1005;1005;1003,9;0;28,7;24,7;29,5;28,7;24,7;24;79;73;79;214;3,5;1,4;
2026/06/24;0100 UTC;0;1005,6;1005,6;1005;0;27,5;24,4;28,7;27,5;24,7;24,4;84;79;83;194;3,9;1;
2026/06/24;0200 UTC;0;1006;1006;1005,6;0;27,3;23,6;27,7;27,2;24,4;23,6;84;79;80;203;2,8;,8;
2026/06/24;0300 UTC;0;1005,9;1006,2;1005,9;0;27;23,4;27,4;27;23,6;23,3;81;79;81;177;2,2;1;
2026/06/24;0400 UTC;0;1005,7;1006;1005,7;0;26,9;23,7;27;26,7;23,7;23,4;83;81;82;181;2,5;,9;
2026/06/24;0500 UTC;0;1005,3;1005,7;1005,3;0;26,4;23,6;26,9;26,4;23,6;23,4;85;82;85;198;3,5;1,3;
2026/06/24;0600 UTC;0;1004,8;1005,3;1004,8;0;26,2;23,7;26,5;26,1;23,9;23,5;87;84;86;242;3,4;,8;
2026/06/24;0700 UTC;0;1004,7;1004,9;1004,7;0;26;24;26,2;25,7;24;23,7;90;86;89;247;2,3;,6;
2026/06/24;0800 UTC;0;1005,1;1005,1;1004,7;0;26,1;24,1;26,1;25,8;24,3;24;91;89;89;244;1,5;,6;
2026/06/24;0900 UTC;0;1005,5;1005,5;1005,1;0;25,7;24;26,1;25,7;24,1;23,9;91;89;91;257;1,6;,4;
2026/06/24;1000 UTC;0;1006,2;1006,2;1005,5;,1;25,4;24,3;25,7;25,2;24,3;24;94;91;94;24;1,1;,3;
2026/06/24;1100 UTC;0;1006,8;1006,8;1006,1;57,6;25,8;24,6;25,8;25,3;24,6;24,2;94;93;93;296;1,1;,2;
2026/06/24;1200 UTC;0;1007,3;1007,3;1006,8;429,4;27,4;24,7;27,4;25,8;25;24,5;93;85;85;295;2,1;,5;
2026/06/24;1300 UTC;0;1007,8;1007,8;1007,3;440,7;27,9;24,5;27,9;27,4;24,7;24,3;85;82;82;244;3,2;1;
2026/06/24;1400 UTC;0;1007,8;1007,9;1007,8;1308,7;29;24,7;29,6;27,9;25,3;24,3;82;76;78;185;3,4;1,4;
2026/06/24;1500 UTC;0;1007,4;1007,8;1007,4;1662,8;29,5;24,4;30,7;29;25,4;23,8;79;70;74;114;3,6;,7;
2026/06/24;1600 UTC;0;1006,6;1007,4;1006,6;1951,2;31,1;24;32,3;29,5;25,4;23,4;75;63;66;142;4,4;1,5;
2026/06/24;1700 UTC;0;1005,3;1006,6;1005,3;870,9;32;22,8;32,3;30,7;24,3;22,5;68;57;58;65;4,9;2,2;
2026/06/24;1800 UTC;0;1003,9;1005,3;1003,9;541,7;32,3;23;32,5;31,5;23,9;22,3;62;56;58;60;5,6;2,3;
2026/06/24;1900 UTC;0;1002,4;1003,8;1002,4;297,8;32,3;22,9;33;32;23,4;22;59;54;58;106;5,7;1,7;
2026/06/24;2000 UTC;0;1002;1002,5;1002;188,1;31,5;22,1;32,4;31,5;23,2;22;60;56;58;118;5,7;1,8;
2026/06/24;2100 UTC;0;1002,1;1002,1;1001,8;109,1;31,3;21,9;31,7;31,2;22,4;21,2;59;55;58;72;5,7;2,1;
2026/06/24;2200 UTC;0;1002,8;1002,8;1002,1;42,4;30,6;22,2;31,3;30,6;22,5;21,5;62;56;61;90;4,6;1,4;
2026/06/24;2300 UTC;0;1003,6;1003,7;1002,8;0;30;22,7;30,6;30;22,8;22,2;65;61;65;76;3,2;1,2;
2026/06/25;0000 UTC;0;1004,6;1004,6;1003,6;0;28,9;23,1;30,1;28,9;23,2;22,6;71;65;71;126;2,5;,5;
2026/06/25;0100 UTC;0;1005,4;1005,4;1004,6;0;29,5;23,1;29,7;28,8;23,2;22,8;72;67;69;74;2;1;
2026/06/25;0200 UTC;0;1005,9;1005,9;1005,4;0;28,6;23,2;29,6;28,3;23,3;23,1;74;68;73;82;1,9;,8;
2026/06/25;0300 UTC;0;1006;1006,1;1005,8;0;27,6;23,6;28,8;27,6;24;23,1;81;72;79;354;1,6;,3;
2026/06/25;0400 UTC;0;1005,4;1006;1005,4;0;27,4;24;27,8;27,1;24;23,5;83;78;82;332;1;,4;
2026/06/25;0500 UTC;0;1005;1005,4;1005;0;26,6;23,8;27,4;26,5;24,1;23,6;86;82;84;343;,9;,6;
2026/06/25;0600 UTC;0;1004,9;1005;1004,9;0;26,1;23,9;26,7;26,1;23,9;23,7;88;84;88;335;1,5;,3;
2026/06/25;0700 UTC;0;1004,7;1004,9;1004,7;0;25,7;23,7;26,2;25,7;24;23,7;89;88;89;352;1,3;,3;
2026/06/25;0800 UTC;0;1004,9;1004,9;1004,7;0;25,3;23,6;25,8;25,3;23,8;23,6;91;89;91;69;1,7;,2;
2026/06/25;0900 UTC;0;1005,3;1005,3;1004,9;0;25,5;23,8;25,7;25,3;24;23,7;91;90;90;30;1;,4;
2026/06/25;1000 UTC;0;1005,5;1005,6;1005,3;0;25,4;23,4;25,8;25,4;23,9;23,2;90;87;89;356;,8;,3;
2026/06/25;1100 UTC;0;1006,1;1006,1;1005,5;85,7;27;24,3;27;25,2;24,4;23,2;90;85;85;268;1,7;,4;
2026/06/25;1200 UTC;0;1006,8;1006,8;1006,1;267,9;28,1;24,4;28,1;27;24,4;23,9;85;80;81;108;2,3;,4;
2026/06/25;1300 UTC;0;1007,3;1007,3;1006,8;691,2;27,9;24,9;30,1;27,9;25,3;24,5;84;74;84;233;3,5;1,2;
2026/06/25;1400 UTC;9,2;1007,7;1007,7;1007,3;206,3;24,9;24;27,9;24,9;25,6;23,9;96;84;95;319;4,3;,4;
2026/06/25;1500 UTC;,2;1007,5;1007,8;1007,5;317,2;26,6;24,7;26,6;24,8;25;23,5;94;89;89;188;2,3;,8;
2026/06/25;1600 UTC;0;1007,1;1007,5;1007;1101,4;28,5;23,6;28,7;26,4;25,8;23,2;90;73;75;87;5,7;2,6;
2026/06/25;1700 UTC;0;1006,5;1007,1;1006,5;983,1;28,2;23,4;30,1;28,1;24,7;22,9;77;69;75;80;5,5;2,3;
2026/06/25;1800 UTC;0;1005,5;1006,6;1005,5;802,3;28,3;24,1;28,8;27,4;24,4;22,3;81;72;78;196;5;2,3;
2026/06/25;1900 UTC;0;1005,6;1005,6;1005,2;538,4;27,2;23,9;28,9;26,9;24,6;23,6;84;76;82;196;6,4;1,5;
2026/06/25;2000 UTC;0;1004,6;1005,7;1004,6;460,8;27,4;23,8;27,6;26,8;23,9;23;82;79;81;231;4,9;1,4;
2026/06/25;2100 UTC;0;1005,4;1005,4;1004,5;222,9;26,3;22,7;27,4;26,3;23,9;22,7;86;79;81;205;4,6;1,7;
2026/06/25;2200 UTC;0;1005,5;1005,5;1005,2;77,6;26,3;22,7;26,4;26,2;22,9;22,3;82;79;81;220;3,9;,9;
2026/06/25;2300 UTC;0;1006,1;1006,2;1005,4;0;26;22,8;26,4;26;22,9;22,6;83;80;83;114;2,3;,9;
2026/06/26;0000 UTC;0;1007;1007;1005,9;0;26,2;22,7;26,2;25,9;22,9;22,6;84;81;81;121;3,4;1,3;
2026/06/26;0100 UTC;0;1007,4;1007,4;1007;0;26,3;22,9;26,3;26,2;22,9;22,6;82;81;82;127;3,9;1,4;
2026/06/26;0200 UTC;0;1008,3;1008,3;1007,4;0;26,3;23,4;26,5;26,3;23,5;22,9;84;81;84;197;3,6;1,4;
2026/06/26;0300 UTC;0;1008,2;1008,4;1008,1;0;26;23,1;26,3;25,8;23,5;23,1;87;84;84;116;3,6;,9;
2026/06/26;0400 UTC;0;1007,8;1008,4;1007,8;0;25,3;23;26;25,3;23,1;22,9;87;83;87;174;2,6;,5;
2026/06/26;0500 UTC;0;1006,9;1007,7;1006,9;0;25,5;23,7;25,5;25,1;23,7;23;90;87;90;195;1,8;,7;
2026/06/26;0600 UTC;0;1006,4;1006,9;1006,3;0;25,3;23,9;25,5;25;23,9;23,6;93;90;92;67;1,9;,6;
2026/06/26;0700 UTC;0;1006,6;1006,7;1006,4;0;25,4;24,1;25,4;25,1;24,1;23,8;93;91;92;191;1,6;,4;
2026/06/26;0800 UTC;0;1006,9;1006,9;1006,6;0;25,8;24;25,8;25,2;24,2;23,9;93;90;90;206;3,4;,9;
2026/06/26;0900 UTC;0;1007,1;1007,1;1006,8;0;25,8;24,2;25,8;25,7;24,2;24;91;90;91;215;2,5;1,1;
2026/06/26;1000 UTC;0;1007,7;1007,7;1007,1;0;25,6;24,3;25,9;25,6;24,4;24,2;92;91;92;196;3,7;1;
2026/06/26;1100 UTC;0;1008,4;1008,4;1007,6;71,4;25,9;24,3;25,9;25,6;24,4;24,3;93;91;91;219;3,8;1,2;
2026/06/26;1200 UTC;0;1009,1;1009,1;1008,4;170;26,1;24,2;26,2;25,9;24,4;24,2;91;89;89;208;4,4;1,6;
2026/06/26;1300 UTC;0;1009,3;1009,4;1009;403,1;26,9;24,5;27;26,1;24,5;24;89;86;87;192;4,3;1,6;
2026/06/26;1400 UTC;0;1008,9;1009,4;1008,8;1201,3;28,2;23,9;28,7;26,8;25,2;23,9;87;78;78;191;5,1;2,3;
2026/06/26;1500 UTC;0;1008,5;1009;1008,5;1365,4;29,1;24,3;29,8;28,1;25;23,8;81;73;76;195;5,5;2,3;
2026/06/26;1600 UTC;0;1007,9;1008,5;1007,9;1649,5;29,8;24;30,4;28,7;24,7;23,7;77;69;71;173;5,3;1,5;
2026/06/26;1700 UTC;0;1007;1007,9;1006,9;1398,9;29,7;23,7;31,1;29,5;25,2;23,6;74;67;70;128;5,3;1,1;
2026/06/26;1800 UTC;0;1005,8;1007;1005,8;458,8;29,5;23,9;29,7;29,4;24,2;23,3;73;70;72;154;3,2;1,2;
2026/06/26;1900 UTC;0;1005,3;1005,8;1005,3;286,6;27,4;24,7;29,5;27,3;24,7;23,5;86;70;86;174;5,5;2;
2026/06/26;2000 UTC;0;1005,2;1005,4;1005;398,5;27,9;23,4;28,2;27,1;24,7;23,3;86;76;77;256;5,5;1,1;
2026/06/26;2100 UTC;0;1005,1;1005,2;1005;245,7;27,9;22,2;28,1;27,7;23,8;22,1;78;71;71;261;3;,5;
2026/06/26;2200 UTC;0;1005,8;1005,8;1005,1;74,8;26,7;23,9;27,9;26,7;24,1;22,2;85;71;84;13;2,6;,5;
2026/06/26;2300 UTC;0;1006,5;1006,5;1005,8;0;26,1;23,5;26,7;26,1;23,9;23,5;87;84;86;9;1,7;,7;
2026/06/27;0000 UTC;0;1006,9;1006,9;1006,4;0;25,7;23,9;26,1;25,7;23,9;23,5;90;86;90;360;1,7;,3;
2026/06/27;0100 UTC;0;1007,6;1007,6;1006,9;0;25,6;23,4;26;25,6;23,9;23,4;90;87;88;360;1,4;,4;
2026/06/27;0200 UTC;0;1008,3;1008,3;1007,6;0;25,4;23,7;25,6;25,3;23,7;23,4;90;88;90;344;1,6;,3;
2026/06/27;0300 UTC;0;1008,5;1008,5;1008,3;0;25;23,8;25,4;25;23,8;23,6;93;90;93;61;1,3;,3;
2026/06/27;0400 UTC;0;1008,1;1008,5;1008,1;0;25;23,9;25;24,9;23,9;23,7;94;93;94;20;,9;,3;
2026/06/27;0500 UTC;0;1007,5;1008,1;1007,5;0;24,9;23,8;25,1;24,9;24;23,8;94;93;94;3;,9;,3;
2026/06/27;0600 UTC;0;1007,3;1007,5;1007,2;,1;25,4;24,1;25,4;24,8;24,1;23,7;94;92;92;17;1,6;,4;
2026/06/27;0700 UTC;0;1006,6;1007,2;1006,6;0;25;23,8;25,5;25;24,1;23,8;93;91;93;35;1,7;,4;
2026/06/27;0800 UTC;0;1006,6;1006,7;1006,5;0;24,6;23,7;25;24,6;23,9;23,7;95;93;95;332;1,3;,2;
2026/06/27;0900 UTC;0;1007,3;1007,3;1006,6;0;25,1;23,9;25,1;24,6;24;23,7;95;93;93;331;,9;,3;
2026/06/27;1000 UTC;20;1007,9;1009,3;1007,3;2,5;22,2;21,6;25,4;20,8;24,2;20,1;97;86;96;45;11;1,6;
2026/06/27;1100 UTC;,4;1008,5;1008,5;1007,8;33,8;22,7;22,2;22,7;22,2;22,2;21,6;97;96;97;25;3,1;,6;
2026/06/27;1200 UTC;0;1008,9;1009,1;1008,5;241,6;24,7;23;24,7;22,7;23;22,2;97;90;90;65;2,7;1,4;
2026/06/27;1300 UTC;0;1008,8;1008,9;1008,7;1207,3;28,1;23,1;28,1;24,7;24,3;22,9;90;74;74;73;3,3;1,5;
2026/06/27;1400 UTC;0;1008,8;1008,8;1008,7;1567,4;30,6;23,7;30,6;28,1;24,2;22,6;77;67;67;71;4,2;2,2;
2026/06/27;1500 UTC;0;1008,1;1008,8;1008,1;2919,3;30,9;23,4;31,4;29,9;24,3;22,7;69;61;64;67;5,8;2,7;
2026/06/27;1600 UTC;0;1007,4;1008,1;1007,4;2989,1;31,8;23,1;31,8;30,7;24;22,5;65;60;60;81;6,7;2,8;
2026/06/27;1700 UTC;0;1006,5;1007,5;1006,5;1249;31,5;23,1;32;31;24;22,5;64;58;61;75;6,7;2,4;
2026/06/27;1800 UTC;0;1005,2;1006,5;1005,1;792,8;32,4;22,7;32,4;31,3;24,1;22,4;64;57;57;62;5,8;2,1;
2026/06/27;1900 UTC;2;1005,5;1005,8;1004,8;586,4;25,6;23,5;32,5;25,6;23,8;22;88;56;88;53;11;4,2;
2026/06/27;2000 UTC;0;1005,1;1005,5;1004,9;181,6;26,8;22,9;26,8;25,6;23,8;22,7;89;78;79;58;9,1;2,1;
2026/06/27;2100 UTC;0;1004,9;1005,2;1004,9;209;27,2;23;27,4;26,8;23,1;22,2;80;73;78;91;4,5;1,5;
2026/06/27;2200 UTC;0;1005,4;1005,4;1004,8;57,5;26,7;23,2;27,2;26,7;23,5;22,9;82;78;81;87;4,6;1,4;
2026/06/27;2300 UTC;0;1006,4;1006,4;1005,4;0;26,8;23;26,9;26,7;23,4;23;82;79;79;67;3,4;1,7;
2026/06/28;0000 UTC;0;1006,7;1006,7;1006,3;0;26,8;23,3;27;26,7;23,3;23;82;79;81;117;3,2;,8;
2026/06/28;0100 UTC;0;1007,5;1007,5;1006,7;0;26,8;24,1;27,1;26,8;24,1;23,2;85;81;85;133;4;1,4;
2026/06/28;0200 UTC;0;1007,6;1007,6;1007,5;0;26,4;23,3;26,8;26,3;24,1;23,1;85;82;83;103;4;1,2;
2026/06/28;0300 UTC;0;1007,7;1007,8;1007,6;0;26,1;23,5;26,4;26,1;23,5;23,2;86;83;86;108;3,6;1;
2026/06/28;0400 UTC;0;1007,8;1007,8;1007,7;0;26,1;23,7;26,1;26;23,7;23,4;87;86;86;109;3,6;1;
2026/06/28;0500 UTC;0;1007,5;1007,8;1007,5;0;26,1;23,9;26,2;26;23,9;23,7;88;86;88;82;2,7;1,2;
2026/06/28;0600 UTC;0;1006,8;1007,5;1006,8;0;25,8;24;26,1;25,6;24;23,9;91;88;90;75;2,4;1,2;
2026/06/28;0700 UTC;0;1006,2;1006,8;1006,2;0;25,6;23,9;25,9;25,4;24;23,8;91;89;91;119;2,1;,8;
2026/06/28;0800 UTC;0;1006,1;1006,3;1006,1;0;25,7;23,9;25,8;25,6;24;23,8;91;89;90;102;2,2;,6;
2026/06/28;0900 UTC;0;1006,7;1006,7;1006,1;,1;25,8;24,1;26;25,7;24,1;23,9;90;89;90;105;2,1;,8;
2026/06/28;1000 UTC;0;1007,2;1007,2;1006,7;0;25,6;24,3;25,8;25,5;24,3;24,1;93;90;92;85;1,7;,4;
2026/06/28;1100 UTC;0;1007,7;1007,7;1007,1;96,8;26,3;24,6;26,3;25,6;24,6;24,2;93;90;91;58;1,6;,9;
2026/06/28;1200 UTC;0;1008;1008;1007,7;557,9;28,6;24,7;28,8;26,3;25,3;24,3;91;80;80;78;2;,8;
2026/06/28;1300 UTC;0;1008,9;1008,9;1008;1343,1;29;23,9;29,3;27,8;24,7;23,4;81;72;74;62;4,9;2,2;
2026/06/28;1400 UTC;0;1008,8;1009;1008,8;804,1;28,8;23,7;29;28,5;23,9;23,2;76;72;74;81;5,5;2,3;
2026/06/28;1500 UTC;0;1008,4;1008,8;1008,4;1465,8;29,9;23,8;29,9;28,5;24,1;23,2;75;69;70;75;5,6;2,5;
2026/06/28;1600 UTC;0;1007,4;1008,4;1007,4;1686,6;28,9;24,7;30,5;28,1;24,7;23;79;67;78;72;6;2;
2026/06/28;1700 UTC;0;1005,9;1007,4;1005,9;1340,9;30;24,4;31,2;28,9;24,7;23,3;78;64;72;81;5,9;2,5;
2026/06/28;1800 UTC;0;1004,8;1005,9;1004,8;706,5;29,2;23;31;28,3;24,3;22,3;76;65;70;49;6,9;2,3;
2026/06/28;1900 UTC;0;1003,7;1004,8;1003,7;323,5;31,2;23,5;31,2;29,2;24,2;22,7;71;63;64;70;5;2;
2026/06/28;2000 UTC;0;1003,5;1003,8;1003,4;343,6;30,2;22,8;31,3;30,2;23,4;22,6;65;61;65;91;6;2,5;
2026/06/28;2100 UTC;0;1004;1004;1003,5;164,3;29,7;23,5;30,2;29,7;23,5;22,8;69;65;69;64;4,8;1,8;
2026/06/28;2200 UTC;,2;1004,4;1004,4;1004;95,7;28,1;23,5;29,7;27,5;24,4;23,4;82;69;76;73;4,9;1,3;
2026/06/28;2300 UTC;0;1005;1005;1004,3;,4;28,1;23;28,2;27,6;23,3;22,7;78;72;74;82;2,9;1;
2026/06/29;0000 UTC;0;1005,6;1005,6;1005;0;27,7;23,2;28,1;27,7;23,2;22,7;77;73;77;82;2,7;,8;
2026/06/29;0100 UTC;0;1006,6;1006,6;1005,6;0;26,6;23,7;27,7;26,6;23,7;23,2;84;77;84;87;1,7;,4;
2026/06/29;0200 UTC;0;1007,5;1007,5;1006,6;0;27,8;24,3;27,8;26,6;24,3;23,7;84;79;81;100;2,7;1,2;
2026/06/29;0300 UTC;0;1007,3;1007,5;1007,2;0;27,3;24,8;27,8;27,3;24,8;24,3;86;81;86;120;2,7;1;
2026/06/29;0400 UTC;0;1007,2;1007,5;1007,1;0;27;24,7;27,3;26,9;24,9;24,6;88;86;87;103;2,6;1,1;
2026/06/29;0500 UTC;0;1006,6;1007,3;1006,6;0;27,1;24,6;27,2;27;24,8;24,5;88;86;86;138;2,7;,8;
2026/06/29;0600 UTC;0;1005,9;1006,6;1005,9;0;26,9;24,6;27;26,6;24,7;24,5;89;86;87;139;2,3;1;
2026/06/29;0700 UTC;0;1006,1;1006,3;1005,6;,1;25,8;22,5;27;25,8;24,6;22,5;87;81;82;70;7,6;2,9;
2026/06/29;0800 UTC;6;1006;1006,3;1005,9;,1;24;22,8;25,7;23,4;22,8;22,4;94;83;93;85;11,2;1,7;
2026/06/29;0900 UTC;,6;1006,8;1006,8;1006;0;24,5;23,4;24,5;23,9;23,5;22,8;95;93;94;111;5,4;1,4;
2026/06/29;1000 UTC;10,8;1007,3;1007,4;1006,8;0;23,3;22,6;24,6;23,2;23,2;22,4;96;90;96;82;7,2;2,8;
2026/06/29;1100 UTC;4,8;1006,8;1007,3;1006,6;68,9;23,6;22,8;23,6;23;22,8;22,1;96;94;95;169;6,2;,5;
2026/06/29;1200 UTC;0;1007,6;1007,6;1006,8;425,3;25,1;23,3;25,1;23,6;23,5;22,7;96;88;90;147;1,8;,4;
2026/06/29;1300 UTC;0;1007,6;1007,7;1007,6;734,7;27,4;23,5;27,4;25;23,8;22,7;90;78;79;96;2,5;1;
2026/06/29;1400 UTC;0;1007,9;1008;1007,6;1220,4;28,6;23,3;28,7;27,1;24,2;22,9;82;72;73;84;3,5;1,7;
2026/06/29;1500 UTC;0;1007,4;1007,9;1007,4;2036,4;30,8;23,9;30,8;28,2;24;22,8;75;66;67;75;4,5;1,9;
2026/06/29;1600 UTC;0;1006,5;1007,4;1006,5;2886,9;31,1;23,4;31,1;29,8;23,9;22,2;67;62;64;66;6;2,5;
2026/06/29;1700 UTC;0;1005,4;1006,5;1005,4;1438;30,9;23,1;31,5;30,6;24,3;22,9;67;62;63;111;6,7;2,3;
2026/06/29;1800 UTC;0;1004,3;1005,4;1004,3;752,4;31,3;23,1;31,9;30,8;24;22,8;65;60;62;77;7,1;3,7;
2026/06/29;1900 UTC;0;1002,9;1004,4;1002,9;301,5;31,4;23;31,8;31,1;23,5;22,5;63;59;61;81;6,9;2,8;
2026/06/29;2000 UTC;0;1002,7;1003;1002,6;187,7;31;22,9;31,6;30,7;23,6;22,5;65;60;62;94;6,6;2,4;
2026/06/29;2100 UTC;0;1002,8;1003;1002,7;96,6;30,4;22,9;31;30,4;23,5;22,6;65;62;64;76;7,5;2,4;
2026/06/29;2200 UTC;0;1003,3;1003,3;1002,8;33;29,8;22,9;30,4;29,8;23,3;22,6;67;64;67;69;4,8;1,5;
2026/06/29;2300 UTC;0;1003,7;1003,8;1003,3;0;29,3;23,1;29,9;29,2;23,2;22,9;70;66;70;67;3,2;1,2;
2026/06/30;0000 UTC;0;1004,7;1004,7;1003,7;0;27,9;23,6;29,3;27,9;23,9;23,1;78;70;77;200;4,4;1,3;
2026/06/30;0100 UTC;0;1005,8;1005,8;1004,7;0;27,5;23,8;27,9;27,3;23,8;23,4;81;77;81;186;4,2;1,6;
2026/06/30;0200 UTC;1,4;1006,4;1006,5;1005,8;0;25,8;24,2;27,5;25,8;24,3;23,8;91;81;91;133;4,3;,9;
2026/06/30;0300 UTC;0;1006,6;1006,7;1006,3;,7;25,9;23,4;26,1;25,5;24,2;23,2;92;85;86;117;3,8;,8;
2026/06/30;0400 UTC;0;1006,1;1006,6;1006,1;1,6;25,9;23,6;26,2;25,4;23,8;23,3;90;84;87;113;2,4;,6;
2026/06/30;0500 UTC;0;1005,8;1006,1;1005,8;,8;26;23,9;26,2;25,7;23,9;23,4;89;85;88;72;2;,5;
2026/06/30;0600 UTC;0;1005,1;1005,8;1005,1;,6;26,2;23,9;26,2;25,9;24;23,7;88;87;87;107;1,5;,6;
2026/06/30;0700 UTC;0;1004,9;1005,1;1004,5;0;25,4;24;26,2;25,3;24,1;23,8;92;87;92;26;1,3;,3;
2026/06/30;0800 UTC;0;1004,6;1005;1004,6;0;25,3;24;25,4;25,3;24,2;24;93;92;92;277;,9;,2;
2026/06/30;0900 UTC;0;1005;1005,1;1004,6;0;25,2;24,1;25,4;25,1;24,1;23,9;94;92;94;315;1;,2;
2026/06/30;1000 UTC;0;1005,5;1005,6;1005;0;25;24,1;25,2;25;24,2;24;95;94;95;;,7;,1;
2026/06/30;1100 UTC;0;1006,3;1006,4;1005,5;41,9;25,7;24,2;25,7;24,9;24,4;24,1;95;92;92;36;2;,8;
2026/06/30;1200 UTC;1,8;1008;1008;1006,3;224;23,7;21,7;26,6;23,7;24,6;21,7;92;82;88;77;8,6;4,1;
2026/06/30;1300 UTC;,2;1008,1;1008,1;1007,8;707,9;26,3;22,9;26,3;23,4;23;21,8;93;82;82;64;8,6;3,4;
2026/06/30;1400 UTC;0;1008,1;1008,2;1007,9;2139,2;27,1;22,6;27,2;26,2;23;22,2;81;76;77;72;8,1;3,3;
2026/06/30;1500 UTC;0;1007,7;1008,2;1007,7;983,6;27,7;23;27,8;26,8;23,2;22,2;78;75;76;89;7,3;2,5;
2026/06/30;1600 UTC;0;1006,8;1007,7;1006,8;935,5;28,1;23;28,2;27,4;23,3;22,6;76;74;74;54;5,7;2,8;
2026/06/30;1700 UTC;0;1005,8;1006,8;1005,8;1280,9;29,4;23,3;29,4;28;23,4;22,3;75;68;70;57;6,1;2,4;
2026/06/30;1800 UTC;0;1004,6;1005,8;1004,6;1019;29,5;23,2;30;28,8;24;22,5;72;66;69;72;5,2;2,3;
2026/06/30;1900 UTC;0;1003,2;1004,6;1003,2;614;29,9;23;30,6;29,3;23,8;22,3;70;64;67;75;5,7;2,2;
2026/06/30;2000 UTC;0;1002,8;1003,2;1002,8;331,6;28,9;22,7;30;28,9;23,4;22,3;70;65;69;77;5,3;2,2;
2026/06/30;2100 UTC;0;1003;1003,1;1002,8;291,5;28,8;22,9;29,2;28,8;23,2;22,6;71;68;71;89;4,4;1,9;
2026/06/30;2200 UTC;0;1003,5;1003,5;1003;81,6;28,2;23,2;28,8;28,2;23,3;22,8;75;70;74;60;3,7;1,3;
2026/06/30;2300 UTC;0;1003,8;1003,8;1003,4;,1;27,7;23,3;28,2;27,7;23,4;23,2;77;74;77;59;2,6;,9;
